{
    "fdInfo": {
        "eName": "Purpose", 
        "cName": "目的", 
        "des": "指致动者要达到一个目标，或者一个目的，已经造成或者是用来让创造者或用户达到一个目标。目标是一个目前还没有得到，但致动者想要实现，并正在规划和/或进行的情形。在某些情况下，是很难决定是否用名词短语代替致动者或手段（如，决定[这篇文章/研讨会/工程]的目标）在第一层我们标出短语作为致动者，在第二诠释层加注他们作为手段。在某些情况下对目标事务的限制可以放在突出位置，作为一个单独的组成部分。谈到具体的目标，包括经常提到的一个与致动者的目标有关的领域。"
    }, 
    "element": [
        {
            "abbrName": "attr", 
            "eName": "Attribute", 
            "isMapped": true, 
            "cName": "属性", 
            "isCore": true, 
            "def": "该框架元素表示致动者的目标具备或达到某个特定的值的属性。"
        }, 
        {
            "abbrName": "value", 
            "eName": "Value", 
            "isMapped": true, 
            "cName": "值", 
            "isCore": true, 
            "def": "该框架元素表示致动者想让属性达到的值。"
        }, 
        {
            "abbrName": "agt", 
            "eName": "Agent", 
            "isMapped": true, 
            "cName": "施动者", 
            "isCore": true, 
            "def": "指想要实现目标又有意志力的人。"
        }, 
        {
            "abbrName": "goal", 
            "eName": "Goal", 
            "isMapped": true, 
            "cName": "终点", 
            "isCore": true, 
            "def": "指致动者想要达到的行为或事务的状态。"
        }, 
        {
            "abbrName": "mns", 
            "eName": "Means", 
            "isMapped": true, 
            "cName": "方法", 
            "isCore": true, 
            "def": "指为达到某一特定目标而使用或设计的一种方法。"
        }, 
        {
            "abbrName": "dom", 
            "eName": "Domain", 
            "isMapped": true, 
            "cName": "领域", 
            "isCore": false, 
            "def": "该框架元素表示致动者的目标的行为范围。"
        }, 
        {
            "abbrName": "restric", 
            "eName": "Restrictor", 
            "isMapped": true, 
            "cName": "限制", 
            "isCore": false, 
            "def": "该框架元素表示实现目标的一个相对的空间或时间或个别有关的限制。一个目标可以有多个限制。"
        }, 
        {
            "abbrName": "time", 
            "eName": "Time", 
            "isMapped": true, 
            "cName": "时间", 
            "isCore": false, 
            "def": "Time "
        }
    ], 
    "lexElmt": [
        {
            "word": "打算", 
            "POS": "v"
        }, 
        {
            "word": "计划", 
            "POS": "n"
        }, 
        {
            "word": "计划", 
            "POS": "v"
        }, 
        {
            "word": "力求", 
            "POS": "v"
        }, 
        {
            "word": "力图", 
            "POS": "v"
        }, 
        {
            "word": "目标", 
            "POS": "n"
        }, 
        {
            "word": "目的", 
            "POS": "n"
        }, 
        {
            "word": "意图", 
            "POS": "n"
        }, 
        {
            "word": "针对", 
            "POS": "v"
        }, 
        {
            "word": "旨在", 
            "POS": "v"
        }, 
        {
            "word": "宗旨", 
            "POS": "n"
        }
    ], 
    "frameId": 269
}