{
    "fdInfo": {
        "eName": "Birth_scenario", 
        "cName": "出生场景", 
        "des": "母亲和父亲（总称为父母）生育后代。该事件发生在特定的时间和地点。"
    }, 
    "element": [
        {
            "abbrName": "fa", 
            "eName": "Father", 
            "isMapped": true, 
            "cName": "父亲", 
            "isCore": true, 
            "def": "繁衍后代的男性。"
        }, 
        {
            "abbrName": "mom", 
            "eName": "Mother", 
            "isMapped": true, 
            "cName": "母亲", 
            "isCore": true, 
            "def": "繁衍后代的女性。"
        }, 
        {
            "abbrName": "offspr", 
            "eName": "Offspring", 
            "isMapped": true, 
            "cName": "后代", 
            "isCore": true, 
            "def": "父母亲生育的生命体。"
        }, 
        {
            "abbrName": "parents", 
            "eName": "Parents", 
            "isMapped": true, 
            "cName": "父母", 
            "isCore": true, 
            "def": "母亲和父亲的总称。"
        }, 
        {
            "abbrName": "manr", 
            "eName": "Manner", 
            "isMapped": true, 
            "cName": "方式", 
            "isCore": false, 
            "def": "出生事件发生的方式。"
        }, 
        {
            "abbrName": "place", 
            "eName": "Place", 
            "isMapped": true, 
            "cName": "处所", 
            "isCore": false, 
            "def": "后代出生的地点。"
        }, 
        {
            "abbrName": "time", 
            "eName": "Time", 
            "isMapped": true, 
            "cName": "时间", 
            "isCore": false, 
            "def": "后代出生的时间。"
        }
    ], 
    "lexElmt": [], 
    "frameId": 472
}