{
    "fdInfo": {
        "eName": "Becoming", 
        "cName": "成为", 
        "des": "一个实体达到某一状态（终状态）或进入一个新范畴（终范畴）。"
    }, 
    "element": [
        {
            "abbrName": "ent", 
            "eName": "Entity", 
            "isMapped": true, 
            "cName": "实体", 
            "isCore": true, 
            "def": "经历变化，以终状态或终范畴结束的实体。"
        }, 
        {
            "abbrName": "finc", 
            "eName": "Final_category", 
            "isMapped": true, 
            "cName": "终范畴", 
            "isCore": false, 
            "def": "实体经历变化以后所属的新范畴。"
        }, 
        {
            "abbrName": "fin_s", 
            "eName": "Final_state", 
            "isMapped": true, 
            "cName": "终状态", 
            "isCore": false, 
            "def": "变化结束时实体所处的状态。"
        }, 
        {
            "abbrName": "circ", 
            "eName": "Circumstances", 
            "isMapped": true, 
            "cName": "环境条件", 
            "isCore": false, 
            "def": "实体进入终状态或终范畴的背景环境。"
        }, 
        {
            "abbrName": "i_state", 
            "eName": "Initial_state", 
            "isMapped": true, 
            "cName": "初状态", 
            "isCore": false, 
            "def": "实体在事件发生前的状态。"
        }, 
        {
            "abbrName": "dur_fin_st", 
            "eName": "Duration_of_final_state", 
            "isMapped": true, 
            "cName": "结果时量", 
            "isCore": false, 
            "def": "实体处于终状态或终范畴的时间长度。"
        }, 
        {
            "abbrName": "manr", 
            "eName": "Manner", 
            "isMapped": true, 
            "cName": "方式", 
            "isCore": false, 
            "def": "该元素是一个杂类，它们无法归入以上各类非核心元素，笼统归入该元素。注意，修饰元素是对事件本身的描述，而不是对参与者或者话语环境的描述。包括表示主观认识的修饰语（大概，不可思议），表示容易程度的词语（容易、难以），等等。"
        }, 
        {
            "abbrName": "place", 
            "eName": "Place", 
            "isMapped": true, 
            "cName": "处所", 
            "isCore": false, 
            "def": "变化产生的地点。"
        }, 
        {
            "abbrName": "Expl", 
            "eName": "Explanation", 
            "isMapped": true, 
            "cName": "原因", 
            "isCore": false, 
            "def": "引起的实体发生变化的原因。"
        }, 
        {
            "abbrName": "time", 
            "eName": "Time", 
            "isMapped": true, 
            "cName": "时间", 
            "isCore": false, 
            "def": "变化产生的时间。\r\n"
        }, 
        {
            "abbrName": "trans_period", 
            "eName": "Transitional_period", 
            "isMapped": true, 
            "cName": "过渡期", 
            "isCore": false, 
            "def": "实体由初状态变为终状态或进入终范畴所经历的时间段。 \r\n"
        }, 
        {
            "abbrName": "init_cate", 
            "eName": "Initial_category", 
            "isMapped": true, 
            "cName": "初始分类", 
            "isCore": false, 
            "def": "This FE describes the category of the Entity before becoming occurs."
        }, 
        {
            "abbrName": "grp", 
            "eName": "Group", 
            "isMapped": true, 
            "cName": "组合", 
            "isCore": false, 
            "def": "The individual entities related to the Entity which are saliently affected by its change."
        }
    ], 
    "lexElmt": [
        {
            "word": "变", 
            "POS": "v"
        }, 
        {
            "word": "变成", 
            "POS": "v"
        }, 
        {
            "word": "变得", 
            "POS": "v"
        }, 
        {
            "word": "变为", 
            "POS": "v"
        }, 
        {
            "word": "成", 
            "POS": "v"
        }, 
        {
            "word": "成为", 
            "POS": "v"
        }, 
        {
            "word": "化为", 
            "POS": "v"
        }, 
        {
            "word": "化作", 
            "POS": "v"
        }
    ], 
    "frameId": 35
}