{
    "fdInfo": {
        "eName": "Successful_action", 
        "cName": "成败行为", 
        "des": "该框架指的是某一非特指的施动者（主体）为实现某一目标而实施的方法行为，该方法行为已完成且其实际结果也已知，因此，该方法行为要么被明确认定为是符合主体的意图（如“成功”）要么被明确认定为是不符合主体的意图（如“失败”）。在其他的识解中，工具可代指施动者为实现某个目标而采用的方法行为。"
    }, 
    "element": [
        {
            "abbrName": "gl", 
            "eName": "Goal", 
            "isMapped": true, 
            "cName": "目标", 
            "isCore": true, 
            "def": "目标是施动者通过实行某方法行为试图去实现的。"
        }, 
        {
            "abbrName": "instru", 
            "eName": "Instrument", 
            "isMapped": true, 
            "cName": "工具", 
            "isCore": true, 
            "def": "作为方法行为的某一部分，施动者为实现目标所使用的某个实体。"
        }, 
        {
            "abbrName": "mns", 
            "eName": "Means", 
            "isMapped": true, 
            "cName": "方法", 
            "isCore": true, 
            "def": "施动者为实现某一目标采取的行为。"
        }, 
        {
            "abbrName": "role", 
            "eName": "Role", 
            "isMapped": true, 
            "cName": "身份", 
            "isCore": true, 
            "def": "工具或方法在某事件或某类事件中的功能。"
        }, 
        {
            "abbrName": "circ", 
            "eName": "Circumstances", 
            "isMapped": true, 
            "cName": "环境条件", 
            "isCore": false, 
            "def": "框架元素环境条件设定了某个场景，该场景常为时间方面的或空间方面的。 在该场景中，目标词所表达的行为进行了。"
        }, 
        {
            "abbrName": "degr", 
            "eName": "Degree", 
            "isMapped": true, 
            "cName": "程度", 
            "isCore": false, 
            "def": "该框架元素指的是应用某一方法或工具成功的程度。"
        }, 
        {
            "abbrName": "expla", 
            "eName": "Explanation", 
            "isMapped": true, 
            "cName": "解释", 
            "isCore": false, 
            "def": "解释是指可对成功或者失败进行逻辑推理的某一命题。这经常意味着解释导致了成功或者失败，但并非所有情况都是如此。"
        }, 
        {
            "abbrName": "place", 
            "eName": "Place", 
            "isMapped": true, 
            "cName": "处所", 
            "isCore": false, 
            "def": "方法行为成功或失败的空间场所。"
        }, 
        {
            "abbrName": "prot", 
            "eName": "Protagonist", 
            "isMapped": true, 
            "cName": "主体", 
            "isCore": false, 
            "def": "主体指某个未被介绍的个体尝试通过某项方法行为来实现某个目标，其行为可能包含使用某个工具。"
        }, 
        {
            "abbrName": "time", 
            "eName": "Time", 
            "isMapped": true, 
            "cName": "时间", 
            "isCore": false, 
            "def": "该框架元素描述了某项尝试成功或失败发生的时间。"
        }, 
        {
            "abbrName": "exp", 
            "eName": "Explanation", 
            "isMapped": true, 
            "cName": "解释", 
            "isCore": false, 
            "def": " The Explanation denotes a proposition from which the success or failure logically follows. This often means that the Explanation causes the success or  failure, but not in all cases.\n\n\n The attempt failed because of John's repeated interference.."
        }, 
        {
            "abbrName": "con", 
            "eName": "Containing_event", 
            "isMapped": true, 
            "cName": "包含事件", 
            "isCore": false, 
            "def": "This FE denotes an event or state of affairs that occurs or holds at a time that includes the time during which the success or failure reported by the target occurs and of which the success or failure is taken to be a part\n\nThis argument succeeded in Waltons-Morse v Dorrington where a non-smoking secretary claimed she was forced to work in a smoke-filled office. "
        }
    ], 
    "lexElmt": [
        {
            "word": "成", 
            "POS": "v"
        }, 
        {
            "word": "成功", 
            "POS": "a"
        }, 
        {
            "word": "成事", 
            "POS": "v"
        }, 
        {
            "word": "得逞", 
            "POS": "v"
        }, 
        {
            "word": "得计", 
            "POS": "v"
        }, 
        {
            "word": "搞定", 
            "POS": "v"
        }, 
        {
            "word": "搞砸", 
            "POS": "v"
        }, 
        {
            "word": "落空", 
            "POS": "v"
        }, 
        {
            "word": "泡汤", 
            "POS": "v"
        }, 
        {
            "word": "泡影", 
            "POS": "v"
        }, 
        {
            "word": "失败", 
            "POS": "v"
        }, 
        {
            "word": "失利", 
            "POS": "v"
        }, 
        {
            "word": "失守", 
            "POS": "v"
        }, 
        {
            "word": "失陷", 
            "POS": "v"
        }
    ], 
    "frameId": 379
}