{
    "fdInfo": {
        "eName": "Successfully_communicate_message", 
        "cName": "成功传达信息", 
        "des": "信息传递者向某个信息接收者讲话，其方式使得信息接收者能够理解并且充分领悟该话语信息的真值和/或相关性。"
    }, 
    "element": [
        {
            "abbrName": "add", 
            "eName": "Addressee", 
            "isMapped": true, 
            "cName": "信息接收者", 
            "isCore": true, 
            "def": "信息接收者从信息传递者那里获得信息。"
        }, 
        {
            "abbrName": "communi", 
            "eName": "Communicator", 
            "isMapped": true, 
            "cName": "信息传递者", 
            "isCore": true, 
            "def": "以口语或书面语形式向他人传达信息的人。"
        }, 
        {
            "abbrName": "medium", 
            "eName": "Medium", 
            "isMapped": true, 
            "cName": "媒介", 
            "isCore": true, 
            "def": "信息被传达时所处的物质的或者抽象的载体。"
        }, 
        {
            "abbrName": "msg", 
            "eName": "Message", 
            "isMapped": true, 
            "cName": "信息", 
            "isCore": true, 
            "def": "信息是信息传递者想要信息接收者相信或认为是理所当然的某个命题或一组命题。"
        }, 
        {
            "abbrName": "ade", 
            "eName": "Adequacy", 
            "isMapped": true, 
            "cName": "充分性", 
            "isCore": false, 
            "def": "信息传递者努力使信息接收者明白和领会某个信息有效程度。"
        }, 
        {
            "abbrName": "depic", 
            "eName": "Depictive", 
            "isMapped": true, 
            "cName": "形容", 
            "isCore": false, 
            "def": "形容描述的是信息传递者的状态。"
        }, 
        {
            "abbrName": "manr", 
            "eName": "Manner", 
            "isMapped": true, 
            "cName": "方式", 
            "isCore": false, 
            "def": "信息传递者传达信息的方式。"
        }, 
        {
            "abbrName": "mns", 
            "eName": "Means", 
            "isMapped": true, 
            "cName": "方法", 
            "isCore": false, 
            "def": "信息传递者传达信息的方法。"
        }, 
        {
            "abbrName": "time", 
            "eName": "Time", 
            "isMapped": true, 
            "cName": "时间", 
            "isCore": false, 
            "def": "信息交流发生的时间。"
        }
    ], 
    "lexElmt": [
        {
            "word": "表白", 
            "POS": "v"
        }, 
        {
            "word": "表露", 
            "POS": "v"
        }, 
        {
            "word": "表明", 
            "POS": "v"
        }, 
        {
            "word": "表现", 
            "POS": "v"
        }, 
        {
            "word": "懂", 
            "POS": "v"
        }, 
        {
            "word": "懂得", 
            "POS": "v"
        }, 
        {
            "word": "理解", 
            "POS": "v"
        }, 
        {
            "word": "明白", 
            "POS": "v"
        }, 
        {
            "word": "明确", 
            "POS": "v"
        }, 
        {
            "word": "明示", 
            "POS": "v"
        }, 
        {
            "word": "明说", 
            "POS": "v"
        }, 
        {
            "word": "明晓", 
            "POS": "v"
        }, 
        {
            "word": "说穿", 
            "POS": "v"
        }, 
        {
            "word": "说开", 
            "POS": "v"
        }, 
        {
            "word": "说明", 
            "POS": "v"
        }, 
        {
            "word": "说破", 
            "POS": "v"
        }
    ], 
    "frameId": 380
}