{
    "fdInfo": {
        "eName": "Measure_area", 
        "cName": "面积测量", 
        "des": "该透明名词框架涉及对某一区域面积进行测量的计量单位。"
    }, 
    "element": [
        {
            "abbrName": "area", 
            "eName": "Area", 
            "isMapped": true, 
            "cName": "区域", 
            "isCore": true, 
            "def": "表面面积被测量的地区。"
        }, 
        {
            "abbrName": "count", 
            "eName": "Count", 
            "isMapped": true, 
            "cName": "数量", 
            "isCore": true, 
            "def": "计量单位的数量。"
        }, 
        {
            "abbrName": null, 
            "eName": "Occupant", 
            "isMapped": true, 
            "cName": "占据物", 
            "isCore": true, 
            "def": "占据被测量区域的东西。"
        }, 
        {
            "abbrName": "unit", 
            "eName": "Unit", 
            "isMapped": true, 
            "cName": "计量单位", 
            "isCore": true, 
            "def": "测量面积的计量单位。"
        }
    ], 
    "lexElmt": [
        {
            "word": "公顷", 
            "POS": "n"
        }, 
        {
            "word": "亩", 
            "POS": "n"
        }, 
        {
            "word": "平方米", 
            "POS": "n"
        }, 
        {
            "word": "英亩", 
            "POS": "n"
        }
    ], 
    "frameId": 502
}