{
    "fdInfo": {
        "eName": "Simple_name", 
        "cName": "名称", 
        "des": "该框架指的是讲话者按惯例指代一类实体的语言符号，也成术语。"
    }, 
    "element": [
        {
            "abbrName": "ent", 
            "eName": "Entity", 
            "isMapped": true, 
            "cName": "实体", 
            "isCore": true, 
            "def": "传统上用术语指称的实体类型。"
        }, 
        {
            "abbrName": "tm", 
            "eName": "Term", 
            "isMapped": true, 
            "cName": "术语", 
            "isCore": true, 
            "def": "用于指称一类实体的语言符号。"
        }, 
        {
            "abbrName": "spkr", 
            "eName": "Speaker", 
            "isMapped": true, 
            "cName": "说话者", 
            "isCore": false, 
            "def": "使用术语指代一特定实体的讲话者或言语社区。"
        }
    ], 
    "lexElmt": [
        {
            "word": "称号", 
            "POS": "n"
        }, 
        {
            "word": "词", 
            "POS": "n"
        }, 
        {
            "word": "叫名", 
            "POS": "n"
        }, 
        {
            "word": "名称", 
            "POS": "n"
        }, 
        {
            "word": "术语", 
            "POS": "n"
        }, 
        {
            "word": "说法", 
            "POS": "n"
        }
    ], 
    "frameId": 395
}