{
    "fdInfo": {
        "eName": "Run_risk", 
        "cName": "冒险", 
        "des": "某主体暴露在潜在危险情形中，对其而言，该情形可能导致不良后果。有丢失危险的价值体可能会指代不良后果。主体是否有意将自己暴露于危险的情形之中无从知晓。主体可能企图实现某种目的，包括置身于危险情形中。其中的风险的严重程度也可能被表示出来。注释：该框架目前还在修订当中，所以“风险”（名词）中的一些例子将会被移至“危局”这一框架中，也可能会被移至框架“危险情形”中。在框架“危局”中，“风险”几乎总是“在”引导的介词短语，其外部论元是“价值体”。“风险”在“危险情形”中情形包括以下几种情况：但以下情况不包括在内（有此可能性；仍在讨论中）：最有可能发生的风险是我们的基础设施无法承担负荷。在“危险情形”这一框架中，外部论元是“情形”，“不良后果”并未表现。就“他愿冒死为他的国家”这句而言，动词“冒死”仍在“冒险”这个框架中。建“冒…的风险”这个构式也将会保留在“冒险”框架中。"
    }, 
    "element": [
        {
            "abbrName": "action", 
            "eName": "Action", 
            "isMapped": true, 
            "cName": "行为", 
            "isCore": true, 
            "def": "制造风险的行为。"
        }, 
        {
            "abbrName": "asset", 
            "eName": "Asset", 
            "isMapped": true, 
            "cName": "价值体", 
            "isCore": true, 
            "def": "被主体拥有或与主体直接相关的某物，该物可能会丢失或被损坏。"
        }, 
        {
            "abbrName": "badotcm", 
            "eName": "Bad_outcome", 
            "isMapped": true, 
            "cName": "不良后果", 
            "isCore": true, 
            "def": "主体想避免的情形。"
        }, 
        {
            "abbrName": "prot", 
            "eName": "Protagonist", 
            "isMapped": true, 
            "cName": "主体", 
            "isCore": true, 
            "def": "承担不良后果风险的人。"
        }, 
        {
            "abbrName": "benef", 
            "eName": "Beneficiary", 
            "isMapped": true, 
            "cName": "受益人", 
            "isCore": false, 
            "def": "主体试图通过他或她的行为以某种方式让受益人受益。"
        }, 
        {
            "abbrName": "circ", 
            "eName": "Circumstances", 
            "isMapped": true, 
            "cName": "环境条件", 
            "isCore": false, 
            "def": "环境条件指危险情形下的事态。"
        }, 
        {
            "abbrName": "expla", 
            "eName": "Explanation", 
            "isMapped": true, 
            "cName": "解释", 
            "isCore": false, 
            "def": "解释是要说明主体将价值体置于危险情形中的原因。"
        }, 
        {
            "abbrName": "freq", 
            "eName": "Frequency", 
            "isMapped": true, 
            "cName": "频率", 
            "isCore": false, 
            "def": "主体承担风险的频率。"
        }, 
        {
            "abbrName": "Ite", 
            "eName": "Iterations", 
            "isMapped": true, 
            "cName": "次数", 
            "isCore": false, 
            "def": "主体使价值体处于风险中的次数。"
        }, 
        {
            "abbrName": "place", 
            "eName": "Place", 
            "isMapped": true, 
            "cName": "处所", 
            "isCore": false, 
            "def": "有风险的地方。"
        }, 
        {
            "abbrName": "purp", 
            "eName": "Purpose", 
            "isMapped": true, 
            "cName": "目的", 
            "isCore": false, 
            "def": "主体希望引起的预期行为或目的。"
        }, 
        {
            "abbrName": "sever", 
            "eName": "Severity", 
            "isMapped": true, 
            "cName": "严重程度", 
            "isCore": false, 
            "def": "主体发生坏事情的可能性。"
        }, 
        {
            "abbrName": "time", 
            "eName": "Time", 
            "isMapped": true, 
            "cName": "时间", 
            "isCore": false, 
            "def": "风险发生的时间。"
        }
    ], 
    "lexElmt": [
        {
            "word": "冒", 
            "POS": "v"
        }, 
        {
            "word": "冒死", 
            "POS": "v"
        }, 
        {
            "word": "冒险", 
            "POS": "v"
        }
    ], 
    "frameId": 456
}