{
    "fdInfo": {
        "eName": "Change_of_consistency", 
        "cName": "密度变化", 
        "des": "在这个框架中，经历体改变的是密度，可能包含有起始态和结果。"
    }, 
    "element": [
        {
            "abbrName": "Pat", 
            "eName": "Patient", 
            "isMapped": true, 
            "def_eng": "Patient is the entity that undergoes a change.   The blood congealed. The liquid gelled into a semi-solid mass. ", 
            "cName": "经历体", 
            "isCore": true, 
            "def": "经历体是促成变化的实体。"
        }, 
        {
            "abbrName": "circ", 
            "eName": "Circumstances", 
            "isMapped": true, 
            "cName": "环境条件", 
            "isCore": false, 
            "def": "密度发生变化的环境。"
        }, 
        {
            "abbrName": "degr", 
            "eName": "Degree", 
            "isMapped": true, 
            "cName": "程度", 
            "isCore": false, 
            "def": "经历体密度变化的程度。"
        }, 
        {
            "abbrName": "i_state", 
            "eName": "Initial_state", 
            "isMapped": true, 
            "cName": "初状态", 
            "isCore": false, 
            "def": "经历体当初的状态。"
        }, 
        {
            "abbrName": "manr", 
            "eName": "Manner", 
            "isMapped": true, 
            "cName": "方式", 
            "isCore": false, 
            "def": "经历体密度变化的方式。"
        }, 
        {
            "abbrName": "place", 
            "eName": "Place", 
            "isMapped": true, 
            "cName": "处所", 
            "isCore": false, 
            "def": "经历体密度变化的地点。"
        }, 
        {
            "abbrName": "Exp", 
            "eName": "Explanation", 
            "isMapped": true, 
            "cName": "原因", 
            "isCore": false, 
            "def": "The Explanation for which the Patient changes consistency."
        }, 
        {
            "abbrName": "result", 
            "eName": "Result", 
            "isMapped": true, 
            "cName": "结果", 
            "isCore": false, 
            "def": "经历体密度变化的结果。"
        }, 
        {
            "abbrName": "spd", 
            "eName": "Speed", 
            "isMapped": true, 
            "cName": "速度", 
            "isCore": false, 
            "def": "密度变化发生的速度。"
        }, 
        {
            "abbrName": "subr", 
            "eName": "Subregion", 
            "isMapped": true, 
            "cName": "亚区", 
            "isCore": false, 
            "def": "亚区指在整体中受到影响的部分。 "
        }, 
        {
            "abbrName": "time", 
            "eName": "Time", 
            "isMapped": true, 
            "cName": "时间", 
            "isCore": false, 
            "def": "经历体密度变化的时间。"
        }
    ], 
    "lexElmt": [
        {
            "word": "冷缩", 
            "POS": "v"
        }, 
        {
            "word": "浓缩", 
            "POS": "v"
        }, 
        {
            "word": "膨大", 
            "POS": "v"
        }, 
        {
            "word": "膨化", 
            "POS": "v"
        }, 
        {
            "word": "膨胀", 
            "POS": "v"
        }, 
        {
            "word": "稀释", 
            "POS": "v"
        }, 
        {
            "word": "压缩", 
            "POS": "v"
        }
    ], 
    "frameId": 71
}