{
    "fdInfo": {
        "eName": "Dressing", 
        "cName": "穿戴", 
        "des": "穿戴者穿上一件服饰，该服饰随之遮盖了身体位置。"
    }, 
    "element": [
        {
            "abbrName": "clo", 
            "eName": "Clothing", 
            "isMapped": true, 
            "cName": "服饰", 
            "isCore": true, 
            "def": "服饰是指穿戴者最终穿戴着的服饰物。"
        }, 
        {
            "abbrName": "wearer", 
            "eName": "Wearer", 
            "isMapped": true, 
            "cName": "穿戴者", 
            "isCore": true, 
            "def": "将服饰穿戴在身上的个体。"
        }, 
        {
            "abbrName": "bodl", 
            "eName": "Body_location", 
            "isMapped": true, 
            "cName": "身体位置", 
            "isCore": false, 
            "def": "服饰最终遮盖的身体部位。"
        }, 
        {
            "abbrName": "depic", 
            "eName": "Depictive", 
            "isMapped": true, 
            "cName": "形容", 
            "isCore": false, 
            "def": "该框架元素指对行动期间穿戴者或服饰描述的任何描述性短语。"
        }, 
        {
            "abbrName": "dura", 
            "eName": "Duration", 
            "isMapped": true, 
            "cName": "时量", 
            "isCore": false, 
            "def": "该框架元素表示穿戴服饰的时量。"
        }, 
        {
            "abbrName": "expla", 
            "eName": "Explanation", 
            "isMapped": true, 
            "cName": "解释", 
            "isCore": false, 
            "def": "解释表示穿戴者穿戴服饰的原因。"
        }, 
        {
            "abbrName": "manr", 
            "eName": "Manner", 
            "isMapped": true, 
            "cName": "方式", 
            "isCore": false, 
            "def": "方式框架元素是对与服饰的运动轨迹没有直接联系的穿戴事件的描述。对速度、稳定、优雅、运动方法等的描述都可视为方式词语。"
        }, 
        {
            "abbrName": "mns", 
            "eName": "Means", 
            "isMapped": true, 
            "cName": "方法", 
            "isCore": false, 
            "def": "方法是指穿戴者穿戴上服饰所凭借的行为。"
        }, 
        {
            "abbrName": "purp", 
            "eName": "Purpose", 
            "isMapped": true, 
            "cName": "目的", 
            "isCore": false, 
            "def": "穿戴者想通过穿戴服饰完成的行为。?"
        }, 
        {
            "abbrName": "result", 
            "eName": "Result", 
            "isMapped": true, 
            "cName": "结果", 
            "isCore": false, 
            "def": "该框架元素表示放置的结果。"
        }, 
        {
            "abbrName": "time", 
            "eName": "Time", 
            "isMapped": true, 
            "cName": "时间", 
            "isCore": false, 
            "def": "穿戴者把一件服饰穿戴上的时间。"
        }, 
        {
            "abbrName": "place", 
            "eName": "Place", 
            "isMapped": true, 
            "cName": "处所", 
            "isCore": false, 
            "def": "处所表示穿戴发生的地方。"
        }
    ], 
    "lexElmt": [
        {
            "word": "穿", 
            "POS": "v"
        }, 
        {
            "word": "穿戴", 
            "POS": "v"
        }
    ], 
    "frameId": 486
}