{
    "fdInfo": {
        "eName": "Disembarking", 
        "cName": "从交通工具上下来", 
        "des": "一个旅行者从交通工具上下来。"
    }, 
    "element": [
        {
            "abbrName": "tra", 
            "eName": "Traveller", 
            "isMapped": true, 
            "cName": "旅行者", 
            "isCore": true, 
            "def": "旅行者是从交通工具上下来的实体。?"
        }, 
        {
            "abbrName": "veh", 
            "eName": "Vehicle", 
            "isMapped": true, 
            "cName": "交通工具", 
            "isCore": true, 
            "def": "交通工具是指旅行者从上面下来的运输工具。?"
        }, 
        {
            "abbrName": "thm_c", 
            "eName": "Cotheme", 
            "isMapped": true, 
            "cName": "伴随体", 
            "isCore": false, 
            "def": "和主要旅行者一起离开交通工具的转移体。这可能是旅行者运输的一个实体，也可能是靠自己力量移动的共同旅行者。"
        }, 
        {
            "abbrName": "depic", 
            "eName": "Depictive", 
            "isMapped": true, 
            "cName": "形容", 
            "isCore": false, 
            "def": "旅行者或交通工具下车期间的状态。"
        }, 
        {
            "abbrName": "dur_fin_st", 
            "eName": "Duration_of_final_state", 
            "isMapped": true, 
            "cName": "结果时量", 
            "isCore": false, 
            "def": "旅行者从交通工具上下来后，在交通工具外所花的时间量。"
        }, 
        {
            "abbrName": "goal", 
            "eName": "Goal", 
            "isMapped": true, 
            "cName": "终点", 
            "isCore": false, 
            "def": "旅行者离开交通工具到达的地点。"
        }, 
        {
            "abbrName": "manr", 
            "eName": "Manner", 
            "isMapped": true, 
            "cName": "方式", 
            "isCore": false, 
            "def": "方式描述的是与其轨迹无关的运动属性。?"
        }, 
        {
            "abbrName": "path", 
            "eName": "Path", 
            "isMapped": true, 
            "cName": "路径", 
            "isCore": false, 
            "def": "路径描述旅行者从交通工具上下来的运动轨迹。"
        }, 
        {
            "abbrName": "place", 
            "eName": "Place", 
            "isMapped": true, 
            "cName": "处所", 
            "isCore": false, 
            "def": "旅行者从交通工具上下来的地点。"
        }, 
        {
            "abbrName": "purp", 
            "eName": "Purpose", 
            "isMapped": true, 
            "cName": "目的", 
            "isCore": false, 
            "def": "旅行者从交通工具上下来的目的。"
        }, 
        {
            "abbrName": "time", 
            "eName": "Time", 
            "isMapped": true, 
            "cName": "时间", 
            "isCore": false, 
            "def": "离开交通工具发生的时间。?"
        }
    ], 
    "lexElmt": [
        {
            "word": "下", 
            "POS": "v"
        }, 
        {
            "word": "下船", 
            "POS": "v"
        }
    ], 
    "frameId": 475
}