{
    "fdInfo": {
        "eName": "Attention_getting", 
        "cName": "招呼", 
        "des": "该框架涵盖的词语都是用于引起别人注意的词语，包括叹词（例如：嘿，呦）和某些称谓术语（称呼语），后者可以起到打招呼或获取对方注意的作用。"
    }, 
    "element": [
        {
            "abbrName": "add_term", 
            "eName": "Address_term", 
            "isMapped": true, 
            "cName": "称呼语", 
            "isCore": true, 
            "def": "称呼语常用于获取某人注意，可能是一个专有名称。"
        }, 
        {
            "abbrName": "interj", 
            "eName": "Interjection", 
            "isMapped": true, 
            "cName": "叹词", 
            "isCore": true, 
            "def": "框架元素叹词是用来标记次级框架元素层的语言成分。叹词是用来说明所获取注意的框架元素。"
        }
    ], 
    "lexElmt": [
        {
            "word": "嗳", 
            "POS": "e"
        }, 
        {
            "word": "嘿", 
            "POS": "e"
        }, 
        {
            "word": "喂", 
            "POS": "e"
        }
    ], 
    "frameId": 394
}