{
    "fdInfo": {
        "eName": "Reliance_on_expectation", 
        "cName": "指望", 
        "des": "认知者认为所期望的事情是可靠的，这样他们的计划就可以依靠这个事情来实现。"
    }, 
    "element": [
        {
            "abbrName": "cog", 
            "eName": "Cognizer", 
            "isMapped": true, 
            "cName": "认知者", 
            "isCore": true, 
            "def": "认为所希望的事情可靠的那个个体。"
        }, 
        {
            "abbrName": "expect", 
            "eName": "Expectation", 
            "isMapped": true, 
            "cName": "指望事件", 
            "isCore": true, 
            "def": "认知者的未来计划所依赖的事实。"
        }, 
        {
            "abbrName": "Circum", 
            "eName": "Circumstances", 
            "isMapped": true, 
            "cName": "环境", 
            "isCore": false, 
            "def": "The situation in which the Cognizer can count on the Expectation.\n\nWhen investing in such a volatile area, you can bank on getting burned a few times."
        }, 
        {
            "abbrName": "phen", 
            "eName": null, 
            "isMapped": false, 
            "cName": "现象", 
            "isCore": false, 
            "def": "知者把希望寄托于期望事件，希望某事件或实体或状态能够依靠它而实现，这个事件、实体或状态就是现象"
        }
    ], 
    "lexElmt": [
        {
            "word": "寄希望", 
            "POS": "v"
        }, 
        {
            "word": "寄希望", 
            "POS": "i"
        }, 
        {
            "word": "看", 
            "POS": "v"
        }, 
        {
            "word": "靠", 
            "POS": "v"
        }, 
        {
            "word": "依靠", 
            "POS": "v"
        }, 
        {
            "word": "指", 
            "POS": "v"
        }, 
        {
            "word": "指望", 
            "POS": "v"
        }
    ], 
    "frameId": 121
}