{
    "fdInfo": {
        "eName": "Giving_birth", 
        "cName": "生孩子", 
        "des": "母亲和父亲生孩子或排卵。"
    }, 
    "element": [
        {
            "abbrName": "child", 
            "eName": "Child", 
            "isMapped": true, 
            "cName": "孩子", 
            "isCore": true, 
            "def": "孩子是指由母亲和父亲生育的有自主能动性的新生命。"
        }, 
        {
            "abbrName": "egg", 
            "eName": "Egg", 
            "isMapped": true, 
            "cName": "卵", 
            "isCore": true, 
            "def": "卵是一个静止的物体，里面含有一个生命体，可能会孵化出一个有行动能力的幼崽。"
        }, 
        {
            "abbrName": "fa", 
            "eName": "Father", 
            "isMapped": true, 
            "cName": "父亲", 
            "isCore": true, 
            "def": "父亲是与母亲交配的男性生物，交配后导致了孩子的出生。"
        }, 
        {
            "abbrName": "mom", 
            "eName": "Mother", 
            "isMapped": true, 
            "cName": "母亲", 
            "isCore": true, 
            "def": "母亲是生育孩子的女性生物。"
        }, 
        {
            "abbrName": "parents", 
            "eName": "Parents", 
            "isMapped": true, 
            "cName": "父母", 
            "isCore": true, 
            "def": "母亲和父亲的统称。"
        }, 
        {
            "abbrName": "circ", 
            "eName": "Circumstances", 
            "isMapped": true, 
            "cName": "环境条件", 
            "isCore": false, 
            "def": "该框架元素指母亲和父亲生育孩子的环境条件。"
        }, 
        {
            "abbrName": "depic", 
            "eName": "Depictive", 
            "isMapped": true, 
            "cName": "形容", 
            "isCore": false, 
            "def": "形容指描述某个行为参与者的短语。"
        }, 
        {
            "abbrName": "manr", 
            "eName": "Manner", 
            "isMapped": true, 
            "cName": "方式", 
            "isCore": false, 
            "def": "无法归类为其他框架元素的有关故意行为的描述，包括次生效应(安静地，大声地)，以及对事件进行比较的概括性描述(同样)。此外，它也可指父母（或父亲，或母亲）的显性特征（专横地，冷冷地，故意地，急切地，仔细地），这些特征也会影响到其行为。"
        }, 
        {
            "abbrName": "mns", 
            "eName": "Means", 
            "isMapped": true, 
            "cName": "方法", 
            "isCore": false, 
            "def": "该框架元素表示该事件发生的方法。"
        }, 
        {
            "abbrName": "place", 
            "eName": "Place", 
            "isMapped": true, 
            "cName": "处所", 
            "isCore": false, 
            "def": "该框架元素表示该事件发生的处所。"
        }, 
        {
            "abbrName": "result", 
            "eName": "Result", 
            "isMapped": true, 
            "cName": "结果", 
            "isCore": false, 
            "def": "该框架元素表示生育的结果。"
        }, 
        {
            "abbrName": "time", 
            "eName": "Time", 
            "isMapped": true, 
            "cName": "时间", 
            "isCore": false, 
            "def": "该框架元素表示该事件发生的时间。"
        }
    ], 
    "lexElmt": [
        {
            "word": "产", 
            "POS": "v"
        }, 
        {
            "word": "繁殖", 
            "POS": "v"
        }, 
        {
            "word": "分娩", 
            "POS": "v"
        }, 
        {
            "word": "生", 
            "POS": "v"
        }, 
        {
            "word": "生养", 
            "POS": "v"
        }, 
        {
            "word": "生育", 
            "POS": "v"
        }, 
        {
            "word": "生殖", 
            "POS": "v"
        }, 
        {
            "word": "下", 
            "POS": "v"
        }, 
        {
            "word": "下蛋", 
            "POS": "v"
        }, 
        {
            "word": "下子", 
            "POS": "v"
        }
    ], 
    "frameId": 403
}