{
    "fdInfo": {
        "eName": "Sensation", 
        "cName": "感受", 
        "des": "该框架专指表达感知意义的名词，现象元素用于指引起某种感觉的实体或事件，印象指现象在感知者的意识中形成的感知印象，具体地描述感知者所认识到的现象的特征。在实际使用中，现象和印象通常没有区别，在这些情况下我们常把印象作为默认元素。有时，可能会出现经历某种感受的人，我们用非自主感知者表示。"
    }, 
    "element": [
        {
            "abbrName": "pcpt", 
            "eName": "Percept", 
            "isMapped": true, 
            "cName": "印象", 
            "isCore": true, 
            "def": "印象用来表示由感知觉而得到的印象，是现象在大脑中的表征，描述感知者所认识到的特征。 通常情况下，这种特征被描述为产生这种感觉的实体或事件，这也就是为什么这个框架元素很难与现象相区分的原因。但是，在表达中，现象和印象也可能分别用不同的词语表示."
        }, 
        {
            "abbrName": "perc_pass", 
            "eName": "Perceiver_passive", 
            "isMapped": true, 
            "cName": "非自主感知者", 
            "isCore": true, 
            "def": "这一框架元素只用于该框架中的少部分名词（如\"感觉\"），并且只能是由类似于\"有\"、\"无\"、\"给\"等支撑动词来辅助表达。"
        }, 
        {
            "abbrName": "Src", 
            "eName": "Source", 
            "isMapped": true, 
            "def_eng": "This is the entity or phenomenon which gives rise to the sensation. In cases of veridical sensation, this FE is not typically distinguished from Percept. Most of the phrases that express this FE can be paraphrased as from-phrases, e.g. \nThe smell of the garlic made me hungry.\nThe smell from the garlic made me hungry.\nThe smell of garlic made me hungry.\n*The smell from garlic made me hungry.\nThe first sentence, in which the object of the prepostion of is a definite NP, can be roughly paraphrased by the second sentence, which replaces the of-PP with a from-PP. This shows that the phrase of the garlic in the first sentence expresses Source. On the other hand, the third sentence, in which the object of the preposition of is a bare noun, cannot be so paraphrased. The bare-noun of-PPs express Percept rather than Source. Source can be expressed as the External Argument of a support verb, e.g.\nThis herb emits a strong odour. ", 
            "cName": "现象群", 
            "isCore": true, 
            "def": "该框架元素是引起感觉的实体或事件，该元素经常用\"对\"引导的介词或主语表示。"
        }, 
        {
            "abbrName": "bodp", 
            "eName": "Body_part", 
            "isMapped": true, 
            "cName": "身体部位", 
            "isCore": true, 
            "def": "这一框架元素表示某种感受所在的身体部位。\r\n"
        }, 
        {
            "abbrName": "ground", 
            "eName": "Ground", 
            "isMapped": true, 
            "cName": "背景", 
            "isCore": true, 
            "def": "这一框架元素表示感知觉活动中，被感受的现象所处的感知背景。"
        }, 
        {
            "abbrName": "manr", 
            "eName": "Descriptor", 
            "isMapped": true, 
            "def_eng": "A characterization of the sensation not covered by a more specific FE.", 
            "cName": "方式", 
            "isCore": false, 
            "def": "该元素是一个杂类，那些修饰[感受]词元的成分，在无法归入其他元素时，笼统归入该元素，一般做定语。"
        }, 
        {
            "abbrName": "Tim", 
            "eName": "Time", 
            "isMapped": true, 
            "cName": "时间", 
            "isCore": false, 
            "def": "The Time when the sensation is perceived."
        }, 
        {
            "abbrName": "Deg", 
            "eName": "Degree", 
            "isMapped": true, 
            "cName": "程度", 
            "isCore": false, 
            "def": "This FE describes how strong the sensation is."
        }
    ], 
    "lexElmt": [
        {
            "word": "彩", 
            "POS": "n"
        }, 
        {
            "word": "臭味", 
            "POS": "n"
        }, 
        {
            "word": "触觉", 
            "POS": "n"
        }, 
        {
            "word": "错觉", 
            "POS": "n"
        }, 
        {
            "word": "地籁", 
            "POS": "n"
        }, 
        {
            "word": "动静", 
            "POS": "n"
        }, 
        {
            "word": "芳香", 
            "POS": "n"
        }, 
        {
            "word": "风味", 
            "POS": "n"
        }, 
        {
            "word": "肤觉", 
            "POS": "n"
        }, 
        {
            "word": "感", 
            "POS": "n"
        }, 
        {
            "word": "感（亲切之感）", 
            "POS": "n"
        }, 
        {
            "word": "感觉", 
            "POS": "n"
        }, 
        {
            "word": "感受", 
            "POS": "n"
        }, 
        {
            "word": "光", 
            "POS": "n"
        }, 
        {
            "word": "光彩", 
            "POS": "n"
        }, 
        {
            "word": "光辉", 
            "POS": "n"
        }, 
        {
            "word": "光亮", 
            "POS": "n"
        }, 
        {
            "word": "光线", 
            "POS": "n"
        }, 
        {
            "word": "光泽", 
            "POS": "n"
        }, 
        {
            "word": "鼾声", 
            "POS": "n"
        }, 
        {
            "word": "齁声", 
            "POS": "n"
        }, 
        {
            "word": "话音", 
            "POS": "n"
        }, 
        {
            "word": "幻觉", 
            "POS": "n"
        }, 
        {
            "word": "回声", 
            "POS": "n"
        }, 
        {
            "word": "回响", 
            "POS": "n"
        }, 
        {
            "word": "回音", 
            "POS": "n"
        }, 
        {
            "word": "火花", 
            "POS": "n"
        }, 
        {
            "word": "景色", 
            "POS": "n"
        }, 
        {
            "word": "口音", 
            "POS": "n"
        }, 
        {
            "word": "乐", 
            "POS": "n"
        }, 
        {
            "word": "乐声", 
            "POS": "n"
        }, 
        {
            "word": "乐音", 
            "POS": "n"
        }, 
        {
            "word": "冷觉", 
            "POS": "n"
        }, 
        {
            "word": "林涛", 
            "POS": "n"
        }, 
        {
            "word": "鸟鸣", 
            "POS": "n"
        }, 
        {
            "word": "鸟语", 
            "POS": "n"
        }, 
        {
            "word": "平衡觉", 
            "POS": "n"
        }, 
        {
            "word": "气", 
            "POS": "n"
        }, 
        {
            "word": "气（香气）", 
            "POS": "n"
        }, 
        {
            "word": "气味", 
            "POS": "n"
        }, 
        {
            "word": "气息", 
            "POS": "n"
        }, 
        {
            "word": "腔", 
            "POS": "n"
        }, 
        {
            "word": "禽言", 
            "POS": "n"
        }, 
        {
            "word": "人籁", 
            "POS": "n"
        }, 
        {
            "word": "柔光", 
            "POS": "n"
        }, 
        {
            "word": "嗓音", 
            "POS": "n"
        }, 
        {
            "word": "色", 
            "POS": "n"
        }, 
        {
            "word": "色彩", 
            "POS": "n"
        }, 
        {
            "word": "色调", 
            "POS": "n"
        }, 
        {
            "word": "色觉", 
            "POS": "n"
        }, 
        {
            "word": "色泽", 
            "POS": "n"
        }, 
        {
            "word": "闪光", 
            "POS": "n"
        }, 
        {
            "word": "声", 
            "POS": "n"
        }, 
        {
            "word": "声调", 
            "POS": "n"
        }, 
        {
            "word": "声腔", 
            "POS": "n"
        }, 
        {
            "word": "声息", 
            "POS": "n"
        }, 
        {
            "word": "声响", 
            "POS": "n"
        }, 
        {
            "word": "声音", 
            "POS": "n"
        }, 
        {
            "word": "视觉", 
            "POS": "n"
        }, 
        {
            "word": "松涛", 
            "POS": "n"
        }, 
        {
            "word": "体验", 
            "POS": "n"
        }, 
        {
            "word": "天籁", 
            "POS": "n"
        }, 
        {
            "word": "听觉", 
            "POS": "n"
        }, 
        {
            "word": "痛觉", 
            "POS": "n"
        }, 
        {
            "word": "微光", 
            "POS": "n"
        }, 
        {
            "word": "味", 
            "POS": "n"
        }, 
        {
            "word": "味道", 
            "POS": "n"
        }, 
        {
            "word": "味儿", 
            "POS": "n"
        }, 
        {
            "word": "温觉", 
            "POS": "n"
        }, 
        {
            "word": "香气", 
            "POS": "n"
        }, 
        {
            "word": "香味", 
            "POS": "n"
        }, 
        {
            "word": "响", 
            "POS": "n"
        }, 
        {
            "word": "响动", 
            "POS": "n"
        }, 
        {
            "word": "响声", 
            "POS": "n"
        }, 
        {
            "word": "嗅觉", 
            "POS": "n"
        }, 
        {
            "word": "熏香", 
            "POS": "n"
        }, 
        {
            "word": "颜色", 
            "POS": "n"
        }, 
        {
            "word": "音", 
            "POS": "n"
        }, 
        {
            "word": "音调", 
            "POS": "n"
        }, 
        {
            "word": "音响", 
            "POS": "n"
        }, 
        {
            "word": "余味", 
            "POS": "n"
        }, 
        {
            "word": "余响", 
            "POS": "n"
        }, 
        {
            "word": "余音", 
            "POS": "n"
        }, 
        {
            "word": "噪音", 
            "POS": "n"
        }, 
        {
            "word": "知觉", 
            "POS": "n"
        }, 
        {
            "word": "直觉", 
            "POS": "n"
        }, 
        {
            "word": "滋味", 
            "POS": "n"
        }
    ], 
    "frameId": 10
}