{
    "fdInfo": {
        "eName": "Negation", 
        "cName": "否定", 
        "des": "该框架描述了否定意义的语义学特征。其中，否定命题所强调的内容被认为与对应的框架实情所描述的内容呈互斥关系。通常，实情是隐式的。\r否定命题与实情在内容方面无重合之处。两者在此基础上形成对应关系，且在内容中的某一子集（即焦点内容)形成对比。焦点内容根据一组焦点构式建立（该焦点构式不在此框架讨论范围内）。（在英语口语中，否定焦点通常通过语调表达出来，但在文本中，否定焦点必须根据上下文进行推断。焦点构式的子集将在构式中进行标注。）\r尽管否定框架的语义学内涵与大多数框架的语学内涵不同，但至少，我们用语义框架这个工具来描述该概念的做法可被视为对某一问题进行标记并对可显示今后要进行研究的示例进行标注的一种比较实用的尝试。\r该框架可以由动词（无论在分析型语言中或还是在综合型语言中）来激起，或也可通过名称来激起。表达否定的词包括“不”、“没有”、“未”等。在综合型语言中，一些有屈折变化的动词否定形式（如“wasn't”、“isn't”和“haven't”），还有一些否定词缀也属于该框架。"
    }, 
    "element": [
        {
            "abbrName": "fac_st", 
            "eName": "Factual_situation", 
            "isMapped": true, 
            "cName": "实情", 
            "isCore": true, 
            "def": "情况或有关的部分情况，有别于与其无关的否定命题中所强调的情况。在口语和非正式书面语中（不包括按照规范编写的书面文本），实情可被表达为紧跟在否定命题之前或之后的无标记从句。"
        }, 
        {
            "abbrName": "nega_pp", 
            "eName": "Negated_proposition", 
            "isMapped": true, 
            "cName": "否定命题", 
            "isCore": true, 
            "def": "某一情形，整体而言属于被否定的情形，其否定焦点与实情形成反，但并不进行单独标注。"
        }
    ], 
    "lexElmt": [
        {
            "word": "不", 
            "POS": "d"
        }, 
        {
            "word": "不必", 
            "POS": "d"
        }, 
        {
            "word": "不便", 
            "POS": "v"
        }, 
        {
            "word": "不便", 
            "POS": "a"
        }, 
        {
            "word": "不辨菽麦", 
            "POS": "i"
        }, 
        {
            "word": "不才", 
            "POS": "a"
        }, 
        {
            "word": "不测", 
            "POS": "a"
        }, 
        {
            "word": "不成", 
            "POS": "v"
        }, 
        {
            "word": "不成", 
            "POS": "a"
        }, 
        {
            "word": "不逞", 
            "POS": "v"
        }, 
        {
            "word": "不齿", 
            "POS": "v"
        }, 
        {
            "word": "不啻", 
            "POS": "v"
        }, 
        {
            "word": "不辞", 
            "POS": "v"
        }, 
        {
            "word": "不带", 
            "POS": "v"
        }, 
        {
            "word": "不待", 
            "POS": "d"
        }, 
        {
            "word": "不惮", 
            "POS": "v"
        }, 
        {
            "word": "不当", 
            "POS": "a"
        }, 
        {
            "word": "不得", 
            "POS": "v"
        }, 
        {
            "word": "不得已", 
            "POS": "a"
        }, 
        {
            "word": "不敌", 
            "POS": "v"
        }, 
        {
            "word": "不迭", 
            "POS": "v"
        }, 
        {
            "word": "不定", 
            "POS": "d"
        }, 
        {
            "word": "不定", 
            "POS": "a"
        }, 
        {
            "word": "不端", 
            "POS": "a"
        }, 
        {
            "word": "不断", 
            "POS": "v"
        }, 
        {
            "word": "不对", 
            "POS": "a"
        }, 
        {
            "word": "不凡", 
            "POS": "a"
        }, 
        {
            "word": "不忿", 
            "POS": "a"
        }, 
        {
            "word": "不服", 
            "POS": "v"
        }, 
        {
            "word": "不符", 
            "POS": "v"
        }, 
        {
            "word": "不复", 
            "POS": "d"
        }, 
        {
            "word": "不甘", 
            "POS": "v"
        }, 
        {
            "word": "不敢", 
            "POS": "v"
        }, 
        {
            "word": "不公", 
            "POS": "a"
        }, 
        {
            "word": "不顾", 
            "POS": "v"
        }, 
        {
            "word": "不关", 
            "POS": "v"
        }, 
        {
            "word": "不合", 
            "POS": "v"
        }, 
        {
            "word": "不和", 
            "POS": "a"
        }, 
        {
            "word": "不讳", 
            "POS": "v"
        }, 
        {
            "word": "不及", 
            "POS": "v"
        }, 
        {
            "word": "不计", 
            "POS": "v"
        }, 
        {
            "word": "不济", 
            "POS": "a"
        }, 
        {
            "word": "不见", 
            "POS": "v"
        }, 
        {
            "word": "不尽然", 
            "POS": "i"
        }, 
        {
            "word": "不拘", 
            "POS": "a"
        }, 
        {
            "word": "不觉", 
            "POS": "v"
        }, 
        {
            "word": "不堪", 
            "POS": "v"
        }, 
        {
            "word": "不可", 
            "POS": "v"
        }, 
        {
            "word": "不克", 
            "POS": "v"
        }, 
        {
            "word": "不快", 
            "POS": "a"
        }, 
        {
            "word": "不力", 
            "POS": "a"
        }, 
        {
            "word": "不良", 
            "POS": "a"
        }, 
        {
            "word": "不满", 
            "POS": "a"
        }, 
        {
            "word": "不免", 
            "POS": "v"
        }, 
        {
            "word": "不妙", 
            "POS": "a"
        }, 
        {
            "word": "不敏", 
            "POS": "a"
        }, 
        {
            "word": "不佞", 
            "POS": "a"
        }, 
        {
            "word": "不配", 
            "POS": "a"
        }, 
        {
            "word": "不平", 
            "POS": "a"
        }, 
        {
            "word": "不屈", 
            "POS": "v"
        }, 
        {
            "word": "不然", 
            "POS": "a"
        }, 
        {
            "word": "不容", 
            "POS": "v"
        }, 
        {
            "word": "不善", 
            "POS": "a"
        }, 
        {
            "word": "不适", 
            "POS": "a"
        }, 
        {
            "word": "不遂", 
            "POS": "v"
        }, 
        {
            "word": "不同", 
            "POS": "a"
        }, 
        {
            "word": "不图", 
            "POS": "v"
        }, 
        {
            "word": "不谓", 
            "POS": "v"
        }, 
        {
            "word": "不无", 
            "POS": "v"
        }, 
        {
            "word": "不相等", 
            "POS": "a"
        }, 
        {
            "word": "不祥", 
            "POS": "a"
        }, 
        {
            "word": "不消", 
            "POS": "v"
        }, 
        {
            "word": "不孝", 
            "POS": "v"
        }, 
        {
            "word": "不屑", 
            "POS": "v"
        }, 
        {
            "word": "不懈", 
            "POS": "v"
        }, 
        {
            "word": "不兴", 
            "POS": "v"
        }, 
        {
            "word": "不行", 
            "POS": "v"
        }, 
        {
            "word": "不幸", 
            "POS": "a"
        }, 
        {
            "word": "不休", 
            "POS": "v"
        }, 
        {
            "word": "不许", 
            "POS": "v"
        }, 
        {
            "word": "不恤", 
            "POS": "v"
        }, 
        {
            "word": "不厌", 
            "POS": "v"
        }, 
        {
            "word": "不一", 
            "POS": "a"
        }, 
        {
            "word": "不依", 
            "POS": "v"
        }, 
        {
            "word": "不宜", 
            "POS": "v"
        }, 
        {
            "word": "不用", 
            "POS": "d"
        }, 
        {
            "word": "不在乎", 
            "POS": "v"
        }, 
        {
            "word": "不曾", 
            "POS": "d"
        }, 
        {
            "word": "不振", 
            "POS": "a"
        }, 
        {
            "word": "不支", 
            "POS": "v"
        }, 
        {
            "word": "不致", 
            "POS": "v"
        }, 
        {
            "word": "不置", 
            "POS": "v"
        }, 
        {
            "word": "不中", 
            "POS": "a"
        }, 
        {
            "word": "不足", 
            "POS": "a"
        }, 
        {
            "word": "绝", 
            "POS": "v"
        }, 
        {
            "word": "没边儿", 
            "POS": "v"
        }, 
        {
            "word": "没底", 
            "POS": "v"
        }, 
        {
            "word": "没劲", 
            "POS": "v"
        }, 
        {
            "word": "没有", 
            "POS": "v"
        }, 
        {
            "word": "没有", 
            "POS": "d"
        }, 
        {
            "word": "没辙", 
            "POS": "v"
        }, 
        {
            "word": "没准儿", 
            "POS": "v"
        }, 
        {
            "word": "未必", 
            "POS": "d"
        }, 
        {
            "word": "未便", 
            "POS": "d"
        }, 
        {
            "word": "未卜", 
            "POS": "v"
        }, 
        {
            "word": "未果", 
            "POS": "v"
        }, 
        {
            "word": "未竟", 
            "POS": "v"
        }, 
        {
            "word": "未了", 
            "POS": "v"
        }, 
        {
            "word": "未然", 
            "POS": "v"
        }, 
        {
            "word": "未遂", 
            "POS": "v"
        }, 
        {
            "word": "未详不比", 
            "POS": "v"
        }, 
        {
            "word": "未曾未尝", 
            "POS": "d"
        }
    ], 
    "frameId": 438
}