{
    "fdInfo": {
        "eName": "Law", 
        "cName": "法律", 
        "des": "法律是国家制定或认可的，以国家强制力保障实施的，以权利义务为内容的行为规范的总称。"
    }, 
    "element": [
        {
            "abbrName": "law", 
            "eName": "Law", 
            "isMapped": true, 
            "cName": "法律", 
            "isCore": true, 
            "def": "这个框架元素表明规则是用于指导行为，反对一些行为和/或要求其他的行为。"
        }, 
        {
            "abbrName": "for", 
            "eName": "Forbidden", 
            "isMapped": true, 
            "cName": "禁止", 
            "isCore": true, 
            "def": "The state-of-affairs which is disallowed by the Law.\n\nI think we need a law against all firearms within city limits."
        }, 
        {
            "abbrName": "req", 
            "eName": "Required", 
            "isMapped": true, 
            "cName": "需要", 
            "isCore": true, 
            "def": "A state-of-affairs which the Law declares must be maintained.\n\nThe law that all minors must be accompanied by an adult is a laughingstock."
        }, 
        {
            "abbrName": "cre", 
            "eName": "Creator", 
            "isMapped": true, 
            "cName": "创造者", 
            "isCore": false, 
            "def": "法律的制定机关"
        }, 
        {
            "abbrName": "Name", 
            "eName": "Name", 
            "isMapped": true, 
            "def_eng": "The term used to refer to a Law.\n\nWell, they're still in violation of the Sarbanes-Oxley Act.", 
            "cName": "条款", 
            "isCore": false, 
            "def": "涉及到法律的条款。"
        }, 
        {
            "abbrName": "Time", 
            "eName": "Time_of_creation", 
            "isMapped": true, 
            "def_eng": "The time at which a Law comes into existence.\n\nThe 1996 welfare reform act was a sham.", 
            "cName": "时间", 
            "isCore": false, 
            "def": "法律产生的时间。"
        }, 
        {
            "abbrName": "type", 
            "eName": "Type", 
            "isMapped": true, 
            "cName": "类型", 
            "isCore": false, 
            "def": " 法律部门。"
        }, 
        {
            "abbrName": "use", 
            "eName": "Use", 
            "isMapped": true, 
            "cName": "用途", 
            "isCore": false, 
            "def": "法律旨在起到的作用。"
        }, 
        {
            "abbrName": null, 
            "eName": "Part", 
            "isMapped": true, 
            "cName": "部分", 
            "isCore": false, 
            "def": "Any indication of what makes up the Law.\n\nWe don't need another law with 300 subsections."
        }, 
        {
            "abbrName": "jur", 
            "eName": "Jurisdiction", 
            "isMapped": true, 
            "cName": "管辖权", 
            "isCore": false, 
            "def": "The location where a given Law is in force.\n\nAccording to Fijian law, no-one may enter the park after sunset.\n\n"
        }, 
        {
            "abbrName": null, 
            "eName": "Descriptor", 
            "isMapped": true, 
            "cName": "描述语", 
            "isCore": false, 
            "def": "Any description of the Law not covered by a more specific frame element."
        }
    ], 
    "lexElmt": [], 
    "frameId": 254
}