{
    "fdInfo": {
        "eName": "Becoming_aware", 
        "cName": "发现", 
        "des": "该框架表示认知者发现某现象。[发现]与[获知]框架相似，但后者表示的是最终达到了完全的认识和理解，而[发现]只涉及认识过程的起点，[发现]表示对实体的认识，而无需给出这个认识的具体内容；[发现]的词语与[感知觉]词语也有关联，因为人总是通过感知事物来认识事物的。"
    }, 
    "element": [
        {
            "abbrName": "cog", 
            "eName": "Cognizer", 
            "isMapped": true, 
            "cName": "认知者", 
            "isCore": true, 
            "def": "认知者是发现现象的人，通常做主语。"
        }, 
        {
            "abbrName": "phen", 
            "eName": "Phenomenon", 
            "isMapped": true, 
            "cName": "现象", 
            "isCore": true, 
            "def": "现象是认知者发现的一个实体或状况，通常做宾语。\r\n"
        }, 
        {
            "abbrName": "instru", 
            "eName": "Instrument", 
            "isMapped": true, 
            "cName": "工具", 
            "isCore": true, 
            "def": "认知者使用某工具来认识现象。"
        }, 
        {
            "abbrName": "mns", 
            "eName": "Means", 
            "isMapped": true, 
            "cName": "方法", 
            "isCore": true, 
            "def": "该元素表示认知者通过什么行为认识现象。"
        }, 
        {
            "abbrName": "top", 
            "eName": "Topic", 
            "isMapped": true, 
            "cName": "主题", 
            "isCore": true, 
            "def": "表示现象所属的范围。  "
        }, 
        {
            "abbrName": "degr", 
            "eName": "Degree", 
            "isMapped": true, 
            "cName": "程度", 
            "isCore": false, 
            "def": "该元素描述事件有层级差别的属性,表示事件所达到的水平。"
        }, 
        {
            "abbrName": "evid", 
            "eName": "Evidence", 
            "isMapped": true, 
            "cName": "根据", 
            "isCore": false, 
            "def": "协助认知者发现某事物的实体或事件，通常用介词短语\"从/根据…\"等表示。"
        }, 
        {
            "abbrName": "ground", 
            "eName": "Ground", 
            "isMapped": true, 
            "cName": "背景", 
            "isCore": false, 
            "def": "被认知者发现的现象所处的背景或环境，通常用表示处所的介词短语表示。"
        }, 
        {
            "abbrName": "manr", 
            "eName": "Manner", 
            "isMapped": true, 
            "cName": "方式", 
            "isCore": false, 
            "def": "该元素是一个杂类，在无法归入其他各类非核心框架元素的情况下，凡是描述发现活动的特征或所处状态的成分，都归入该元素，如\"容易、轻易\"等。"
        }, 
        {
            "abbrName": "purp", 
            "eName": "Purpose", 
            "isMapped": true, 
            "cName": "目的", 
            "isCore": false, 
            "def": "表示认知者发出认知活动的目标，认知者认为通过认识某现象可以实现这个目标。"
        }, 
        {
            "abbrName": "time", 
            "eName": "Time", 
            "isMapped": true, 
            "cName": "时间", 
            "isCore": false, 
            "def": "该元素表示认知者认识现象的时间。"
        }, 
        {
            "abbrName": "cir", 
            "eName": "Circumstances", 
            "isMapped": true, 
            "def_eng": "Circumstances describe the state of the world (at a particular time and place) which is specifically independent of the event itself and any of its participants. ", 
            "cName": "环境条件", 
            "isCore": false, 
            "def": "表示外部世界的状态，通常是事件发生所需的事理、物理条件（\"在高温下\"等）、社会状况等。通常用介词短语\"在……情况下\"、\"在……条件下\"等表示。"
        }, 
        {
            "abbrName": "State", 
            "eName": "State", 
            "isMapped": true, 
            "cName": "状态", 
            "isCore": false, 
            "def": "The State indicates the state or situation of the Phenomenon at the time when the Cognizer becomes aware of it.  It is normally expressed by a Predicate expression (e.g. a PP or a participial VP):\n\nWe discovered the children playing in the pantry."
        }, 
        {
            "abbrName": "fre", 
            "eName": "Frequency", 
            "isMapped": true, 
            "cName": "频率", 
            "isCore": false, 
            "def": "his frame element is defined as the number of times an event occurs per some unit of time. A Frequency expression answers the question how often. "
        }, 
        {
            "abbrName": "exp", 
            "eName": "Explanation", 
            "isMapped": true, 
            "cName": "解释", 
            "isCore": false, 
            "def": "The Explanation denotes a proposition from which the main clause (headed by the target) logically follows. This often means that the Explanation causes the target's proposition, but not in all cases. "
        }, 
        {
            "abbrName": "par", 
            "eName": "Particular_iteration", 
            "isMapped": true, 
            "cName": "特定次数", 
            "isCore": false, 
            "def": "Expressions marked with this extra-thematic FE modify a non-iterative use of the target, and indicate that it is conceived as embedded within an iterated series of similar events or states. In addition, most expressions of Particular_iteration indicate which instance of the series is being referred to."
        }, 
        {
            "abbrName": "per", 
            "eName": "Period_of_iterations", 
            "isMapped": true, 
            "cName": "迭代周期", 
            "isCore": false, 
            "def": "This FE is minimally distinct from Duration and Duration_of final_state in that the clause described is conveyed to be iterative. \n\n"
        }, 
        {
            "abbrName": "depic", 
            "eName": "Depictive", 
            "isMapped": false, 
            "cName": "形容", 
            "isCore": false, 
            "def": "表示现象或认知者在事件过程中所处的状态。"
        }
    ], 
    "lexElmt": [
        {
            "word": "察觉", 
            "POS": "v"
        }, 
        {
            "word": "发觉", 
            "POS": "v"
        }, 
        {
            "word": "发现", 
            "POS": "n"
        }, 
        {
            "word": "发现", 
            "POS": "v"
        }, 
        {
            "word": "觉察", 
            "POS": "v"
        }
    ], 
    "frameId": 7
}