{
    "fdInfo": {
        "eName": "Make_noise", 
        "cName": "发声", 
        "des": "一个物理实体作为声源，发出一个声响；声源可以是无生命的物体，也可以是动物或人，后者用声道发出声音；有时用一个名词性成分表示声音本身，成为声响；同时，该框架也可以出现表示修饰的词语，这些词语描述声响的特征。"
    }, 
    "element": [
        {
            "abbrName": "noi_eve", 
            "eName": "Noisy_event", 
            "isMapped": true, 
            "cName": "有声事件", 
            "isCore": true, 
            "def": "一个或多个声源参与的伴随着声响的事件。"
        }, 
        {
            "abbrName": "sound", 
            "eName": "Sound", 
            "isMapped": true, 
            "cName": "声响", 
            "isCore": true, 
            "def": "声响元素有时隐含在该框架所包含动词词元的语义中，有时则由单独的名词性成分充当，后者标注为声响。"
        }, 
        {
            "abbrName": "Src-p", 
            "eName": "Sound_source", 
            "isMapped": true, 
            "cName": "声源", 
            "isCore": true, 
            "def": "表示发出声音的物理实体，这个实体必须有比较复杂的内部结构，以使它能够发出声音，例如，一个带有可移动的部件的机器或有声带的动物、人，能靠自身发出声音。"
        }, 
        {
            "abbrName": "addr", 
            "eName": "Addressee", 
            "isMapped": true, 
            "cName": "信息接收者", 
            "isCore": false, 
            "def": "信息接收者表示听者，他听到所产生的声音。"
        }, 
        {
            "abbrName": "Degr", 
            "eName": "Degree", 
            "isMapped": true, 
            "cName": "程度", 
            "isCore": false, 
            "def": "事件发生的程度。"
        }, 
        {
            "abbrName": "Dep", 
            "eName": "Depictive", 
            "isMapped": true, 
            "cName": "描述", 
            "isCore": false, 
            "def": "在行为过程中声源所处的状态。"
        }, 
        {
            "abbrName": "Loc", 
            "eName": "Location_of_protagonist", 
            "isMapped": true, 
            "cName": "声源位置", 
            "isCore": false, 
            "def": "声源所处的位置，声响从其中发出。"
        }, 
        {
            "abbrName": "manr", 
            "eName": "Manner", 
            "isMapped": true, 
            "cName": "方式", 
            "isCore": false, 
            "def": "描述声音的特征，如：吵闹地，刺耳地，等等。"
        }, 
        {
            "abbrName": "path", 
            "eName": "Path", 
            "isMapped": true, 
            "cName": "路径", 
            "isCore": false, 
            "def": "声响沿着路径从声源处发出。"
        }, 
        {
            "abbrName": "place", 
            "eName": "Place", 
            "isMapped": true, 
            "cName": "处所", 
            "isCore": false, 
            "def": "声源所在的处所。该框架元素和声源位置只是叙述视角不同，实际上指的是同一种情况，二者有明显的语序差别：表示空间的词语在声源之前，表示声源位置的词语在声源之后，\"观众席中发出惊叹声\"这样的没有\"声源\"出现的句子，表示处所的状语仍为声源位置。"
        }, 
        {
            "abbrName": "subr", 
            "eName": "Subregion", 
            "isMapped": true, 
            "cName": "亚区", 
            "isCore": false, 
            "def": "亚区是声源的局部区域，声音从中发出。"
        }, 
        {
            "abbrName": "time", 
            "eName": "Time", 
            "isMapped": true, 
            "cName": "时间", 
            "isCore": false, 
            "def": "有声事件发生的时间。"
        }, 
        {
            "abbrName": "exp", 
            "eName": "Explanation", 
            "isMapped": true, 
            "cName": "解释", 
            "isCore": false, 
            "def": "The Explanation for the Sound_source producing the sound.  Generally, this is some external stimulus that prompts the Sound_source to make noise.\n\nThe planks above him creaked  as Simon hoisted himself inside"
        }, 
        {
            "abbrName": "ICause", 
            "eName": "Internal_cause", 
            "isMapped": true, 
            "cName": "内部原因", 
            "isCore": false, 
            "def": "The noise-making may be prompted by either some outside phenomenon or occurrence, or by an Internal_cause, the mental or emotional state of an animate Sound_source.  Internal_cause is expressed in a PP Complement: \n\nKim hmmmed and haaed in concentration.\nKim wailed in despair."
        }, 
        {
            "abbrName": "cir", 
            "eName": "Circumstances", 
            "isMapped": true, 
            "cName": "环境条件", 
            "isCore": false, 
            "def": "A state or  location of the Sound_source which contributes to the Sound_source's making noise.\n\nLeaves crunched underfoot"
        }, 
        {
            "abbrName": "ite", 
            "eName": "Iterations", 
            "isMapped": true, 
            "cName": "次数", 
            "isCore": false, 
            "def": "The number of times the noise-making event takes place.\n\nThe raven cawed twice and flew on a short distance, then sat down again in front of her and cawed again twice. "
        }, 
        {
            "abbrName": "par", 
            "eName": "Particular_iteration", 
            "isMapped": true, 
            "cName": "特定次数", 
            "isCore": false, 
            "def": "This FE indicates that the noise-making event is embedded within a series of similar events."
        }, 
        {
            "abbrName": "dir", 
            "eName": null, 
            "isMapped": false, 
            "cName": "方向", 
            "isCore": false, 
            "def": "表示声源朝哪里或朝谁发出声音，注意该元素有时和信息接收者容易产生混淆，但是信息接收者元素不能做介词短语的宾语，而方向需要用介词短语表示。"
        }
    ], 
    "lexElmt": [
        {
            "word": "哀嚎", 
            "POS": "v"
        }, 
        {
            "word": "哀号", 
            "POS": "v"
        }, 
        {
            "word": "吵嚷", 
            "POS": "v"
        }, 
        {
            "word": "吹哨", 
            "POS": "v"
        }, 
        {
            "word": "打鼾", 
            "POS": "v"
        }, 
        {
            "word": "打呼", 
            "POS": "v"
        }, 
        {
            "word": "打呼噜", 
            "POS": "v"
        }, 
        {
            "word": "嘟囔", 
            "POS": "v"
        }, 
        {
            "word": "嘟嚷", 
            "POS": "v"
        }, 
        {
            "word": "发出", 
            "POS": "v"
        }, 
        {
            "word": "吠", 
            "POS": "v"
        }, 
        {
            "word": "咕哝", 
            "POS": "v"
        }, 
        {
            "word": "嚎叫", 
            "POS": "v"
        }, 
        {
            "word": "嚎啕", 
            "POS": "v"
        }, 
        {
            "word": "号叫", 
            "POS": "v"
        }, 
        {
            "word": "哼", 
            "POS": "v"
        }, 
        {
            "word": "哼哼", 
            "POS": "v"
        }, 
        {
            "word": "哼哼哈哈", 
            "POS": "v"
        }, 
        {
            "word": "哄笑", 
            "POS": "v"
        }, 
        {
            "word": "吼", 
            "POS": "v"
        }, 
        {
            "word": "吼叫", 
            "POS": "v"
        }, 
        {
            "word": "回响", 
            "POS": "v"
        }, 
        {
            "word": "尖叫", 
            "POS": "v"
        }, 
        {
            "word": "叫", 
            "POS": "v"
        }, 
        {
            "word": "叫春", 
            "POS": "v"
        }, 
        {
            "word": "叫嚷", 
            "POS": "v"
        }, 
        {
            "word": "狂吠", 
            "POS": "v"
        }, 
        {
            "word": "雷鸣", 
            "POS": "v"
        }, 
        {
            "word": "鸣笛", 
            "POS": "v"
        }, 
        {
            "word": "鸣叫", 
            "POS": "v"
        }, 
        {
            "word": "怒吼", 
            "POS": "v"
        }, 
        {
            "word": "咆哮", 
            "POS": "v"
        }, 
        {
            "word": "呻吟", 
            "POS": "v"
        }, 
        {
            "word": "嘶叫", 
            "POS": "v"
        }, 
        {
            "word": "嘶鸣", 
            "POS": "v"
        }, 
        {
            "word": "啼叫", 
            "POS": "v"
        }, 
        {
            "word": "吞吞吐吐", 
            "POS": "v"
        }, 
        {
            "word": "呜咽", 
            "POS": "v"
        }, 
        {
            "word": "响", 
            "POS": "v"
        }, 
        {
            "word": "响铃", 
            "POS": "v"
        }, 
        {
            "word": "喧哗", 
            "POS": "v"
        }, 
        {
            "word": "吆喝", 
            "POS": "v"
        }, 
        {
            "word": "钟鸣", 
            "POS": "v"
        }
    ], 
    "frameId": 6
}