{
    "fdInfo": {
        "eName": "Change_direction", 
        "cName": "方向改变", 
        "des": "该框架指运动中的转移体改变运动方向。"
    }, 
    "element": [
        {
            "abbrName": "dir", 
            "eName": "Direction", 
            "isMapped": true, 
            "cName": "方向", 
            "isCore": true, 
            "def": "指转移体继续运动的新方向。一般用介词短语的形式或\"方向+目标词\"。"
        }, 
        {
            "abbrName": "thm", 
            "eName": "Theme", 
            "isMapped": true, 
            "cName": "转移体", 
            "isCore": true, 
            "def": "指运动的物体。在很多句子里，该元素显现为靠自己的力量移动的事物，但不一定是有生命的移动者，因此它有别于自主移动者。"
        }, 
        {
            "abbrName": "ang", 
            "eName": "Angle", 
            "isMapped": true, 
            "cName": "角度", 
            "isCore": false, 
            "def": "指转移体运动的新方向与原来方向之间的夹角。"
        }, 
        {
            "abbrName": "New", 
            "eName": "New_situation", 
            "isMapped": true, 
            "cName": "后续事件", 
            "isCore": false, 
            "def": "指方向改变后促成的对转移体产生影响的意想不到的事件。"
        }, 
        {
            "abbrName": "fre", 
            "eName": "Frequency", 
            "isMapped": true, 
            "cName": "次数", 
            "isCore": false, 
            "def": "指方向发生改变的次数。"
        }, 
        {
            "abbrName": "contain_even", 
            "eName": "Containing_event", 
            "isMapped": true, 
            "cName": "上位事件", 
            "isCore": false, 
            "def": "指在方向改变时发生的事件或保持的状态，而且方向的改变本身可以看作其中的一部分。"
        }, 
        {
            "abbrName": "depic", 
            "eName": "Depictive", 
            "isMapped": true, 
            "cName": "形容", 
            "isCore": false, 
            "def": "指用来描写转移体在改变方向的过程中所处状态的短语。"
        }, 
        {
            "abbrName": "exp", 
            "eName": "Explanation", 
            "isMapped": true, 
            "cName": "原因", 
            "isCore": false, 
            "def": "用来解释转移体的方向之所以发生改变的原因。"
        }, 
        {
            "abbrName": "goal", 
            "eName": "Goal", 
            "isMapped": true, 
            "cName": "终点", 
            "isCore": false, 
            "def": "指转移体运动的终止点。"
        }, 
        {
            "abbrName": "mns", 
            "eName": "Means", 
            "isMapped": true, 
            "cName": "方法", 
            "isCore": false, 
            "def": "转移体改变运动方向的方法，方式。"
        }, 
        {
            "abbrName": "path", 
            "eName": "Path", 
            "isMapped": true, 
            "cName": "路径", 
            "isCore": false, 
            "def": "路径指运动的轨迹，不含源点和目标，也不包括方向。"
        }, 
        {
            "abbrName": "p_shape", 
            "eName": "Path_shape", 
            "isMapped": true, 
            "cName": "路径形状", 
            "isCore": false, 
            "def": "指路径的具体形状。"
        }, 
        {
            "abbrName": "re-e", 
            "eName": "Re-encoding", 
            "isMapped": true, 
            "cName": "重编码词", 
            "isCore": false, 
            "def": " 以运动方向改变为主要内容的大概念,，有明确目的的方向改变与这一概念中的行为方式相协调。"
        }, 
        {
            "abbrName": "spd", 
            "eName": "Speed", 
            "isMapped": true, 
            "cName": "速度", 
            "isCore": false, 
            "def": "转移体改变方向过程中运动的快慢。"
        }, 
        {
            "abbrName": "src", 
            "eName": "Source", 
            "isMapped": true, 
            "cName": "起点", 
            "isCore": false, 
            "def": "转移体运动方向开始发生变化的位置。"
        }, 
        {
            "abbrName": "Mea", 
            "eName": "Means_of_motion", 
            "isMapped": true, 
            "cName": "运载工具", 
            "isCore": false, 
            "def": "指让转移体运动的装置或身体部分。 "
        }, 
        {
            "abbrName": "Manr", 
            "eName": "Manner", 
            "isMapped": true, 
            "cName": "态度", 
            "isCore": false, 
            "def": "Any description of the event (or state) which is not covered by more specific FEs, including force (hard, softly), secondary effects (quietly, loudly), and general descriptions comparing events (the same way). In agentive frames, it may indicate salient characteristics of an intentional Theme that affect the action (presumptuously, coldly, deliberately, eagerly, carefully).\n\nI carefully turned left onto Narragansett and worked my way through the debris."
        }, 
        {
            "abbrName": "Thm_c", 
            "eName": "Cotheme", 
            "isMapped": true, 
            "cName": "同伴转移体", 
            "isCore": false, 
            "def": "This is the second moving object, expressed as a direct object or an oblique: \n\n\nI turned right after them, closed in on the rear plane but then discovered another plane from the formation nearing me from the right side."
        }, 
        {
            "abbrName": "Place", 
            "eName": "Place", 
            "isMapped": true, 
            "cName": "发生地", 
            "isCore": false, 
            "def": "The Place is the setting where the change of direction during the Theme's motion occurs.\n\nTurn right at the stop light and follow Park Avenue."
        }, 
        {
            "abbrName": "tim", 
            "eName": "Time", 
            "isMapped": true, 
            "cName": "时间", 
            "isCore": false, 
            "def": "The time at which the change of direction takes place.\n\n\nThen I turned left onto 220th Street."
        }, 
        {
            "abbrName": "pur", 
            "eName": "Purpose", 
            "isMapped": true, 
            "cName": "目的", 
            "isCore": false, 
            "def": "The state-of-affairs that the Theme wishes to bring about.\n\n\nThat car was attempting to back in, and had to cut to the left in order to back up the vehicle."
        }, 
        {
            "abbrName": "Cir", 
            "eName": "Circumstances", 
            "isMapped": true, 
            "cName": "环境", 
            "isCore": false, 
            "def": "The state of the world (at a particular time and place) which is specifically independent of the change of direction event itself and any of its participants, and is merely peripherally related to the event as a whole."
        }, 
        {
            "abbrName": "res", 
            "eName": "Result", 
            "isMapped": true, 
            "cName": "结果", 
            "isCore": false, 
            "def": "The situation that results from the change of direction"
        }
    ], 
    "lexElmt": [
        {
            "word": "摆动", 
            "POS": "v"
        }, 
        {
            "word": "调转", 
            "POS": "v"
        }, 
        {
            "word": "掉", 
            "POS": "v"
        }, 
        {
            "word": "掉头", 
            "POS": "v"
        }, 
        {
            "word": "掉转", 
            "POS": "v"
        }, 
        {
            "word": "拐", 
            "POS": "v"
        }, 
        {
            "word": "拐弯", 
            "POS": "v"
        }, 
        {
            "word": "回旋", 
            "POS": "v"
        }, 
        {
            "word": "盘旋", 
            "POS": "v"
        }, 
        {
            "word": "旋转", 
            "POS": "v"
        }, 
        {
            "word": "转", 
            "POS": "v"
        }, 
        {
            "word": "转动", 
            "POS": "v"
        }, 
        {
            "word": "转圈", 
            "POS": "v"
        }, 
        {
            "word": "转弯", 
            "POS": "v"
        }, 
        {
            "word": "转向", 
            "POS": "v"
        }
    ], 
    "frameId": 45
}