{
    "fdInfo": {
        "eName": "Placing_scenario", 
        "cName": "放置场景", 
        "des": "这个框架表示的是抽象的场景。在该场景中，施动者操纵着转移体的位置，从而使终点和转移体最终放置的地点重合。制作该框架主要是处于框架继承关系方面的考虑。"
    }, 
    "element": [
        {
            "abbrName": "agt", 
            "eName": "Agent", 
            "isMapped": true, 
            "cName": "施动者", 
            "isCore": true, 
            "def": "施动者是放置动作的发起者。"
        }, 
        {
            "abbrName": "cause", 
            "eName": "Cause", 
            "isMapped": true, 
            "cName": "致因", 
            "isCore": true, 
            "def": "该框架元素指的是一个事件，该事件导致了对终点进行放置。"
        }, 
        {
            "abbrName": "goal", 
            "eName": "Goal", 
            "isMapped": true, 
            "cName": "终点", 
            "isCore": true, 
            "def": "终点指的是被放置的区域或容器。在这个框架中终点通常是名词性短语的宾语。"
        }, 
        {
            "abbrName": "thm", 
            "eName": "Theme", 
            "isMapped": true, 
            "cName": "转移体", 
            "isCore": true, 
            "def": "转移体是位置发生变化的客体或物质。"
        }, 
        {
            "abbrName": "degr", 
            "eName": "Degree", 
            "isMapped": true, 
            "cName": "程度", 
            "isCore": false, 
            "def": "放置的程度。"
        }, 
        {
            "abbrName": "depic", 
            "eName": "Depictive", 
            "isMapped": true, 
            "cName": "形容", 
            "isCore": false, 
            "def": "描述施动者填充放置动作的描述性短语。"
        }, 
        {
            "abbrName": "expla", 
            "eName": "Explanation", 
            "isMapped": true, 
            "cName": "解释", 
            "isCore": false, 
            "def": "解释指施动者填充或覆盖终点的原因。"
        }, 
        {
            "abbrName": "instru", 
            "eName": "Instrument", 
            "isMapped": true, 
            "cName": "工具", 
            "isCore": false, 
            "def": "放置行为所使用的工具。"
        }, 
        {
            "abbrName": "manr", 
            "eName": "Manner", 
            "isMapped": true, 
            "cName": "方式", 
            "isCore": false, 
            "def": "放置的方式。"
        }, 
        {
            "abbrName": "mns", 
            "eName": "Means", 
            "isMapped": true, 
            "cName": "方法", 
            "isCore": false, 
            "def": "放置的方法。"
        }, 
        {
            "abbrName": "path", 
            "eName": "Path", 
            "isMapped": true, 
            "cName": "路径", 
            "isCore": false, 
            "def": "路径是移动的轨迹。"
        }, 
        {
            "abbrName": "place", 
            "eName": "Place", 
            "isMapped": true, 
            "cName": "处所", 
            "isCore": false, 
            "def": "放置发生的空间场所。"
        }, 
        {
            "abbrName": "result", 
            "eName": "Result", 
            "isMapped": true, 
            "cName": "结果", 
            "isCore": false, 
            "def": "结果是放置行为发生后的结果状态。"
        }, 
        {
            "abbrName": "src", 
            "eName": "Source", 
            "isMapped": true, 
            "cName": "起点", 
            "isCore": false, 
            "def": "起点是转移体开始移动时的地点。"
        }, 
        {
            "abbrName": "subr", 
            "eName": "Subregion", 
            "isMapped": true, 
            "cName": "亚区", 
            "isCore": false, 
            "def": "亚区是放置行为所发生的终点区域中更小的区域。"
        }, 
        {
            "abbrName": "time", 
            "eName": "Time", 
            "isMapped": true, 
            "cName": "时间", 
            "isCore": false, 
            "def": "放置行为发生的的时间。"
        }
    ], 
    "lexElmt": [], 
    "frameId": 383
}