{
    "fdInfo": {
        "eName": "Becoming_separated", 
        "cName": "分离", 
        "des": "一个整体分成若干部分，或者说整体的一部分，称为部分1，与剩余部分,部分2，相分离"
    }, 
    "element": [
        {
            "abbrName": "part-1", 
            "eName": "Part_1", 
            "isMapped": true, 
            "cName": "部分1", 
            "isCore": true, 
            "def": "部分1是提到的两部分中的第一部分。"
        }, 
        {
            "abbrName": "part-2", 
            "eName": "Part_2", 
            "isMapped": true, 
            "cName": "部分2", 
            "isCore": true, 
            "def": "部分2是提到的两部分中的第二部分。通常是介词短语的形式。"
        }, 
        {
            "abbrName": "parts", 
            "eName": "Parts", 
            "isMapped": true, 
            "cName": "部分", 
            "isCore": true, 
            "def": "该框架元素统指从整体分离出的部分。"
        }, 
        {
            "abbrName": "whl", 
            "eName": "Whole", 
            "isMapped": true, 
            "cName": "整体", 
            "isCore": true, 
            "def": "整体既是一个单个的实体也可以是分裂成部分的实体集。"
        }, 
        {
            "abbrName": "crit", 
            "eName": "Criterion", 
            "isMapped": true, 
            "cName": "标准", 
            "isCore": false, 
            "def": "这个框架元素表达与分离相关联的整体的部分或成分的属性。标准通常由“由”引导的介词短语所表达，或者表达为“依据...”这种复杂的介词短语形式。"
        }, 
        {
            "abbrName": "degr", 
            "eName": "Degree", 
            "isMapped": true, 
            "cName": "程度", 
            "isCore": false, 
            "def": "事件发生的程度。"
        }, 
        {
            "abbrName": "depic", 
            "eName": "Depictive", 
            "isMapped": true, 
            "cName": "形容", 
            "isCore": false, 
            "def": "这个框架元素是对任何经受分离的体验者进行形容的描述性短语。"
        }, 
        {
            "abbrName": "manr", 
            "eName": "Manner", 
            "isMapped": true, 
            "cName": "方式", 
            "isCore": false, 
            "def": "执行行为的方式。"
        }, 
        {
            "abbrName": "mns", 
            "eName": "Means", 
            "isMapped": true, 
            "cName": "方法", 
            "isCore": false, 
            "def": "使分离发生的中间行为或事件。"
        }, 
        {
            "abbrName": "place", 
            "eName": "Place", 
            "isMapped": true, 
            "cName": "处所", 
            "isCore": false, 
            "def": "分离发生的空间场所。"
        }, 
        {
            "abbrName": "result", 
            "eName": "Result", 
            "isMapped": true, 
            "cName": "结果", 
            "isCore": false, 
            "def": "该框架元素表明事件的结果。"
        }, 
        {
            "abbrName": "time", 
            "eName": "Time", 
            "isMapped": true, 
            "cName": "时间", 
            "isCore": false, 
            "def": "该框架元素表明分离发生的时间。"
        }
    ], 
    "lexElmt": [
        {
            "word": "分", 
            "POS": "v"
        }, 
        {
            "word": "分兵", 
            "POS": "v"
        }, 
        {
            "word": "分餐", 
            "POS": "v"
        }, 
        {
            "word": "分成", 
            "POS": "v"
        }, 
        {
            "word": "分发", 
            "POS": "v"
        }, 
        {
            "word": "分肥", 
            "POS": "v"
        }, 
        {
            "word": "分割", 
            "POS": "v"
        }, 
        {
            "word": "分隔", 
            "POS": "v"
        }, 
        {
            "word": "分红", 
            "POS": "v"
        }, 
        {
            "word": "分洪", 
            "POS": "v"
        }, 
        {
            "word": "分化", 
            "POS": "v"
        }, 
        {
            "word": "分家", 
            "POS": "v"
        }, 
        {
            "word": "分解", 
            "POS": "v"
        }, 
        {
            "word": "分开", 
            "POS": "v"
        }, 
        {
            "word": "分离", 
            "POS": "v"
        }, 
        {
            "word": "分裂", 
            "POS": "v"
        }, 
        {
            "word": "分流", 
            "POS": "v"
        }, 
        {
            "word": "分屏", 
            "POS": "v"
        }
    ], 
    "frameId": 384
}