{
    "fdInfo": {
        "eName": "Coming_to_believe", 
        "cName": "获知", 
        "des": "认知者形成对某事物的认识（内容），有时需要经过一番思考或借助于另一个人或事物（根据/方法）才能形成这种认识。"
    }, 
    "element": [
        {
            "abbrName": "cog", 
            "eName": "Cognizer", 
            "isMapped": true, 
            "cName": "认知者", 
            "isCore": true, 
            "def": "认知者是形成对事物的认识的人。"
        }, 
        {
            "abbrName": "con", 
            "eName": "Content", 
            "isMapped": true, 
            "cName": "内容", 
            "isCore": true, 
            "def": "内容是认知者大脑中获得的信息。"
        }, 
        {
            "abbrName": "evid", 
            "eName": "Evidence", 
            "isMapped": true, 
            "cName": "根据", 
            "isCore": true, 
            "def": "根据在该框架中一般是某个消息来源、某种常识或者某种认识，用介词短语\"从…\"、\"根据…\"等表示。"
        }, 
        {
            "abbrName": "mns", 
            "eName": "Means", 
            "isMapped": true, 
            "cName": "方法", 
            "isCore": true, 
            "def": "帮助认知者完成获知行为的手段。"
        }, 
        {
            "abbrName": "top", 
            "eName": "Topic", 
            "isMapped": true, 
            "cName": "主题", 
            "isCore": true, 
            "def": "该框架中，有时出现关涉元素，形式是介词短语\"关于/对于…\"等。"
        }, 
        {
            "abbrName": "med", 
            "eName": "Medium", 
            "isMapped": true, 
            "cName": "媒介", 
            "isCore": true, 
            "def": "Medium is the text created by the Cognizer to communicate that they came to believe a specified Content."
        }, 
        {
            "abbrName": "degr", 
            "eName": "Degree", 
            "isMapped": true, 
            "cName": "程度", 
            "isCore": false, 
            "def": "描述事件有层级差别的属性，表示事件达到了什么水平。"
        }, 
        {
            "abbrName": "depic", 
            "eName": "Depictive", 
            "isMapped": true, 
            "cName": "形容", 
            "isCore": false, 
            "def": "该元素在句法上从属于目标词，做状语/定语/补语，但在语义上描写的却是事件的参与者，表示参与者在事件过程中所处的状态。"
        }, 
        {
            "abbrName": "manr", 
            "eName": "Manner", 
            "isMapped": true, 
            "cName": "方式", 
            "isCore": false, 
            "def": "该元素是一个杂类，在无法归入其他各类非核心框架元素的情况下，凡是描述获知活动的特征或所处状态的成分，都归入该元素，如\"容易、很难\"等。注意，修饰元素是对事件本身的描述，而形容元素是对事件参与者的描述。"
        }, 
        {
            "abbrName": "time", 
            "eName": "Time", 
            "isMapped": true, 
            "cName": "时间", 
            "isCore": false, 
            "def": "认知者得知内容的时间。"
        }, 
        {
            "abbrName": "pla", 
            "eName": "Place", 
            "isMapped": true, 
            "cName": "地点", 
            "isCore": false, 
            "def": "The location at which the Cognizer realizes the Content.\n\nBack at the tailor's shop, I deduced that our murderer was not the owner of the kerchief."
        }
    ], 
    "lexElmt": [
        {
            "word": "得悉", 
            "POS": "v"
        }, 
        {
            "word": "得知", 
            "POS": "v"
        }, 
        {
            "word": "洞察", 
            "POS": "v"
        }, 
        {
            "word": "洞见", 
            "POS": "v"
        }, 
        {
            "word": "获悉", 
            "POS": "v"
        }, 
        {
            "word": "获知", 
            "POS": "v"
        }, 
        {
            "word": "看", 
            "POS": "v"
        }, 
        {
            "word": "看穿", 
            "POS": "v"
        }, 
        {
            "word": "看清", 
            "POS": "v"
        }, 
        {
            "word": "看透", 
            "POS": "v"
        }, 
        {
            "word": "弄明白", 
            "POS": "v"
        }, 
        {
            "word": "认识到", 
            "POS": "v"
        }, 
        {
            "word": "探悉", 
            "POS": "v"
        }, 
        {
            "word": "探知", 
            "POS": "v"
        }, 
        {
            "word": "悟出", 
            "POS": "v"
        }, 
        {
            "word": "意识到", 
            "POS": "v"
        }, 
        {
            "word": "知悉", 
            "POS": "v"
        }
    ], 
    "frameId": 2
}