{
    "fdInfo": {
        "eName": "Touring", 
        "cName": "游览", 
        "des": "游客以欣赏和学习为目的游览具有独特历史或人文的景点。一般而言，会有导游、旅游手册、或一些展览来讲解景点信息。"
    }, 
    "element": [
        {
            "abbrName": "attractn", 
            "eName": "Attraction", 
            "isMapped": true, 
            "cName": "景点", 
            "isCore": true, 
            "def": "游客游览的社会公认的独特场所。"
        }, 
        {
            "abbrName": "tourist", 
            "eName": "Tourist", 
            "isMapped": true, 
            "cName": "游客", 
            "isCore": true, 
            "def": "在景点游览的个体。"
        }, 
        {
            "abbrName": "co-part", 
            "eName": "Co-participant", 
            "isMapped": true, 
            "cName": "伴随者", 
            "isCore": false, 
            "def": "伴随者指的是在旅游事件中与游客一起游览的实体。"
        }, 
        {
            "abbrName": "depic", 
            "eName": "Depictive", 
            "isMapped": true, 
            "cName": "形容", 
            "isCore": false, 
            "def": "游客在景点游览过程中的一种状态。"
        }, 
        {
            "abbrName": "dura", 
            "eName": "Duration", 
            "isMapped": true, 
            "cName": "时量", 
            "isCore": false, 
            "def": "游览活动持续的时间量。"
        }, 
        {
            "abbrName": "ground", 
            "eName": "Ground", 
            "isMapped": true, 
            "cName": "背景", 
            "isCore": false, 
            "def": "旅客游览景点时的感知背景。"
        }, 
        {
            "abbrName": "manr", 
            "eName": "Manner", 
            "isMapped": true, 
            "cName": "方式", 
            "isCore": false, 
            "def": "在与其他事件相比较时，对游览事件的细节所进行的描述（如：同样地），或者就游客的状态对游览事件的影响而言（如快乐的，未察觉的） 。"
        }, 
        {
            "abbrName": "mns", 
            "eName": "Means", 
            "isMapped": true, 
            "cName": "方法", 
            "isCore": false, 
            "def": "方法是指游客游览时所使用的方法。"
        }, 
        {
            "abbrName": "part_iter", 
            "eName": "Particular_iteration", 
            "isMapped": true, 
            "cName": "特定次数", 
            "isCore": false, 
            "def": "这个外部题元框架元素所标记的语言表述限定了目标词的非重复使用，并表明该种植行为是隐含在一系列的相似事件或状态之中的。"
        }, 
        {
            "abbrName": "place", 
            "eName": "Place", 
            "isMapped": true, 
            "cName": "处所", 
            "isCore": false, 
            "def": "游览发生的空间场所。"
        }, 
        {
            "abbrName": "time", 
            "eName": "Time", 
            "isMapped": true, 
            "cName": "时间", 
            "isCore": false, 
            "def": "游览发生的时间。"
        }, 
        {
            "abbrName": "purp", 
            "eName": "Purpose", 
            "isMapped": true, 
            "cName": "目的", 
            "isCore": false, 
            "def": "游客通过游览想实现的某种行为。通常（至少）是娱乐和学习。"
        }
    ], 
    "lexElmt": [
        {
            "word": "参观", 
            "POS": "v"
        }, 
        {
            "word": "畅游", 
            "POS": "v"
        }, 
        {
            "word": "观光", 
            "POS": "v"
        }, 
        {
            "word": "观览", 
            "POS": "v"
        }, 
        {
            "word": "郊游", 
            "POS": "v"
        }, 
        {
            "word": "漫游", 
            "POS": "v"
        }, 
        {
            "word": "踏青", 
            "POS": "v"
        }, 
        {
            "word": "巡游", 
            "POS": "v"
        }, 
        {
            "word": "游逛", 
            "POS": "v"
        }, 
        {
            "word": "游览", 
            "POS": "v"
        }, 
        {
            "word": "游山逛水", 
            "POS": "v"
        }, 
        {
            "word": "游山玩水", 
            "POS": "v"
        }, 
        {
            "word": "游玩", 
            "POS": "v"
        }, 
        {
            "word": "周游", 
            "POS": "v"
        }
    ], 
    "frameId": 336
}