{
    "fdInfo": {
        "eName": "Reporting", 
        "cName": "举报", 
        "des": "告发者向当局揭发作恶者的不法或不当行为。"
    }, 
    "element": [
        {
            "abbrName": "auth", 
            "eName": "Authorities", 
            "isMapped": true, 
            "cName": "官方", 
            "isCore": true, 
            "def": "当局是指处理不良行为的官员、政府机构等。"
        }, 
        {
            "abbrName": "inf", 
            "eName": "Informer", 
            "isMapped": true, 
            "cName": "告发者", 
            "isCore": true, 
            "def": "告发者向当局告发作恶者的行为。"
        }, 
        {
            "abbrName": "wd", 
            "eName": "Wrongdoer", 
            "isMapped": true, 
            "cName": "作恶者", 
            "isCore": true, 
            "def": "作恶者的行为被举报给当局"
        }, 
        {
            "abbrName": "beh", 
            "eName": "Behavior", 
            "isMapped": true, 
            "cName": "行为", 
            "isCore": true, 
            "def": "行为是指作恶者被举报的行为或系列行为（即行动）"
        }, 
        {
            "abbrName": "time", 
            "eName": "Time", 
            "isMapped": true, 
            "cName": "时间", 
            "isCore": false, 
            "def": "时间是指告发者告发作恶者行为的时间"
        }, 
        {
            "abbrName": "place", 
            "eName": "Place", 
            "isMapped": true, 
            "cName": "处所", 
            "isCore": false, 
            "def": "处所是指举报行为发生的场所。"
        }, 
        {
            "abbrName": "purp", 
            "eName": "Purpose", 
            "isMapped": true, 
            "cName": "目的", 
            "isCore": false, 
            "def": "目的是指告发者告发作恶者的意图。"
        }
    ], 
    "lexElmt": [
        {
            "word": "报案", 
            "POS": "v"
        }, 
        {
            "word": "报警", 
            "POS": "v"
        }, 
        {
            "word": "打小报告", 
            "POS": "v"
        }, 
        {
            "word": "告发", 
            "POS": "v"
        }, 
        {
            "word": "告密", 
            "POS": "v"
        }, 
        {
            "word": "告状", 
            "POS": "v"
        }, 
        {
            "word": "检举", 
            "POS": "v"
        }, 
        {
            "word": "检举揭发", 
            "POS": "i"
        }, 
        {
            "word": "揭发", 
            "POS": "v"
        }, 
        {
            "word": "举报", 
            "POS": "v"
        }, 
        {
            "word": "举发", 
            "POS": "v"
        }, 
        {
            "word": "控告", 
            "POS": "v"
        }, 
        {
            "word": "线人", 
            "POS": "n"
        }
    ], 
    "frameId": 306
}