{
    "fdInfo": {
        "eName": "Detaining", 
        "cName": "拘留", 
        "des": "官方关押了犯罪嫌疑人，其被怀疑犯有某种罪行(指控罪名)，关押地点和关押时间也可能被提及，是刑事诉讼强制措施的一种。"
    }, 
    "element": [
        {
            "abbrName": "auth", 
            "eName": "Authorities", 
            "isMapped": true, 
            "cName": "官方", 
            "isCore": true, 
            "def": "官方指决定拘留的机构，一般指公安机关和人民检察院。"
        }, 
        {
            "abbrName": "suspect", 
            "eName": "Suspect", 
            "isMapped": true, 
            "cName": "嫌疑人", 
            "isCore": true, 
            "def": "犯罪嫌疑人是被指控犯罪的人。"
        }, 
        {
            "abbrName": "chrgs", 
            "eName": "Charges", 
            "isMapped": true, 
            "cName": "指控", 
            "isCore": false, 
            "def": "该元素表明犯罪嫌疑人受到指控的罪行。"
        }, 
        {
            "abbrName": "dura", 
            "eName": "Duration", 
            "isMapped": true, 
            "cName": "时量", 
            "isCore": false, 
            "def": "此元素表明犯罪嫌疑人被关押的持续时间。"
        }, 
        {
            "abbrName": "hold_loc", 
            "eName": "Holding_Location", 
            "isMapped": true, 
            "cName": "限制地点", 
            "isCore": false, 
            "def": "此元素指的是犯罪嫌疑人被关押的地点。"
        }, 
        {
            "abbrName": "leg_basis", 
            "eName": "Legal_basis", 
            "isMapped": true, 
            "cName": "法律依据", 
            "isCore": false, 
            "def": "此元素表明官方拘留犯罪嫌疑人的法律依据。"
        }, 
        {
            "abbrName": "place", 
            "eName": "Place", 
            "isMapped": true, 
            "cName": "处所", 
            "isCore": false, 
            "def": "该元素指拘留发生的地点。"
        }, 
        {
            "abbrName": "purp", 
            "eName": "Purpose", 
            "isMapped": true, 
            "cName": "目的", 
            "isCore": false, 
            "def": "此元素指官方拘留犯罪嫌疑人的目的"
        }, 
        {
            "abbrName": "time", 
            "eName": "Time", 
            "isMapped": true, 
            "cName": "时间", 
            "isCore": false, 
            "def": "该元素指拘留发生的时间。"
        }, 
        {
            "abbrName": "State", 
            "eName": "Dependent_state", 
            "isMapped": true, 
            "cName": "依存状态", 
            "isCore": false, 
            "def": "This FE identifies the state of the Suspect being held. Snake was held in communicado."
        }
    ], 
    "lexElmt": [
        {
            "word": "禁闭", 
            "POS": "v"
        }, 
        {
            "word": "拘留", 
            "POS": "n"
        }, 
        {
            "word": "拘留", 
            "POS": "v"
        }, 
        {
            "word": "收押", 
            "POS": "v"
        }, 
        {
            "word": "在押", 
            "POS": "v"
        }
    ], 
    "frameId": 60
}