{
    "fdInfo": {
        "eName": "Progress", 
        "cName": "进展", 
        "des": "一个实体在事件的发展过程中，由前状态变为后状态。"
    }, 
    "element": [
        {
            "abbrName": "ent", 
            "eName": "Entity", 
            "isMapped": true, 
            "cName": "实体", 
            "isCore": true, 
            "def": "指经历变化的事物。"
        }, 
        {
            "abbrName": "Exp", 
            "eName": "Explanation", 
            "isMapped": true, 
            "def_eng": "An event or state of affairs that brings about the development of the Entity.\n\n", 
            "cName": "原因", 
            "isCore": false, 
            "def": "使实体发生变化的事件或状态。"
        }, 
        {
            "abbrName": "degr", 
            "eName": "Degree", 
            "isMapped": true, 
            "cName": "程度", 
            "isCore": false, 
            "def": "实体的进展程度。"
        }, 
        {
            "abbrName": "manr", 
            "eName": "Manner", 
            "isMapped": true, 
            "cName": "方式", 
            "isCore": false, 
            "def": "该框架元素描述事件所处的状态，是一个杂类，凡是无法归入其他更加具体的框架元素时，都归入修饰元素；做动词目标词的状语或补语，名词目标词的定语。"
        }, 
        {
            "abbrName": "post_s", 
            "eName": "Post_state", 
            "isMapped": true, 
            "cName": "后状态", 
            "isCore": false, 
            "def": "实体发展之后的状态。"
        }, 
        {
            "abbrName": "pri_s", 
            "eName": "Prior_state", 
            "isMapped": true, 
            "cName": "前状态", 
            "isCore": false, 
            "def": "实体以前的状态。"
        }, 
        {
            "abbrName": "freq", 
            "eName": "Frequency", 
            "isMapped": true, 
            "def_eng": "How often the Progress event occurs. ", 
            "cName": "频率", 
            "isCore": false, 
            "def": "表示事件在单位时间内所发生的次数。"
        }, 
        {
            "abbrName": "time", 
            "eName": "Time", 
            "isMapped": true, 
            "cName": "时间", 
            "isCore": false, 
            "def": "变化发生的时间。"
        }, 
        {
            "abbrName": "rat", 
            "eName": "Rate", 
            "isMapped": true, 
            "cName": "速度", 
            "isCore": false, 
            "def": "The rate at which the change happens.\n\nHis captaincy has slowly matured until he has made us forget the sulky Nasser Hussian era"
        }, 
        {
            "abbrName": "dur", 
            "eName": "Duration", 
            "isMapped": true, 
            "cName": "时量", 
            "isCore": false, 
            "def": "The period over which the progress occurs.\n\nScrewcap wine seals enable bottle maturation, and provide ideal conditions for maturation of wines over a long period of time."
        }, 
        {
            "abbrName": "dom", 
            "eName": "Domain", 
            "isMapped": true, 
            "cName": "领域", 
            "isCore": false, 
            "def": "The relevant dimension of development.\n\nWhy have we developed economically as we have? "
        }, 
        {
            "abbrName": "pla", 
            "eName": "Place", 
            "isMapped": true, 
            "cName": "处所", 
            "isCore": false, 
            "def": "The location where the Progress occurs."
        }, 
        {
            "abbrName": null, 
            "eName": "Event_description", 
            "isMapped": true, 
            "cName": "事件描述", 
            "isCore": false, 
            "def": "This FE describes the state of affairs denoted by the target as role fillers in other frames"
        }, 
        {
            "abbrName": null, 
            "eName": "Circumstances", 
            "isMapped": true, 
            "cName": "环境条件", 
            "isCore": false, 
            "def": "Circumstances describe the state of the world (at a particular time and place) which is specifically independent of the event itself and any of its participants."
        }, 
        {
            "abbrName": "agt", 
            "eName": "Agent", 
            "isMapped": false, 
            "cName": "施动者", 
            "isCore": false, 
            "def": "使实体得以发展的个人或团体。"
        }, 
        {
            "abbrName": "dur_fin_st", 
            "eName": "Duration_of_final_state", 
            "isMapped": false, 
            "cName": "结果时量", 
            "isCore": false, 
            "def": "进展结果保持的时间。"
        }
    ], 
    "lexElmt": [
        {
            "word": "发展", 
            "POS": "v"
        }, 
        {
            "word": "进展", 
            "POS": "v"
        }
    ], 
    "frameId": 58
}