{
    "fdInfo": {
        "eName": "Borrowing", 
        "cName": "借入", 
        "des": "借入方拥有一个转移体，且借入方知道他必须在一定时间内将转移体归还给借出方。此框架与借出框架的区别在于：此框架侧重借入方，而借出框架侧重借出方。目前这个框架包括转移事件本身也包括事件的结束状态，如下面例子中的前两个所示：该框架，与其它表临时拥有方式（如“把东西放在你的口袋里一下”）的框架一起，可以从非字面的角度来指“偷”，在这个用法中，借入方是贼，借出方是受害者，转移体是物品，如：没人看，所以我就把他从她那儿“借”了出来。"
    }, 
    "element": [
        {
            "abbrName": "borr", 
            "eName": "Borrower", 
            "isMapped": true, 
            "cName": "借入方", 
            "isCore": true, 
            "def": "指从借出方那里接收到转移体保留一定时量的人。"
        }, 
        {
            "abbrName": "lender", 
            "eName": "Lender", 
            "isMapped": true, 
            "cName": "借出方", 
            "isCore": true, 
            "def": "指出让转移体给借入方一定时量的人或者机构。"
        }, 
        {
            "abbrName": "thm", 
            "eName": "Theme", 
            "isMapped": true, 
            "cName": "转移体", 
            "isCore": true, 
            "def": "借入方从借出方那里接收并保留一定时量的物体。"
        }, 
        {
            "abbrName": "dura", 
            "eName": "Duration", 
            "isMapped": true, 
            "cName": "时量", 
            "isCore": false, 
            "def": "借入方拥有这个转移体所持续的时间总量。"
        }, 
        {
            "abbrName": "manr", 
            "eName": "Manner", 
            "isMapped": true, 
            "cName": "方式", 
            "isCore": false, 
            "def": "借入方从借出方处获得转移体的方式。"
        }, 
        {
            "abbrName": "mnsot", 
            "eName": "Means_of_transfer", 
            "isMapped": true, 
            "cName": "借入方法", 
            "isCore": false, 
            "def": "转让转移体所采用的方法。"
        }, 
        {
            "abbrName": "place", 
            "eName": "Place", 
            "isMapped": true, 
            "cName": "处所", 
            "isCore": false, 
            "def": "借入方从借出方处获得转移体的空间场所。"
        }, 
        {
            "abbrName": "purp", 
            "eName": "Purpose", 
            "isMapped": true, 
            "cName": "目的", 
            "isCore": false, 
            "def": "借入方相信拥有转移体即可达成的目的。"
        }, 
        {
            "abbrName": "time", 
            "eName": "Time", 
            "isMapped": true, 
            "cName": "时间", 
            "isCore": false, 
            "def": "指借入事件发生的时间。"
        }
    ], 
    "lexElmt": [
        {
            "word": "借", 
            "POS": "v"
        }, 
        {
            "word": "借贷", 
            "POS": "v"
        }, 
        {
            "word": "借调", 
            "POS": "v"
        }, 
        {
            "word": "借进", 
            "POS": "f"
        }, 
        {
            "word": "借入", 
            "POS": "f"
        }, 
        {
            "word": "借用", 
            "POS": "v"
        }, 
        {
            "word": "借阅", 
            "POS": "v"
        }, 
        {
            "word": "借债", 
            "POS": "v"
        }, 
        {
            "word": "借账", 
            "POS": "v"
        }
    ], 
    "frameId": 412
}