{
    "fdInfo": {
        "eName": "Rest", 
        "cName": "其余", 
        "des": "整体的一部分已经被提及，或是在话语中可以推知。前面未被陈述的部分，其余，现在被提及。"
    }, 
    "element": [
        {
            "abbrName": "par", 
            "eName": "Part", 
            "isMapped": true, 
            "cName": "部分", 
            "isCore": true, 
            "def": "整体中的一部分已在先前的论述中提及，或在话语中可以推知。"
        }, 
        {
            "abbrName": "rest", 
            "eName": "Rest", 
            "isMapped": true, 
            "cName": "其余", 
            "isCore": true, 
            "def": "以前未提及的部分。"
        }, 
        {
            "abbrName": "whl", 
            "eName": "Whole", 
            "isMapped": true, 
            "cName": "整体", 
            "isCore": true, 
            "def": "由部分和其余成分组成的较大实体或群体。"
        }, 
        {
            "abbrName": "par", 
            "eName": "Part", 
            "isMapped": true, 
            "cName": "部分", 
            "isCore": true, 
            "def": "整体中的一部分已在先前的论述中提及，或在话语中可以推知。"
        }, 
        {
            "abbrName": "rest", 
            "eName": "Rest", 
            "isMapped": true, 
            "cName": "其余", 
            "isCore": true, 
            "def": "以前未提及的部分。"
        }, 
        {
            "abbrName": "whl", 
            "eName": "Whole", 
            "isMapped": true, 
            "cName": "整体", 
            "isCore": true, 
            "def": "由部分和其余成分组成的较大实体或群体。"
        }
    ], 
    "lexElmt": [
        {
            "word": "其他", 
            "POS": "n"
        }, 
        {
            "word": "其余", 
            "POS": "n"
        }
    ], 
    "frameId": 280
}