{
    "fdInfo": {
        "eName": "Assessing", 
        "cName": "评定", 
        "des": "评定者对某现象进行考察，对其某项特征进行评价，赋予该特征一个值，是判断现象的可接受程度的一个决定因素，有时需要使用某种方法（隐含评定者）来判定现象的值。评定者、方法、媒介，有时只出现其一，未出现的也并不属于零形式框架元素，但是，如果都没有出现，就默认为评定者零形式；现象为必有元素，如果句中没有出现，标记为零形式；特征项为可有元素。"
    }, 
    "element": [
        {
            "abbrName": "Asse", 
            "eName": "Assessor", 
            "isMapped": true, 
            "cName": "判断者", 
            "isCore": true, 
            "def": "评定现象的有意识的实体。"
        }, 
        {
            "abbrName": "feat", 
            "eName": "Feature", 
            "isMapped": true, 
            "cName": "特征项", 
            "isCore": true, 
            "def": "评定现象时所针对的性质或特征类型。"
        }, 
        {
            "abbrName": "phen", 
            "eName": "Phenomenon", 
            "isMapped": true, 
            "cName": "现象", 
            "isCore": true, 
            "def": "现象指被评定的实体，现象的某方面特征受到了评价。"
        }, 
        {
            "abbrName": "medium", 
            "eName": "Medium", 
            "isMapped": true, 
            "cName": "媒介", 
            "isCore": true, 
            "def": "媒介是评定者进行评定所使用的物理实体或渠道。"
        }, 
        {
            "abbrName": "met", 
            "eName": "Method", 
            "isMapped": true, 
            "cName": "方法", 
            "isCore": true, 
            "def": "An event or procedure that allows the Assessor to evaluate the Phenomenon.\n\nThe study evaluated the risk of a major quake."
        }, 
        {
            "abbrName": "mns", 
            "eName": "Means", 
            "isMapped": true, 
            "cName": "方法", 
            "isCore": false, 
            "def": "帮助评定者评定现象的事件或程序。"
        }, 
        {
            "abbrName": "freq", 
            "eName": "Frequency", 
            "isMapped": true, 
            "cName": "频率", 
            "isCore": false, 
            "def": "该框架元素表示每个单位时间内评定的次数。"
        }, 
        {
            "abbrName": "co-p", 
            "eName": "Co-participant", 
            "isMapped": true, 
            "cName": "伴随者", 
            "isCore": false, 
            "def": "在评定过程中，评定者和现象以外的共同参与评定过程的人"
        }, 
        {
            "abbrName": "place", 
            "eName": "Place", 
            "isMapped": true, 
            "cName": "处所", 
            "isCore": false, 
            "def": "评定发生的场所。"
        }, 
        {
            "abbrName": "purp", 
            "eName": "Purpose", 
            "isMapped": true, 
            "cName": "目的", 
            "isCore": false, 
            "def": "评定者希望通过评定某现象而实现的目标。"
        }, 
        {
            "abbrName": "evid", 
            "eName": "Evidence", 
            "isMapped": true, 
            "cName": "根据", 
            "isCore": false, 
            "def": "证据即评定者所掌握的事实，这个事实成为评定现象的根据。"
        }, 
        {
            "abbrName": "manr", 
            "eName": "Manner", 
            "isMapped": true, 
            "cName": "方式", 
            "isCore": false, 
            "def": "修饰元素是指评定者的行为或者特点，它们对评定者的评定活动有重要影响。"
        }, 
        {
            "abbrName": "time", 
            "eName": "Time", 
            "isMapped": true, 
            "cName": "时间", 
            "isCore": false, 
            "def": "评定者作出评定的时间。"
        }, 
        {
            "abbrName": "value", 
            "eName": "Value", 
            "isMapped": true, 
            "cName": "值", 
            "isCore": false, 
            "def": "（根据某些衡量标准）给现象定的等级或评价，表明现象的可接受程度或受欢迎程度。"
        }, 
        {
            "abbrName": "sta", 
            "eName": "Standard", 
            "isMapped": true, 
            "cName": "标准", 
            "isCore": false, 
            "def": "An entity that the Phenomenon is compared to in the assessment.\n\nSmiter weighed his chances in the snow against the danger posed by the troop of sycophants hurtling towards him. "
        }, 
        {
            "abbrName": "Ben", 
            "eName": "Beneficiary", 
            "isMapped": true, 
            "cName": "受惠者", 
            "isCore": false, 
            "def": "This extrathematic FE applies to participants that derive a benefit from the occurrence of the event specified by the target predicate. Further, the target predicate should involve some sort of Agent that intends that the benefit go to the Beneficiary."
        }, 
        {
            "abbrName": null, 
            "eName": "Depictive", 
            "isMapped": true, 
            "cName": "形容", 
            "isCore": false, 
            "def": "This FE describes a participant of the state of affairs introduced by the target as being in some state during the action. The depicted state does not necessarily or usually facilitate or cause the state of affairs reported by the target. "
        }, 
        {
            "abbrName": null, 
            "eName": "Degree", 
            "isMapped": true, 
            "cName": "程度", 
            "isCore": false, 
            "def": "This frame element selects some gradable attribute and modifies the expected value for it."
        }, 
        {
            "abbrName": null, 
            "eName": "Circumstances", 
            "isMapped": true, 
            "cName": "环境条件", 
            "isCore": false, 
            "def": "The state of the world at a partiicular time and place. "
        }, 
        {
            "abbrName": null, 
            "eName": "Result", 
            "isMapped": true, 
            "cName": "结果", 
            "isCore": false, 
            "def": "The result of the assessing. "
        }, 
        {
            "abbrName": null, 
            "eName": "Duration", 
            "isMapped": true, 
            "cName": "持续时间", 
            "isCore": false, 
            "def": "This FE denotes the length of time during which a continuous event occurs."
        }, 
        {
            "abbrName": null, 
            "eName": "Explanation", 
            "isMapped": true, 
            "cName": "解释", 
            "isCore": false, 
            "def": "The Explanation denotes a proposition from which the main clause (headed by the target) logically follows. "
        }
    ], 
    "lexElmt": [
        {
            "word": "裁判", 
            "POS": "v"
        }, 
        {
            "word": "测试", 
            "POS": "v"
        }, 
        {
            "word": "打分", 
            "POS": "v"
        }, 
        {
            "word": "掂量", 
            "POS": "v"
        }, 
        {
            "word": "断定", 
            "POS": "v"
        }, 
        {
            "word": "估计", 
            "POS": "v"
        }, 
        {
            "word": "估价", 
            "POS": "v"
        }, 
        {
            "word": "估量", 
            "POS": "v"
        }, 
        {
            "word": "估算", 
            "POS": "v"
        }, 
        {
            "word": "鉴定", 
            "POS": "v"
        }, 
        {
            "word": "考查", 
            "POS": "v"
        }, 
        {
            "word": "考核", 
            "POS": "v"
        }, 
        {
            "word": "考绩", 
            "POS": "v"
        }, 
        {
            "word": "考勤", 
            "POS": "v"
        }, 
        {
            "word": "论（论功行赏）", 
            "POS": "v"
        }, 
        {
            "word": "判", 
            "POS": "v"
        }, 
        {
            "word": "判定", 
            "POS": "v"
        }, 
        {
            "word": "品第", 
            "POS": "v"
        }, 
        {
            "word": "评", 
            "POS": "v"
        }, 
        {
            "word": "评比", 
            "POS": "v"
        }, 
        {
            "word": "评测", 
            "POS": "v"
        }, 
        {
            "word": "评定", 
            "POS": "v"
        }, 
        {
            "word": "评分", 
            "POS": "v"
        }, 
        {
            "word": "评工", 
            "POS": "v"
        }, 
        {
            "word": "评估", 
            "POS": "v"
        }, 
        {
            "word": "评级", 
            "POS": "v"
        }, 
        {
            "word": "评模", 
            "POS": "v"
        }, 
        {
            "word": "评判", 
            "POS": "v"
        }, 
        {
            "word": "评为", 
            "POS": "v"
        }, 
        {
            "word": "评薪", 
            "POS": "v"
        }, 
        {
            "word": "铨叙", 
            "POS": "v"
        }, 
        {
            "word": "询事考言", 
            "POS": "i"
        }
    ], 
    "frameId": 74
}