{
    "fdInfo": {
        "eName": "Emptying", 
        "cName": "清空", 
        "des": "这个框架描述的是排空容器或清空某一范围内的物质或物品（即转移体）。这里的范围或者容器可以作为动词的直接宾语出现，因为它是转移体运动的起点，所以被定义为源点。在本框架中，某些词如排出，还伴随着路径或目标"
    }, 
    "element": [
        {
            "abbrName": "agt", 
            "eName": "Agent", 
            "isMapped": true, 
            "cName": "施动者", 
            "isCore": true, 
            "def": "致动者是执行倒空动作的人。"
        }, 
        {
            "abbrName": "cause", 
            "eName": "Cause", 
            "isMapped": true, 
            "cName": "致因", 
            "isCore": true, 
            "def": "致因是引起清空的没有意识的实体、力量或者事件。"
        }, 
        {
            "abbrName": "src", 
            "eName": "Source", 
            "isMapped": true, 
            "cName": "起点", 
            "isCore": true, 
            "def": "源点是被清空某些东西的区域或容器。在本框架里，源点以名词短语作宾语的形式出现。"
        }, 
        {
            "abbrName": "thm", 
            "eName": "Theme", 
            "isMapped": true, 
            "cName": "转移体", 
            "isCore": true, 
            "def": "转移体是被清理出某区域或容器的实体。"
        }, 
        {
            "abbrName": "circ", 
            "eName": "Circumstances", 
            "isMapped": true, 
            "cName": "环境条件", 
            "isCore": false, 
            "def": "环境条件是指明显独立于事件本身和事件参与者的状态（在特定的时间和地点）。"
        }, 
        {
            "abbrName": "contain_even", 
            "eName": "Containing_event", 
            "isMapped": true, 
            "cName": "上位事件", 
            "isCore": false, 
            "def": "该元素的作用是把目标词所表示的事件置于一个更大的事件过程中，使目标词成为其中的一部分。"
        }, 
        {
            "abbrName": "degr", 
            "eName": "Degree", 
            "isMapped": true, 
            "cName": "程度", 
            "isCore": false, 
            "def": "指致动者清空源点的程度。"
        }, 
        {
            "abbrName": "depic", 
            "eName": "Depictive", 
            "isMapped": true, 
            "cName": "形容", 
            "isCore": false, 
            "def": "指描写排空事件的致动者或转移体的形容词短语。"
        }, 
        {
            "abbrName": "expla", 
            "eName": "Explanation", 
            "isMapped": true, 
            "cName": "解释", 
            "isCore": false, 
            "def": "解释描述了一个由目标词引导的主句在逻辑上所跟随的命题。这表明，大多数情况下，解释引起了目标词语所述的命题，但并不是所有情况都是如此。"
        }, 
        {
            "abbrName": "goal", 
            "eName": "Goal", 
            "isMapped": true, 
            "cName": "终点", 
            "isCore": false, 
            "def": "目标指任何表示转移体终止、或者将要终止的作为运动结果的表述。"
        }, 
        {
            "abbrName": "instru", 
            "eName": "Instrument", 
            "isMapped": true, 
            "cName": "工具", 
            "isCore": false, 
            "def": "这是致动者清空源点所利用的物体。"
        }, 
        {
            "abbrName": "manr", 
            "eName": "Manner", 
            "isMapped": true, 
            "cName": "方式", 
            "isCore": false, 
            "def": "指对致动者清空源点的描述。"
        }, 
        {
            "abbrName": "mns", 
            "eName": "Means", 
            "isMapped": true, 
            "cName": "方法", 
            "isCore": false, 
            "def": "致动者清空源点凭借的手段。"
        }, 
        {
            "abbrName": "path", 
            "eName": "Path", 
            "isMapped": true, 
            "cName": "路径", 
            "isCore": false, 
            "def": "路径指任何运动轨迹的描述，运动主体既不是源点也不是目标。"
        }, 
        {
            "abbrName": "place", 
            "eName": "Place", 
            "isMapped": true, 
            "cName": "处所", 
            "isCore": false, 
            "def": "清空事件发生的场所。"
        }, 
        {
            "abbrName": "result", 
            "eName": "Result", 
            "isMapped": true, 
            "cName": "结果", 
            "isCore": false, 
            "def": "指致动者清空源点的结果。"
        }, 
        {
            "abbrName": "time", 
            "eName": "Time", 
            "isMapped": true, 
            "cName": "时间", 
            "isCore": false, 
            "def": "清空事件发生的时间。"
        }, 
        {
            "abbrName": null, 
            "eName": "Purpose", 
            "isMapped": true, 
            "cName": "目的", 
            "isCore": false, 
            "def": "The reason why the Agent empties the Source of the Theme. "
        }
    ], 
    "lexElmt": [
        {
            "word": "拔除", 
            "POS": "v"
        }, 
        {
            "word": "摒除", 
            "POS": "v"
        }, 
        {
            "word": "摒弃", 
            "POS": "v"
        }, 
        {
            "word": "除掉", 
            "POS": "v"
        }, 
        {
            "word": "除去", 
            "POS": "v"
        }, 
        {
            "word": "倒", 
            "POS": "v"
        }, 
        {
            "word": "空", 
            "POS": "v"
        }, 
        {
            "word": "排", 
            "POS": "v"
        }, 
        {
            "word": "排出", 
            "POS": "v"
        }, 
        {
            "word": "排除", 
            "POS": "v"
        }, 
        {
            "word": "排放", 
            "POS": "v"
        }, 
        {
            "word": "排气", 
            "POS": "v"
        }, 
        {
            "word": "排遣", 
            "POS": "v"
        }, 
        {
            "word": "排水", 
            "POS": "v"
        }, 
        {
            "word": "排泄", 
            "POS": "v"
        }, 
        {
            "word": "清除", 
            "POS": "v"
        }, 
        {
            "word": "去掉", 
            "POS": "v"
        }, 
        {
            "word": "删除", 
            "POS": "v"
        }, 
        {
            "word": "腾", 
            "POS": "v"
        }, 
        {
            "word": "剔除", 
            "POS": "v"
        }
    ], 
    "frameId": 227
}