{
    "fdInfo": {
        "eName": "Rape", 
        "cName": "强奸", 
        "des": "指违背妇女意志，强行与其发生性交的行为。犯罪者采取的手段可以是暴力、胁迫或其他手段，这些手段使妇女陷于不知反抗、不能反抗或不敢反抗的境地。"
    }, 
    "element": [
        {
            "abbrName": "perp", 
            "eName": "Perpetrator", 
            "isMapped": true, 
            "cName": "犯罪者", 
            "isCore": true, 
            "def": "违背妇女意志强行与其发生性交的人。"
        }, 
        {
            "abbrName": "vic", 
            "eName": "Victim", 
            "isMapped": true, 
            "cName": "受害者", 
            "isCore": true, 
            "def": "被迫与犯罪者发生性交的妇女。"
        }, 
        {
            "abbrName": "degr", 
            "eName": "Degree", 
            "isMapped": true, 
            "cName": "程度", 
            "isCore": false, 
            "def": "强奸行为的危害程度。"
        }, 
        {
            "abbrName": "dura", 
            "eName": "Duration", 
            "isMapped": true, 
            "cName": "时量", 
            "isCore": false, 
            "def": "强奸行为进行的时间。"
        }, 
        {
            "abbrName": "evnt", 
            "eName": "Event", 
            "isMapped": true, 
            "cName": "事件", 
            "isCore": false, 
            "def": "被害妇女被犯罪者强奸的事实。"
        }, 
        {
            "abbrName": "freq", 
            "eName": "Frequency", 
            "isMapped": true, 
            "cName": "频率", 
            "isCore": false, 
            "def": "强奸事件发生的次数"
        }, 
        {
            "abbrName": "instru", 
            "eName": "Instrument", 
            "isMapped": true, 
            "cName": "工具", 
            "isCore": false, 
            "def": "犯罪者为实施犯罪而使用的任何物体。"
        }, 
        {
            "abbrName": "manr", 
            "eName": "Manner", 
            "isMapped": true, 
            "cName": "方式", 
            "isCore": false, 
            "def": "对强奸行为进行的描述。"
        }, 
        {
            "abbrName": "mns", 
            "eName": "Means", 
            "isMapped": true, 
            "cName": "方法", 
            "isCore": false, 
            "def": "犯罪者实施强奸行为的方法"
        }, 
        {
            "abbrName": "place", 
            "eName": "Place", 
            "isMapped": true, 
            "cName": "处所", 
            "isCore": false, 
            "def": "事件发生的地点。"
        }, 
        {
            "abbrName": "purp", 
            "eName": "Purpose", 
            "isMapped": true, 
            "cName": "目的", 
            "isCore": false, 
            "def": null
        }, 
        {
            "abbrName": "Expl", 
            "eName": "Explanation", 
            "isMapped": true, 
            "cName": "原因", 
            "isCore": false, 
            "def": "事件发生的原因。"
        }, 
        {
            "abbrName": "result", 
            "eName": "Result", 
            "isMapped": true, 
            "cName": "结果", 
            "isCore": false, 
            "def": "事件的结果。"
        }, 
        {
            "abbrName": "time", 
            "eName": "Time", 
            "isMapped": true, 
            "cName": "时间", 
            "isCore": false, 
            "def": "事件发生的时间 。"
        }
    ], 
    "lexElmt": [
        {
            "word": "两性之间", 
            "POS": "n"
        }, 
        {
            "word": "强奸", 
            "POS": "n"
        }, 
        {
            "word": "强奸", 
            "POS": "v"
        }, 
        {
            "word": "强奸的", 
            "POS": "a"
        }, 
        {
            "word": "强奸犯", 
            "POS": "n"
        }, 
        {
            "word": "袭击", 
            "POS": "v"
        }
    ], 
    "frameId": 272
}