{
    "fdInfo": {
        "eName": "Corporal_punishment", 
        "cName": "体罚", 
        "des": "对犯罪嫌疑人、被告人、罪犯（或其他犯有错误的人）实施的肉体上的惩罚。体罚已为文明社会所不许。"
    }, 
    "element": [
        {
            "abbrName": "agt", 
            "eName": "Agent", 
            "isMapped": true, 
            "cName": "施动者", 
            "isCore": true, 
            "def": "实施体罚的人。"
        }, 
        {
            "abbrName": "eval", 
            "eName": "Evaluee", 
            "isMapped": true, 
            "cName": "评价对象", 
            "isCore": true, 
            "def": "遭到体罚惩处的人。"
        }, 
        {
            "abbrName": "rea", 
            "eName": "Reason", 
            "isMapped": true, 
            "cName": "原因", 
            "isCore": true, 
            "def": "实施体罚的原因。"
        }, 
        {
            "abbrName": "bodp", 
            "eName": "Body_part", 
            "isMapped": true, 
            "cName": "身体部位", 
            "isCore": false, 
            "def": "实施体罚时所伤害的身体的部位。"
        }, 
        {
            "abbrName": "degr", 
            "eName": "Degree", 
            "isMapped": true, 
            "cName": "程度", 
            "isCore": false, 
            "def": "体罚事件的严重程度。"
        }, 
        {
            "abbrName": "depic", 
            "eName": "Depictive", 
            "isMapped": true, 
            "cName": "形容", 
            "isCore": false, 
            "def": "对体罚进行的描述。"
        }, 
        {
            "abbrName": "instru", 
            "eName": "Instrument", 
            "isMapped": true, 
            "cName": "工具", 
            "isCore": false, 
            "def": "体罚所使用的工具。"
        }, 
        {
            "abbrName": "manr", 
            "eName": "Manner", 
            "isMapped": true, 
            "cName": "方式", 
            "isCore": false, 
            "def": "对体罚进行的形容。"
        }, 
        {
            "abbrName": "mns", 
            "eName": "Means", 
            "isMapped": true, 
            "cName": "方法", 
            "isCore": false, 
            "def": "体罚的方式，方法。"
        }, 
        {
            "abbrName": "place", 
            "eName": "Place", 
            "isMapped": true, 
            "cName": "处所", 
            "isCore": false, 
            "def": "体罚事件所发生的地点。"
        }, 
        {
            "abbrName": "purp", 
            "eName": "Purpose", 
            "isMapped": true, 
            "cName": "目的", 
            "isCore": false, 
            "def": "实施体罚所希望达到的目的。"
        }, 
        {
            "abbrName": "result", 
            "eName": "Result", 
            "isMapped": true, 
            "cName": "结果", 
            "isCore": false, 
            "def": "体罚事件的结果"
        }, 
        {
            "abbrName": "sever", 
            "eName": "Severity", 
            "isMapped": true, 
            "cName": "严重程度", 
            "isCore": false, 
            "def": "体罚的严重程度，严重的体罚可能致人受伤，甚至死亡。"
        }, 
        {
            "abbrName": "time", 
            "eName": "Time", 
            "isMapped": true, 
            "cName": "时间", 
            "isCore": false, 
            "def": "体罚事件发生的时间"
        }
    ], 
    "lexElmt": [
        {
            "word": "鞭笞", 
            "POS": "v"
        }, 
        {
            "word": "鞭打", 
            "POS": "n"
        }
    ], 
    "frameId": 211
}