{
    "fdInfo": {
        "eName": "Body_description_holistic", 
        "cName": "体型特征", 
        "des": "该框架的词语从整体上描述人体特征，而不是单独对身体的某一部分进行描述，其框架元素涉及个人和视点。"
    }, 
    "element": [
        {
            "abbrName": "fig", 
            "eName": "Figure", 
            "isMapped": true, 
            "cName": "形象", 
            "isCore": true, 
            "def": "该框架元素表示目标词所描述的外形。"
        }, 
        {
            "abbrName": "indv", 
            "eName": "Individual", 
            "isMapped": true, 
            "cName": "个人/群体", 
            "isCore": true, 
            "def": "该框架元素表示所描述的对象。描述对象既可以是一个人，也可以是由多个人组成的群体。"
        }, 
        {
            "abbrName": "degr", 
            "eName": "Degree", 
            "isMapped": true, 
            "cName": "程度", 
            "isCore": false, 
            "def": "该框架元素描述身体在某特征上达到的程度。"
        }
    ], 
    "lexElmt": [
        {
            "word": "矮", 
            "POS": "a"
        }, 
        {
            "word": "矮胖", 
            "POS": "a"
        }, 
        {
            "word": "矮小", 
            "POS": "a"
        }, 
        {
            "word": "痴肥", 
            "POS": "a"
        }, 
        {
            "word": "矬", 
            "POS": "a"
        }, 
        {
            "word": "短小", 
            "POS": "a"
        }, 
        {
            "word": "敦实", 
            "POS": "a"
        }, 
        {
            "word": "肥", 
            "POS": "a"
        }, 
        {
            "word": "肥胖", 
            "POS": "a"
        }, 
        {
            "word": "肥实", 
            "POS": "a"
        }, 
        {
            "word": "肥硕", 
            "POS": "a"
        }, 
        {
            "word": "肥壮", 
            "POS": "a"
        }, 
        {
            "word": "丰满", 
            "POS": "a"
        }, 
        {
            "word": "丰盈", 
            "POS": "a"
        }, 
        {
            "word": "丰腴", 
            "POS": "a"
        }, 
        {
            "word": "富态", 
            "POS": "a"
        }, 
        {
            "word": "干瘪", 
            "POS": "a"
        }, 
        {
            "word": "干瘦", 
            "POS": "a"
        }, 
        {
            "word": "高", 
            "POS": "a"
        }, 
        {
            "word": "高大", 
            "POS": "a"
        }, 
        {
            "word": "高挑", 
            "POS": "a"
        }, 
        {
            "word": "健壮", 
            "POS": "a"
        }, 
        {
            "word": "僵直", 
            "POS": "a"
        }, 
        {
            "word": "结实", 
            "POS": "a"
        }, 
        {
            "word": "精瘦", 
            "POS": "a"
        }, 
        {
            "word": "精壮", 
            "POS": "a"
        }, 
        {
            "word": "枯槁", 
            "POS": "a"
        }, 
        {
            "word": "枯瘦", 
            "POS": "a"
        }, 
        {
            "word": "魁伟", 
            "POS": "a"
        }, 
        {
            "word": "魁梧", 
            "POS": "a"
        }, 
        {
            "word": "胖", 
            "POS": "a"
        }, 
        {
            "word": "颀长", 
            "POS": "a"
        }, 
        {
            "word": "强健", 
            "POS": "a"
        }, 
        {
            "word": "强壮", 
            "POS": "a"
        }, 
        {
            "word": "憔悴", 
            "POS": "a"
        }, 
        {
            "word": "清瘦", 
            "POS": "a"
        }, 
        {
            "word": "瘦", 
            "POS": "a"
        }, 
        {
            "word": "瘦长", 
            "POS": "a"
        }, 
        {
            "word": "瘦瘠", 
            "POS": "a"
        }, 
        {
            "word": "瘦溜", 
            "POS": "a"
        }, 
        {
            "word": "瘦弱", 
            "POS": "a"
        }, 
        {
            "word": "瘦削", 
            "POS": "a"
        }, 
        {
            "word": "瘦小", 
            "POS": "a"
        }, 
        {
            "word": "挺直", 
            "POS": "a"
        }, 
        {
            "word": "伟岸", 
            "POS": "a"
        }, 
        {
            "word": "细挑", 
            "POS": "a"
        }, 
        {
            "word": "细条", 
            "POS": "a"
        }, 
        {
            "word": "虚胖", 
            "POS": "a"
        }, 
        {
            "word": "臃肿", 
            "POS": "a"
        }, 
        {
            "word": "直溜", 
            "POS": "a"
        }, 
        {
            "word": "壮", 
            "POS": "a"
        }, 
        {
            "word": "壮实", 
            "POS": "a"
        }
    ], 
    "frameId": 189
}