{
    "fdInfo": {
        "eName": "Escaping", 
        "cName": "逃离", 
        "des": "可自移动的脱逃者远离不愿待的地方。"
    }, 
    "element": [
        {
            "abbrName": "escapee", 
            "eName": "Escapee", 
            "isMapped": true, 
            "cName": "脱逃者", 
            "isCore": true, 
            "def": "脱逃者设法离开了不愿待的地方。"
        }, 
        {
            "abbrName": "undesr_loc", 
            "eName": "Undesirable_location", 
            "isMapped": true, 
            "cName": "可恶地", 
            "isCore": true, 
            "def": "愿待的地方就是脱逃者逃跑的起点。"
        }, 
        {
            "abbrName": "degr", 
            "eName": "Degree", 
            "isMapped": true, 
            "cName": "程度", 
            "isCore": false, 
            "def": "该框架元素是从抽象意义的角度来说脱逃者离不愿待的地方的远近程度。"
        }, 
        {
            "abbrName": "depic", 
            "eName": "Depictive", 
            "isMapped": true, 
            "cName": "形容", 
            "isCore": false, 
            "def": "形容指的是对行动参与者的描述。"
        }, 
        {
            "abbrName": "dist", 
            "eName": "Distance", 
            "isMapped": true, 
            "cName": "路程", 
            "isCore": false, 
            "def": "该框架元素指的是脱逃者离不愿待的地方的远近程度。"
        }, 
        {
            "abbrName": "expla", 
            "eName": "Explanation", 
            "isMapped": true, 
            "cName": "解释", 
            "isCore": false, 
            "def": "该框架元素指的是能够说明事件发生原因的情景。"
        }, 
        {
            "abbrName": "goal", 
            "eName": "Goal", 
            "isMapped": true, 
            "cName": "终点", 
            "isCore": false, 
            "def": "终点指的是脱逃者逃离后到达的或即将到达的终点。"
        }, 
        {
            "abbrName": "manr", 
            "eName": "Manner", 
            "isMapped": true, 
            "cName": "方式", 
            "isCore": false, 
            "def": "该框架元素可用来标记任何与运动轨迹并不直接相关的表达,如速度、稳定性和姿态。\n\n\n?"
        }, 
        {
            "abbrName": "mns", 
            "eName": "Means", 
            "isMapped": true, 
            "cName": "方法", 
            "isCore": false, 
            "def": "脱逃者为了逃离所采取的具体行为。"
        }, 
        {
            "abbrName": "path", 
            "eName": "Path", 
            "isMapped": true, 
            "cName": "路径", 
            "isCore": false, 
            "def": "路径描述了脱逃者逃离的移动路径。"
        }, 
        {
            "abbrName": "purp", 
            "eName": "Purpose", 
            "isMapped": true, 
            "cName": "目的", 
            "isCore": false, 
            "def": "该框架元素指的是逃离的目的。"
        }, 
        {
            "abbrName": "spd", 
            "eName": "Speed", 
            "isMapped": true, 
            "cName": "速度", 
            "isCore": false, 
            "def": "该框架元素指的是逃离的速度。"
        }, 
        {
            "abbrName": "veh", 
            "eName": "Vehicle", 
            "isMapped": true, 
            "cName": "交通工具", 
            "isCore": false, 
            "def": "脱逃者逃离不愿待的地方时所用的交通工具。"
        }, 
        {
            "abbrName": "place", 
            "eName": "Place", 
            "isMapped": true, 
            "cName": "处所", 
            "isCore": false, 
            "def": "该框架元素指的是逃离的空间场所"
        }, 
        {
            "abbrName": "time", 
            "eName": "Time", 
            "isMapped": true, 
            "cName": "时间", 
            "isCore": false, 
            "def": "该框架元素指的是逃离的时间。"
        }
    ], 
    "lexElmt": [
        {
            "word": "出逃", 
            "POS": "v"
        }, 
        {
            "word": "逃", 
            "POS": "v"
        }, 
        {
            "word": "逃出", 
            "POS": "v"
        }, 
        {
            "word": "逃窜", 
            "POS": "v"
        }, 
        {
            "word": "逃离", 
            "POS": "v"
        }, 
        {
            "word": "逃命", 
            "POS": "v"
        }, 
        {
            "word": "逃难", 
            "POS": "v"
        }, 
        {
            "word": "逃跑", 
            "POS": "v"
        }, 
        {
            "word": "逃生", 
            "POS": "v"
        }, 
        {
            "word": "逃脱", 
            "POS": "v"
        }, 
        {
            "word": "逃亡", 
            "POS": "v"
        }, 
        {
            "word": "逃走", 
            "POS": "v"
        }, 
        {
            "word": "兔脱", 
            "POS": "v"
        }
    ], 
    "frameId": 333
}