{
    "fdInfo": {
        "eName": "Speak_on_topic", 
        "cName": "谈论话题", 
        "des": "说话者就一个特别的关涉向听话者进行讲说。听话者通常是被动的，但在多种类型的谈话中（包括学术讨论和记者招待会），讨论或回答问题阶段事实上是必需的。"
    }, 
    "element": [
        {
            "abbrName": "spkr", 
            "eName": "Speaker", 
            "isMapped": true, 
            "cName": "说话者", 
            "isCore": true, 
            "def": "向被动的听话者口述关涉信息的人。"
        }, 
        {
            "abbrName": "aud", 
            "eName": "Audience", 
            "isMapped": true, 
            "cName": "听者", 
            "isCore": true, 
            "def": "说话者将信息传递给个人或群体。"
        }, 
        {
            "abbrName": "top", 
            "eName": "Topic", 
            "isMapped": true, 
            "cName": "主题", 
            "isCore": true, 
            "def": "说话者传递信息的内容。"
        }, 
        {
            "abbrName": "expla", 
            "eName": "Explanation", 
            "isMapped": true, 
            "cName": "解释", 
            "isCore": false, 
            "def": "表示一个主题，逻辑上，主题所在的主句由目标词引导。这通常意味着解释引起了抱怨，但并不是所有实例都如此。特别是当出现一些联系比平常的原因更加薄弱的情况时。在这些实例中，原因是由一些对情形以一种复杂的形式进行回应的参与者所仲裁的。这种情况不能用直接原因的语言来解释。"
        }, 
        {
            "abbrName": "manr", 
            "eName": "Manner", 
            "isMapped": true, 
            "cName": "方式", 
            "isCore": false, 
            "def": "修饰是对说话者讲话的描述。"
        }, 
        {
            "abbrName": "medium", 
            "eName": "Medium", 
            "isMapped": true, 
            "cName": "媒介", 
            "isCore": false, 
            "def": "说话者传递信息的媒介。"
        }, 
        {
            "abbrName": "occ", 
            "eName": "Occasion", 
            "isMapped": true, 
            "cName": "理由", 
            "isCore": false, 
            "def": "场合是做公开陈述的原因。"
        }, 
        {
            "abbrName": "place", 
            "eName": "Place", 
            "isMapped": true, 
            "cName": "处所", 
            "isCore": false, 
            "def": "谈话发生的地点."
        }, 
        {
            "abbrName": "time", 
            "eName": "Time", 
            "isMapped": true, 
            "cName": "时间", 
            "isCore": false, 
            "def": "描述谈话发生的时间。"
        }
    ], 
    "lexElmt": [
        {
            "word": "布道", 
            "POS": "v"
        }, 
        {
            "word": "鼓吹", 
            "POS": "v"
        }, 
        {
            "word": "教训", 
            "POS": "v"
        }, 
        {
            "word": "解释", 
            "POS": "v"
        }, 
        {
            "word": "说教", 
            "POS": "v"
        }, 
        {
            "word": "谈到", 
            "POS": "v"
        }, 
        {
            "word": "讨论", 
            "POS": "v"
        }, 
        {
            "word": "细说", 
            "POS": "v"
        }, 
        {
            "word": "训诫", 
            "POS": "v"
        }, 
        {
            "word": "演讲", 
            "POS": "n"
        }, 
        {
            "word": "演讲", 
            "POS": "v"
        }, 
        {
            "word": "演说", 
            "POS": "v"
        }, 
        {
            "word": "致词", 
            "POS": "v"
        }
    ], 
    "frameId": 286
}