{
    "fdInfo": {
        "eName": "Exemplariness", 
        "cName": "典型性", 
        "des": "就某一领域而言，某一实体代表了某一比较集的概念原型，且该实体隶属于该比较集。"
    }, 
    "element": [
        {
            "abbrName": "comp_set", 
            "eName": "Comparison_set", 
            "isMapped": true, 
            "cName": "比较集", 
            "isCore": true, 
            "def": "某实体所隶属的群体。"
        }, 
        {
            "abbrName": "ent", 
            "eName": "Entity", 
            "isMapped": true, 
            "cName": "实体", 
            "isCore": true, 
            "def": "就其与某一完美典型的相似度而被评判的事物。"
        }, 
        {
            "abbrName": "degr", 
            "eName": "Degree", 
            "isMapped": true, 
            "cName": "程度", 
            "isCore": false, 
            "def": "某实体所具备的典型性的程度。"
        }, 
        {
            "abbrName": "dom", 
            "eName": "Domain", 
            "isMapped": true, 
            "cName": "领域", 
            "isCore": false, 
            "def": "某实体被判定具有典型性的领域。"
        }
    ], 
    "lexElmt": [
        {
            "word": "标准", 
            "POS": "a"
        }
    ], 
    "frameId": 382
}