{
    "fdInfo": {
        "eName": "Morality_evaluation", 
        "cName": "道德评判", 
        "des": "在该框架中，评判者（通常是暗含的）对被评判者的行为就其道德性或正义性进行评价。"
    }, 
    "element": [
        {
            "abbrName": "beh", 
            "eName": "Behavior", 
            "isMapped": true, 
            "cName": "行为", 
            "isCore": true, 
            "def": "行为是评价被评判者的基础。"
        }, 
        {
            "abbrName": "eval", 
            "eName": "Evaluee", 
            "isMapped": true, 
            "cName": "被评判者", 
            "isCore": true, 
            "def": "就其行为的道德性而受到评价的个人。"
        }, 
        {
            "abbrName": "expr", 
            "eName": "Expressor", 
            "isMapped": true, 
            "cName": "表达体", 
            "isCore": true, 
            "def": "表达体是通过身体部位或其发出的身体动作，是道德评判的基础。"
        }, 
        {
            "abbrName": "degr", 
            "eName": "Degree", 
            "isMapped": true, 
            "cName": "程度", 
            "isCore": false, 
            "def": "评价的程度。"
        }, 
        {
            "abbrName": "judge", 
            "eName": "Judge", 
            "isMapped": true, 
            "cName": "评判者", 
            "isCore": false, 
            "def": "目标词所表示的作出评价的个体。"
        }
    ], 
    "lexElmt": [
        {
            "word": "不对", 
            "POS": "a"
        }, 
        {
            "word": "堕落", 
            "POS": "v"
        }, 
        {
            "word": "恶毒", 
            "POS": "a"
        }, 
        {
            "word": "腐化", 
            "POS": "v"
        }, 
        {
            "word": "高尚", 
            "POS": "a"
        }, 
        {
            "word": "善良", 
            "POS": "a"
        }, 
        {
            "word": "无耻", 
            "POS": "a"
        }, 
        {
            "word": "下流", 
            "POS": "a"
        }, 
        {
            "word": "邪恶", 
            "POS": "a"
        }, 
        {
            "word": "凶恶", 
            "POS": "a"
        }, 
        {
            "word": "阴险", 
            "POS": "a"
        }, 
        {
            "word": "正派", 
            "POS": "a"
        }, 
        {
            "word": "正直", 
            "POS": "a"
        }
    ], 
    "frameId": 511
}