{
    "fdInfo": {
        "eName": "Get_a_job", 
        "cName": "得到工作", 
        "des": "指新的雇员通过雇主获得职位并从事某些工作；雇主根据雇员工作的业绩付给雇员报酬。"
    }, 
    "element": [
        {
            "abbrName": "empee", 
            "eName": "Employee", 
            "isMapped": true, 
            "cName": "雇员", 
            "isCore": true, 
            "def": "指与雇主发生雇佣关系的人。"
        }, 
        {
            "abbrName": "emper", 
            "eName": "Employer", 
            "isMapped": true, 
            "cName": "雇主", 
            "isCore": true, 
            "def": "指与雇员发生雇佣关系的人或机构。"
        }, 
        {
            "abbrName": "posit", 
            "eName": "Position", 
            "isMapped": true, 
            "cName": "职位", 
            "isCore": true, 
            "def": "指雇佣关系中，某类工种的名称。"
        }, 
        {
            "abbrName": "task", 
            "eName": "Task", 
            "isMapped": true, 
            "cName": "任务", 
            "isCore": true, 
            "def": "任务指雇员需要为雇主工作的行为。"
        }, 
        {
            "abbrName": "compense", 
            "eName": "Compensation", 
            "isMapped": true, 
            "cName": "报酬", 
            "isCore": false, 
            "def": "报酬是雇员完成某任务而获得的相应报偿。"
        }, 
        {
            "abbrName": "cb", 
            "eName": "Contract_basis", 
            "isMapped": true, 
            "cName": "合同类型", 
            "isCore": false, 
            "def": "合同类型是雇员与雇主间签订的或口头的协议所属的类型，一般指“全日制，半日制，试用，正式”等类型。这种类型跟雇员的职位、工作时间及报酬有关。"
        }, 
        {
            "abbrName": "manr", 
            "eName": "Manner", 
            "isMapped": true, 
            "cName": "方式", 
            "isCore": false, 
            "def": "该框架元素表示雇员和雇主发生雇佣关系时候的具体修饰。"
        }, 
        {
            "abbrName": "mns", 
            "eName": "Means", 
            "isMapped": true, 
            "cName": "方法", 
            "isCore": false, 
            "def": "指雇员进入雇佣关系的方式。"
        }, 
        {
            "abbrName": "place", 
            "eName": "Place", 
            "isMapped": true, 
            "cName": "处所", 
            "isCore": false, 
            "def": "该框架元素表示雇员与雇主发生雇佣关系的地点。"
        }, 
        {
            "abbrName": "purp", 
            "eName": "Purpose", 
            "isMapped": true, 
            "cName": "目的", 
            "isCore": false, 
            "def": "该框架元素表示雇员进入雇佣关系的目的。"
        }, 
        {
            "abbrName": "time", 
            "eName": "Time", 
            "isMapped": true, 
            "cName": "时间", 
            "isCore": false, 
            "def": "该框架元素表示雇员与雇主签订合约的时间。"
        }
    ], 
    "lexElmt": [
        {
            "word": "签", 
            "POS": "v"
        }, 
        {
            "word": "签约", 
            "POS": "v"
        }
    ], 
    "frameId": 237
}