{
    "fdInfo": {
        "eName": "Evading", 
        "cName": "躲避", 
        "des": "躲避者通过自移动躲避抓捕，或避免与追捕者接触，追捕者通常也是通过自移动进行追捕。该框架与“避免”框架相比，对事件描述更为具体，因为在该框架中躲避者和追捕者都是移动体。此外，与“逃出”框架不同的是，该框架中需要出现追捕者，并且就之前对躲避者的关押持中立观点。"
    }, 
    "element": [
        {
            "abbrName": "evader", 
            "eName": "Evader", 
            "isMapped": true, 
            "cName": "躲避者", 
            "isCore": true, 
            "def": "躲避者通过自移动躲避抓捕，或避免与追捕者接触。通常躲避者框架元素是外部论元。"
        }, 
        {
            "abbrName": "pursuer", 
            "eName": "Pursuer", 
            "isMapped": true, 
            "cName": "追捕者", 
            "isCore": true, 
            "def": "追捕者一直在追捕躲避者，除非他们不作为。"
        }, 
        {
            "abbrName": "capture", 
            "eName": "Capture", 
            "isMapped": true, 
            "cName": "抓捕", 
            "isCore": true, 
            "def": "该框架元素指的是一个实际发生的或假想的事件，在该事件里追捕者对躲避者进行人身控制。"
        }, 
        {
            "abbrName": "area", 
            "eName": "Area", 
            "isMapped": true, 
            "cName": "区域", 
            "isCore": false, 
            "def": "框架元素区域描述的是当移动被理解为是不规律的，或不是由单一、线性路径构成时，移动行为所进行的一般区域。该区域里的环境附属物也可以被认为该框架元素。"
        }, 
        {
            "abbrName": "circ", 
            "eName": "Circumstances", 
            "isMapped": true, 
            "cName": "环境条件", 
            "isCore": false, 
            "def": "该框架元素指的是躲避者躲避追捕者或逃避抓捕的环境条件。"
        }, 
        {
            "abbrName": "degr", 
            "eName": "Degree", 
            "isMapped": true, 
            "cName": "程度", 
            "isCore": false, 
            "def": "该框架元素指的是躲避抓捕，或避免与追捕者接触的程度。"
        }, 
        {
            "abbrName": "depic", 
            "eName": "Depictive", 
            "isMapped": true, 
            "cName": "形容", 
            "isCore": false, 
            "def": "该框架元素解释躲避的原因。"
        }, 
        {
            "abbrName": "manr", 
            "eName": "Manner", 
            "isMapped": true, 
            "cName": "方式", 
            "isCore": false, 
            "def": "该框架元素标记躲避的方式。它可用来标记任何与运动轨迹并不直接相关的表达,如速度、稳定性和姿态。"
        }, 
        {
            "abbrName": "mns", 
            "eName": "Means", 
            "isMapped": true, 
            "cName": "方法", 
            "isCore": false, 
            "def": "该框架元素指的是躲避者躲避的方法。"
        }, 
        {
            "abbrName": "mot", 
            "eName": "Mode_of_transportation", 
            "isMapped": true, 
            "cName": "移动模式", 
            "isCore": false, 
            "def": "该框架元素指的是躲避者移动时所用的移动方式，它可以指躲避者的身体部位也可指交通工具。"
        }, 
        {
            "abbrName": "path", 
            "eName": "Path", 
            "isMapped": true, 
            "cName": "路径", 
            "isCore": false, 
            "def": "路径是对躲避者移动轨迹的描述，包括表示方向的短语。"
        }, 
        {
            "abbrName": "purp", 
            "eName": "Purpose", 
            "isMapped": true, 
            "cName": "目的", 
            "isCore": false, 
            "def": "该框架元素指的是躲避的目的。"
        }, 
        {
            "abbrName": "spd", 
            "eName": "Speed", 
            "isMapped": true, 
            "cName": "速度", 
            "isCore": false, 
            "def": "该框架元素标记的是躲避者躲避追捕者的速度。"
        }, 
        {
            "abbrName": "expla", 
            "eName": "Explanation", 
            "isMapped": true, 
            "cName": "解释", 
            "isCore": false, 
            "def": "该框架元素解释躲避的原因。"
        }, 
        {
            "abbrName": "time", 
            "eName": "Time", 
            "isMapped": true, 
            "cName": "时间", 
            "isCore": false, 
            "def": "该框架元素指的是躲避行为所发生的时间。"
        }
    ], 
    "lexElmt": [
        {
            "word": "摆脱", 
            "POS": "v"
        }, 
        {
            "word": "避而不见", 
            "POS": "v"
        }, 
        {
            "word": "避开", 
            "POS": "v"
        }, 
        {
            "word": "躲", 
            "POS": "v"
        }, 
        {
            "word": "躲避", 
            "POS": "v"
        }, 
        {
            "word": "躲藏", 
            "POS": "v"
        }, 
        {
            "word": "躲开", 
            "POS": "v"
        }, 
        {
            "word": "逃避", 
            "POS": "v"
        }, 
        {
            "word": "逃匿", 
            "POS": "v"
        }, 
        {
            "word": "逃脱", 
            "POS": "v"
        }
    ], 
    "frameId": 334
}