{
    "fdInfo": {
        "eName": "Measures", 
        "cName": "度量衡", 
        "des": "依据某种（潜在的）属性通过对某特定计量单位的数量进行量化来测量某个实体。对于该属性而言，该计量单位的值是已知的。该框架仅适用相对少量的且可界定的语言构式里。它们也许是一些词汇构式的补充说明语（如20英尺的长度，测量结果20英尺），也或许是一些非词汇构式的部分内容（如“透明名词”构式、“测量结果+形容词”构式、“测量结果+介词短语”构式）。"
    }, 
    "element": [
        {
            "abbrName": "count", 
            "eName": "Count", 
            "isMapped": true, 
            "cName": "数量", 
            "isCore": true, 
            "def": "所测实体的计量单位的数量。"
        }, 
        {
            "abbrName": "ent", 
            "eName": "Entity", 
            "isMapped": true, 
            "cName": "实体", 
            "isCore": true, 
            "def": "从属性角度被量化的物品。"
        }, 
        {
            "abbrName": "unit", 
            "eName": "Unit", 
            "isMapped": true, 
            "cName": "计量单位", 
            "isCore": true, 
            "def": "就某属性而言的已知量。"
        }, 
        {
            "abbrName": "attr", 
            "eName": "Attribute", 
            "isMapped": true, 
            "cName": "属性（隐式核心）", 
            "isCore": false, 
            "def": "实体被描述和量化的某个方面。"
        }
    ], 
    "lexElmt": [], 
    "frameId": 364
}