{
    "fdInfo": {
        "eName": "Process_resume", 
        "cName": "过程中断后继续", 
        "des": "某事件在特定处所和时间恢复进行。注：参考“事件”框架。"
    }, 
    "element": [
        {
            "abbrName": "proce", 
            "eName": "Process", 
            "isMapped": true, 
            "cName": "过程", 
            "isCore": true, 
            "def": "中断后恢复的过程。"
        }, 
        {
            "abbrName": "dura", 
            "eName": "Duration", 
            "isMapped": true, 
            "cName": "时量", 
            "isCore": false, 
            "def": "状态持续或过程进行所花费的时间量。"
        }, 
        {
            "abbrName": "freq", 
            "eName": "Frequency", 
            "isMapped": true, 
            "cName": "频率", 
            "isCore": false, 
            "def": "过程中断又恢复的频次。"
        }, 
        {
            "abbrName": "manr", 
            "eName": "Manner", 
            "isMapped": true, 
            "cName": "方式", 
            "isCore": false, 
            "def": "任何未被更为具体的框架元素所涵盖的对事件(或状态)所进行的描述，包括认知调整（可能、大概、神秘地），次级影响（安静，吵闹），以及对事件进行比较所作出的的一般性描述（相同地）。"
        }, 
        {
            "abbrName": "place", 
            "eName": "Place", 
            "isMapped": true, 
            "cName": "处所", 
            "isCore": false, 
            "def": "事件发生的空间场所。"
        }, 
        {
            "abbrName": "expla", 
            "eName": "Explanation", 
            "isMapped": true, 
            "cName": "解释", 
            "isCore": false, 
            "def": "事件发生的原因解释。"
        }, 
        {
            "abbrName": "time", 
            "eName": "Time", 
            "isMapped": true, 
            "cName": "时间", 
            "isCore": false, 
            "def": "事件发生的时间。"
        }
    ], 
    "lexElmt": [
        {
            "word": "恢复", 
            "POS": "v"
        }, 
        {
            "word": "继续", 
            "POS": "v"
        }
    ], 
    "frameId": 435
}