{
    "fdInfo": {
        "eName": "Process", 
        "cName": "过程", 
        "des": "该框架描述了一个持续一段时间的复杂事件，该事件包含起始阶段、进行阶段，完成阶段。在某些情况下，这个过程可能中断然后再恢复进行。在该框架及其分框架中，突出的论元是过程，经历该过程的实体并未提及，启动该过程的施动者也并未提及。用正式一点的术语来说，该框架指的某复杂事件—总体图式(纳拉亚南，1997年)，而其分框架则相当于某复杂事件—图式的组成部分。"
    }, 
    "element": [
        {
            "abbrName": "proce", 
            "eName": "Process", 
            "isMapped": true, 
            "cName": "过程", 
            "isCore": false, 
            "def": "过程的名称。"
        }, 
        {
            "abbrName": "Exp", 
            "eName": "Explanation", 
            "isMapped": true, 
            "def_def": "The Reason for which an event occurs.", 
            "cName": "致因", 
            "isCore": false, 
            "def": "事件发生的原因。"
        }, 
        {
            "abbrName": "dura", 
            "eName": "Duration", 
            "isMapped": true, 
            "cName": "时量", 
            "isCore": false, 
            "def": "状态的持续时间或过程的进行时间。"
        }, 
        {
            "abbrName": "manr", 
            "eName": "Manner", 
            "isMapped": true, 
            "cName": "方式", 
            "isCore": false, 
            "def": "动作行为的方式。"
        }, 
        {
            "abbrName": "place", 
            "eName": "Place", 
            "isMapped": true, 
            "cName": "处所", 
            "isCore": false, 
            "def": "事件发生的空间场所。"
        }, 
        {
            "abbrName": "result", 
            "eName": "Result", 
            "isMapped": true, 
            "cName": "结果", 
            "isCore": false, 
            "def": "事件的结果。"
        }, 
        {
            "abbrName": "time", 
            "eName": "Time", 
            "isMapped": true, 
            "cName": "时间", 
            "isCore": false, 
            "def": "事件发生的时间。"
        }
    ], 
    "lexElmt": [
        {
            "word": "过程", 
            "POS": "n"
        }
    ], 
    "frameId": 419
}