{
    "fdInfo": {
        "eName": "Identicality", 
        "cName": "异同", 
        "des": "此例与前文遇到的某个前例被评价为是相同或不同的实例。"
    }, 
    "element": [
        {
            "abbrName": "cur_instan", 
            "eName": "Current_instance", 
            "isMapped": true, 
            "cName": "当前实例", 
            "isCore": true, 
            "def": "目前作为议题的某种类型的实例。"
        }, 
        {
            "abbrName": "prev_text", 
            "eName": "Previous_context", 
            "isMapped": true, 
            "cName": "前文", 
            "isCore": true, 
            "def": "前文提到某种类型的另一个实例的语境。"
        }, 
        {
            "abbrName": "prev_instan", 
            "eName": "Previous_instance", 
            "isMapped": true, 
            "cName": "前例", 
            "isCore": true, 
            "def": "前文提到的某种类型的实例，且与当前实例正在做比较来确定是否具有同一性。"
        }, 
        {
            "abbrName": "soi", 
            "eName": "Set_of_instances", 
            "isMapped": true, 
            "cName": "实例集", 
            "isCore": true, 
            "def": "前文提到的某种类型的实例集合。"
        }, 
        {
            "abbrName": "type", 
            "eName": "Type", 
            "isMapped": true, 
            "cName": "类型", 
            "isCore": true, 
            "def": "作为议题的实例类型。"
        }, 
        {
            "abbrName": "time", 
            "eName": "Time", 
            "isMapped": true, 
            "cName": "时间", 
            "isCore": false, 
            "def": "当前实例具有同一性或不同性的时间。"
        }
    ], 
    "lexElmt": [
        {
            "word": "同", 
            "POS": "a"
        }, 
        {
            "word": "同样", 
            "POS": "a"
        }, 
        {
            "word": "同一", 
            "POS": "a"
        }, 
        {
            "word": "相反", 
            "POS": "a"
        }, 
        {
            "word": "相同", 
            "POS": "a"
        }, 
        {
            "word": "一样", 
            "POS": "a"
        }, 
        {
            "word": "异同", 
            "POS": "a"
        }, 
        {
            "word": "异样", 
            "POS": "a"
        }
    ], 
    "frameId": 362
}