{
    "fdInfo": {
        "eName": "Drop_in_on", 
        "cName": "顺访", 
        "des": "访客为了某种目的作为东道主的客人到达待客场所。这个目的本质上是社交性的，也就是说，访问本身就构成一种目的。"
    }, 
    "element": [
        {
            "abbrName": "host", 
            "eName": "Host", 
            "isMapped": true, 
            "cName": "东道主", 
            "isCore": true, 
            "def": "东道主是与访客的目的地高度相关的人，他允许访客进入他或她的领地，并且可能允许访客使用其资源。东道主和访客是宾主关系。"
        }, 
        {
            "abbrName": "hos_loc", 
            "eName": "Host_location", 
            "isMapped": true, 
            "cName": "待客场所", 
            "isCore": true, 
            "def": "待客场所指的是与东道主密切相关的空间场所。"
        }, 
        {
            "abbrName": "vis", 
            "eName": "Visitor", 
            "isMapped": true, 
            "cName": "访客", 
            "isCore": true, 
            "def": "访客为了某种目的到达待客场所访问东道主。"
        }, 
        {
            "abbrName": "contain_even", 
            "eName": "Containing_event", 
            "isMapped": true, 
            "cName": "上位事件", 
            "isCore": false, 
            "def": "隶属事件指的是拜访事件所隶属于的更大的事件或状态。"
        }, 
        {
            "abbrName": "dura", 
            "eName": "Duration", 
            "isMapped": true, 
            "cName": "时量", 
            "isCore": false, 
            "def": "访客和东道主在一起的时间长度。"
        }, 
        {
            "abbrName": "expla", 
            "eName": "Explanation", 
            "isMapped": true, 
            "cName": "解释", 
            "isCore": false, 
            "def": "解释访客拜访原因的事态。"
        }, 
        {
            "abbrName": "freq", 
            "eName": "Frequency", 
            "isMapped": true, 
            "cName": "频率", 
            "isCore": false, 
            "def": "访客拜访东道主的频率。"
        }, 
        {
            "abbrName": "manr", 
            "eName": "Manner", 
            "isMapped": true, 
            "cName": "方式", 
            "isCore": false, 
            "def": "方式描述的是与运动轨迹并不直接相关的运动属性，比如姿态，稳定性及其他相关运动属性。"
        }, 
        {
            "abbrName": "mns", 
            "eName": "Means", 
            "isMapped": true, 
            "cName": "方法", 
            "isCore": false, 
            "def": "这个框架元素指的是访客到达的方法。"
        }, 
        {
            "abbrName": "mot", 
            "eName": "Mode_of_transportation", 
            "isMapped": true, 
            "cName": "移动模式", 
            "isCore": false, 
            "def": "出行方式这个框架元素能表达出作用于访客的移动模式，即通过访客的身体或所乘坐交通工具来实现移动。交通工具可以以任何方式在任何介质中运动。这个框架元素往往会以“乘”、“坐”、“骑”等所构成的连谓短语中出现。"
        }, 
        {
            "abbrName": "nor_loc", 
            "eName": "Normal_location", 
            "isMapped": true, 
            "cName": "常住地", 
            "isCore": false, 
            "def": "常住地是能暗示出运动确切起点的短语。在这个框架中，常住地的表达可能出现频率不高。但如果出现的话，这些表达往往表示访客由此地出发后的移动方向，而不是一个渐行渐远的地标。"
        }, 
        {
            "abbrName": "part_iter", 
            "eName": "Particular_iteration", 
            "isMapped": true, 
            "cName": "特定次数", 
            "isCore": false, 
            "def": "这个框架元素指的是一系列拜访事件中的某个特定拜访事件。"
        }, 
        {
            "abbrName": "place", 
            "eName": "Place", 
            "isMapped": true, 
            "cName": "处所", 
            "isCore": false, 
            "def": "拜访发生的更大区域。"
        }, 
        {
            "abbrName": "path", 
            "eName": "Path", 
            "isMapped": true, 
            "cName": "路径", 
            "isCore": false, 
            "def": "路径这个框架元素描述的既不是常住地也不是东道主也不是接待场所而是运动轨迹。在本框架中，表示路径的短语几乎总能表达出一种“途径”的意思。"
        }, 
        {
            "abbrName": "purp", 
            "eName": "Purpose", 
            "isMapped": true, 
            "cName": "目的", 
            "isCore": false, 
            "def": "这个框架元素指的是访客到达与东道主相关地点的目的。"
        }, 
        {
            "abbrName": "time", 
            "eName": "Time", 
            "isMapped": true, 
            "cName": "时间", 
            "isCore": false, 
            "def": "这个框架元素指的是到达发生的时间。"
        }
    ], 
    "lexElmt": [
        {
            "word": "顺访", 
            "POS": "v"
        }
    ], 
    "frameId": 337
}