{
    "fdInfo": {
        "eName": "Limiting", 
        "cName": "限制", 
        "des": "施动者或致因将选择范围局限于某一特征。该特征可以是选择范围中某类可接受的选项，也可以是（如选择范围较大的情况）某些可接受的数量。换言之，选择范围被限制的程度可能会被提及。"
    }, 
    "element": [
        {
            "abbrName": "agt", 
            "eName": "Agent", 
            "isMapped": true, 
            "cName": "施动者", 
            "isCore": true, 
            "def": "施动者有意对选择范围加以限制。"
        }, 
        {
            "abbrName": "cause", 
            "eName": "Cause", 
            "isMapped": true, 
            "cName": "致因", 
            "isCore": true, 
            "def": "致因是限制选择范围的一种自然现象或事态。"
        }, 
        {
            "abbrName": "charastic", 
            "eName": "Characteristic", 
            "isMapped": true, 
            "cName": "特征", 
            "isCore": true, 
            "def": "特征可以暗示出所限定的选择范围的子类或情境。"
        }, 
        {
            "abbrName": "range_opt", 
            "eName": "Range_of_options", 
            "isMapped": true, 
            "cName": "选择范围", 
            "isCore": true, 
            "def": "选择范围通常包括一系列可能性，但因施动者或致因而局限于特定子类、情境或特征。"
        }, 
        {
            "abbrName": "degr", 
            "eName": "Degree", 
            "isMapped": true, 
            "cName": "程度", 
            "isCore": false, 
            "def": "选择范围被限制的程度。"
        }, 
        {
            "abbrName": "dura", 
            "eName": "Duration", 
            "isMapped": true, 
            "cName": "时量", 
            "isCore": false, 
            "def": "选择范围受限的时间长度。"
        }, 
        {
            "abbrName": "manr", 
            "eName": "Manner", 
            "isMapped": true, 
            "cName": "方式", 
            "isCore": false, 
            "def": "施动者或致因限制选择范围的方式。"
        }, 
        {
            "abbrName": "mns", 
            "eName": "Means", 
            "isMapped": true, 
            "cName": "方法", 
            "isCore": false, 
            "def": "施动者或致因为完成目标词所隐含的行动所采取的行为。"
        }, 
        {
            "abbrName": "place", 
            "eName": "Place", 
            "isMapped": true, 
            "cName": "处所", 
            "isCore": false, 
            "def": "施动者或致因限制选择范围的地点。"
        }, 
        {
            "abbrName": "purp", 
            "eName": "Purpose", 
            "isMapped": true, 
            "cName": "目的", 
            "isCore": false, 
            "def": "施动者或致因限制选择范围的目的。"
        }, 
        {
            "abbrName": "time", 
            "eName": "Time", 
            "isMapped": true, 
            "cName": "时间", 
            "isCore": false, 
            "def": "银行现在限制客户每天只能进行两次现金交易。"
        }
    ], 
    "lexElmt": [
        {
            "word": "拘", 
            "POS": "v"
        }, 
        {
            "word": "拘管", 
            "POS": "v"
        }, 
        {
            "word": "拘囿", 
            "POS": "v"
        }, 
        {
            "word": "局限", 
            "POS": "v"
        }, 
        {
            "word": "限", 
            "POS": "v"
        }, 
        {
            "word": "限定", 
            "POS": "v"
        }, 
        {
            "word": "限制", 
            "POS": "v"
        }, 
        {
            "word": "约束", 
            "POS": "v"
        }, 
        {
            "word": "制约", 
            "POS": "v"
        }
    ], 
    "frameId": 331
}