{
    "fdInfo": {
        "eName": "Limitation", 
        "cName": "限度", 
        "des": "被认为在一定程度上所具备的某个特性（该特性通常是在与其它同类型的实体相比较之后发现）的实体，实际上所具备的该特性更有限。"
    }, 
    "element": [
        {
            "abbrName": "ent", 
            "eName": "Entity", 
            "isMapped": true, 
            "cName": "实体", 
            "isCore": true, 
            "def": "实体通常被认为有一系列可能性，但却只表现出某些可能性，或者说能使其表现出来的情境比预期的少。"
        }, 
        {
            "abbrName": "degr", 
            "eName": "Degree", 
            "isMapped": true, 
            "cName": "程度", 
            "isCore": false, 
            "def": "实体受限的程度。"
        }
    ], 
    "lexElmt": [], 
    "frameId": 365
}