{
    "fdInfo": {
        "eName": "Corroding", 
        "cName": "锈蚀", 
        "des": "该框架中受事为无机物，经历了一个化学过程，该过程使该无机物变得不太有用、不太可取、或者说不太稳定。"
    }, 
    "element": [
        {
            "abbrName": "pat", 
            "eName": "Patient", 
            "isMapped": true, 
            "cName": "受事", 
            "isCore": true, 
            "def": "受事经历了一个变化。"
        }, 
        {
            "abbrName": "degr", 
            "eName": "Degree", 
            "isMapped": true, 
            "cName": "程度", 
            "isCore": false, 
            "def": "该框架元素表示受事受腐蚀的程度。"
        }, 
        {
            "abbrName": "dura", 
            "eName": "Duration", 
            "isMapped": true, 
            "cName": "时量", 
            "isCore": false, 
            "def": "该框架元素表示受事受腐蚀的时量。"
        }, 
        {
            "abbrName": "expla", 
            "eName": "Explanation", 
            "isMapped": true, 
            "cName": "解释", 
            "isCore": false, 
            "def": "该框架元素解释了受事受腐蚀的原因。"
        }, 
        {
            "abbrName": "i_state", 
            "eName": "Initial_state", 
            "isMapped": true, 
            "cName": "初状态", 
            "isCore": false, 
            "def": "初状态是受事的最初状态。"
        }, 
        {
            "abbrName": "place", 
            "eName": "Place", 
            "isMapped": true, 
            "cName": "处所", 
            "isCore": false, 
            "def": "受事受腐蚀的地点。"
        }, 
        {
            "abbrName": "result", 
            "eName": "Result", 
            "isMapped": true, 
            "cName": "结果", 
            "isCore": false, 
            "def": "该框架元素表示经历变化后的结果。"
        }, 
        {
            "abbrName": "spd", 
            "eName": "Speed", 
            "isMapped": true, 
            "cName": "速度", 
            "isCore": false, 
            "def": "该框架元素表示受事受腐蚀的速度。"
        }, 
        {
            "abbrName": "subr", 
            "eName": "Subregion", 
            "isMapped": true, 
            "cName": "亚区", 
            "isCore": false, 
            "def": "亚区描述了相对于更大整体而言，其某一部分正受到影响。"
        }, 
        {
            "abbrName": "time", 
            "eName": "Time", 
            "isMapped": true, 
            "cName": "时间", 
            "isCore": false, 
            "def": "受事受腐蚀的时间。"
        }
    ], 
    "lexElmt": [
        {
            "word": "腐蚀", 
            "POS": "v"
        }, 
        {
            "word": "生锈", 
            "POS": "v"
        }, 
        {
            "word": "锈", 
            "POS": "v"
        }, 
        {
            "word": "锈蚀", 
            "POS": "v"
        }
    ], 
    "frameId": 466
}