{
    "fdInfo": {
        "eName": "Activity_ready_state", 
        "cName": "行为准备就绪状态", 
        "des": "开始行为前主体处于初始状态，但所有实施行为的先决条件都已满足。许多情况下，主体是有意识的人，主体是行为必不可少的实体。相应的，行为可能由行为中的显著-实体体现。该显著-实体也许是有意识的人，也可能不是。"
    }, 
    "element": [
        {
            "abbrName": "activity", 
            "eName": "Activity", 
            "isMapped": true, 
            "cName": "行为", 
            "isCore": true, 
            "def": "指主体准备要实施的行动。"
        }, 
        {
            "abbrName": "prot", 
            "eName": "Protagonist", 
            "isMapped": true, 
            "cName": "主体", 
            "isCore": true, 
            "def": "该框架元素指处于行为起始状态的有意识的人。"
        }, 
        {
            "abbrName": "sal", 
            "eName": "Salient_entity", 
            "isMapped": true, 
            "cName": "凸显实体", 
            "isCore": true, 
            "def": "该框架元素指行为中的实体。"
        }, 
        {
            "abbrName": "time", 
            "eName": "Time", 
            "isMapped": true, 
            "cName": "时间", 
            "isCore": false, 
            "def": "主体准备好的时间"
        }, 
        {
            "abbrName": "res", 
            "eName": "Result", 
            "isMapped": true, 
            "cName": "结果", 
            "isCore": false, 
            "def": "The state or event that follows due to the ready state.  "
        }, 
        {
            "abbrName": "dur", 
            "eName": "Duration", 
            "isMapped": true, 
            "cName": "时长", 
            "isCore": false, 
            "def": "The length of time that the Protagonist remains capable of the Activity without beginning it."
        }, 
        {
            "abbrName": "deg", 
            "eName": "Degree", 
            "isMapped": true, 
            "cName": "程度", 
            "isCore": false, 
            "def": "This frame element selects some gradable attribute and modifies the expected value for it."
        }, 
        {
            "abbrName": "state", 
            "eName": "State", 
            "isMapped": false, 
            "cName": "状态", 
            "isCore": false, 
            "def": "该框架元素指主体在行动中的状态。"
        }
    ], 
    "lexElmt": [
        {
            "word": "充分", 
            "POS": "a"
        }, 
        {
            "word": "充足", 
            "POS": "a"
        }, 
        {
            "word": "就绪", 
            "POS": "v"
        }, 
        {
            "word": "停当", 
            "POS": "a"
        }, 
        {
            "word": "完备", 
            "POS": "a"
        }, 
        {
            "word": "预备", 
            "POS": "v"
        }, 
        {
            "word": "准备", 
            "POS": "v"
        }
    ], 
    "frameId": 99
}