{
    "fdInfo": {
        "eName": "Cause_to_amalgamate", 
        "cName": "使结合", 
        "des": "该框架指某一致动者联结某些部分形成一个整体。（这些部分可以编码为部分1和部分2）这些部分在经历结合的过程时是对等的关系，其后这些部分被消耗掉，而且不再是从整体中可辩识或可分离的明显的实体。"
    }, 
    "element": [
        {
            "abbrName": "agt", 
            "eName": "Agent", 
            "isMapped": true, 
            "cName": "施动者", 
            "isCore": true, 
            "def": "在这些动词的使役用法中，有一个致动者促成了结合这些部分。"
        }, 
        {
            "abbrName": "part_1", 
            "eName": "Part_1", 
            "isMapped": true, 
            "cName": "部分1", 
            "isCore": true, 
            "def": "该框架元素表示叙述两个部分中的第一个，它大多数情况下是某个介词短语做状语。"
        }, 
        {
            "abbrName": "part_2", 
            "eName": "Part_2", 
            "isMapped": true, 
            "cName": "部分2", 
            "isCore": true, 
            "def": "该框架元素表示叙述两个部分中的第二个，它通常是一个介词短语补足语。"
        }, 
        {
            "abbrName": "parts", 
            "eName": "Parts", 
            "isMapped": true, 
            "cName": "部分", 
            "isCore": true, 
            "def": "该框架元素表示被联结的部分实体，通常被表述为一个单一的复数名词短语。"
        }, 
        {
            "abbrName": "Whole", 
            "eName": "Whole", 
            "isMapped": true, 
            "cName": "整体", 
            "isCore": true, 
            "def": "该框架元素“整体”表示由部分联结而产生的实体。"
        }, 
        {
            "abbrName": "degr", 
            "eName": "Degree", 
            "isMapped": true, 
            "cName": "程度", 
            "isCore": false, 
            "def": "该框架元素表示结合工作的彻底性，如产生的整体不可分的程度。"
        }, 
        {
            "abbrName": "depic", 
            "eName": "Depictive", 
            "isMapped": true, 
            "cName": "形容", 
            "isCore": false, 
            "def": "指部分在结合过程中的状态，通常是关于部分间的比例问题。"
        }, 
        {
            "abbrName": "manr", 
            "eName": "Manner", 
            "isMapped": true, 
            "cName": "方式", 
            "isCore": false, 
            "def": "该框架元素是一个杂类，在无法归入其他各类非核心框架元素的情况下，凡是描述制动者有意识地使部分结合成整体活动的特征或所处状态的成分，都归入该元素。注意，修饰元素是对事件本身的描述，而形容元素是对事件参与者的描述。"
        }, 
        {
            "abbrName": "mns", 
            "eName": "Means", 
            "isMapped": true, 
            "cName": "方法", 
            "isCore": false, 
            "def": "该框架元素表示结合活动发生所凭借的手段。"
        }, 
        {
            "abbrName": "place", 
            "eName": "Place", 
            "isMapped": true, 
            "cName": "处所", 
            "isCore": false, 
            "def": "指事件发生的场所。"
        }, 
        {
            "abbrName": "purp", 
            "eName": "Purpose", 
            "isMapped": true, 
            "cName": "目的", 
            "isCore": false, 
            "def": "指致动者想要达到的由结合导致的事件的状态。"
        }, 
        {
            "abbrName": "result", 
            "eName": "Result", 
            "isMapped": true, 
            "cName": "结果", 
            "isCore": false, 
            "def": "该框架元素表示结合活动的结果。"
        }, 
        {
            "abbrName": "time", 
            "eName": "Time", 
            "isMapped": true, 
            "cName": "时间", 
            "isCore": false, 
            "def": "指结合活动发生的时间。"
        }
    ], 
    "lexElmt": [
        {
            "word": "合并", 
            "POS": "v"
        }, 
        {
            "word": "混合", 
            "POS": "v"
        }, 
        {
            "word": "集合", 
            "POS": "v"
        }, 
        {
            "word": "接合", 
            "POS": "v"
        }, 
        {
            "word": "结合", 
            "POS": "v"
        }, 
        {
            "word": "联合", 
            "POS": "v"
        }, 
        {
            "word": "拼凑", 
            "POS": "v"
        }, 
        {
            "word": "熔合", 
            "POS": "v"
        }, 
        {
            "word": "融合", 
            "POS": "v"
        }, 
        {
            "word": "综合", 
            "POS": "v"
        }, 
        {
            "word": "组合", 
            "POS": "n"
        }, 
        {
            "word": "组合", 
            "POS": "v"
        }
    ], 
    "frameId": 197
}