{
    "fdInfo": {
        "eName": "Cause_emotion", 
        "cName": "使产生情绪", 
        "des": "施动者的行为使体验者产生某种情绪。"
    }, 
    "element": [
        {
            "abbrName": "agt", 
            "eName": "Agent", 
            "isMapped": true, 
            "cName": "施动者", 
            "isCore": true, 
            "def": "施动者是其行为能够引起体验者某种情绪的人。"
        }, 
        {
            "abbrName": "evnt", 
            "eName": "Event", 
            "isMapped": true, 
            "cName": "事件", 
            "isCore": true, 
            "def": "该框架元素指一种能够唤起体验者情绪的某种情况或事件。该事件是作为有感知力的某个人的某些行为直接结果。"
        }, 
        {
            "abbrName": "exp", 
            "eName": "Experiencer", 
            "isMapped": true, 
            "cName": "体验者", 
            "isCore": true, 
            "def": "体验者是因施动者而产生某种情绪的人。"
        }, 
        {
            "abbrName": "contain-even", 
            "eName": "Containing_event", 
            "isMapped": true, 
            "cName": "背景事件", 
            "isCore": false, 
            "def": "该框架元素是指某时间段内发生的某个事件或持续的某种事态，该事件或事态包含由目标词所指的事件或事态，或者说目标词所指的事件或事态是该框架元素所指的事件或事态的一部分。"
        }, 
        {
            "abbrName": "degr", 
            "eName": "Degree", 
            "isMapped": true, 
            "cName": "程度", 
            "isCore": false, 
            "def": "该框架元素选择了一些分级属性并对其期望值进行修正。"
        }, 
        {
            "abbrName": "depic", 
            "eName": "Depictive", 
            "isMapped": true, 
            "cName": "形容", 
            "isCore": false, 
            "def": "该框架元素描写了某个由目标词所引入的某种事件状态的参与者，该参与者在某种行为中处于某一特定的状态。"
        }, 
        {
            "abbrName": "eve-desc", 
            "eName": "Event_description", 
            "isMapped": true, 
            "cName": "事件评价", 
            "isCore": false, 
            "def": "该框架元素对事件进行了整体描述。"
        }, 
        {
            "abbrName": "expla", 
            "eName": "Explanation", 
            "isMapped": true, 
            "cName": "解释", 
            "isCore": false, 
            "def": "该框架元素描述了引起目标词事态的原因。"
        }, 
        {
            "abbrName": "freq", 
            "eName": "Frequency", 
            "isMapped": true, 
            "cName": "频率", 
            "isCore": false, 
            "def": "该框架元素被定义为单位时间内一件事发生的次数。"
        }, 
        {
            "abbrName": "instru", 
            "eName": "Instrument", 
            "isMapped": true, 
            "cName": "工具", 
            "isCore": false, 
            "def": "施动者使体验者产生某种情绪所使用的工具。"
        }, 
        {
            "abbrName": "manr", 
            "eName": "Manner", 
            "isMapped": true, 
            "cName": "方式", 
            "isCore": false, 
            "def": "施动者用某种方式使体验者产生某种情绪。"
        }, 
        {
            "abbrName": "mns", 
            "eName": "Means", 
            "isMapped": true, 
            "cName": "方法", 
            "isCore": false, 
            "def": "施动者作出了某种行为，并对体验者产生了作用。"
        }, 
        {
            "abbrName": "mediun", 
            "eName": "Medium", 
            "isMapped": true, 
            "cName": "媒介", 
            "isCore": false, 
            "def": "媒介是施动者使体验者产生某种情绪的物质环境或抽象背景。"
        }, 
        {
            "abbrName": "part-iter", 
            "eName": "Particular_iteration", 
            "isMapped": true, 
            "cName": "特定次数", 
            "isCore": false, 
            "def": "该框架元素表达了主题之外的内容，其表达修饰了目标词的非重复性使用，并表明目标词是一系列类似事件或状态之一。"
        }, 
        {
            "abbrName": "p-iter", 
            "eName": "Period_of_iterations", 
            "isMapped": true, 
            "cName": "迭代周期", 
            "isCore": false, 
            "def": "施动者多次使受事产生某种情绪，该框架元素指的是这种情况发生频率的时长。"
        }, 
        {
            "abbrName": "place", 
            "eName": "Place", 
            "isMapped": true, 
            "cName": "处所", 
            "isCore": false, 
            "def": "施动者使体验者产生某种情绪的地点。"
        }, 
        {
            "abbrName": "time", 
            "eName": "Time", 
            "isMapped": true, 
            "cName": "时间", 
            "isCore": false, 
            "def": "施动者使体验者产生某种情绪的时间。"
        }, 
        {
            "abbrName": "type", 
            "eName": "Type", 
            "isMapped": true, 
            "cName": "类型", 
            "isCore": false, 
            "def": "施动者使体验者产生的情绪的类型。"
        }
    ], 
    "lexElmt": [
        {
            "word": "触怒", 
            "POS": "v"
        }, 
        {
            "word": "激怒", 
            "POS": "v"
        }
    ], 
    "frameId": 491
}