{
    "fdInfo": {
        "eName": "Usefulness", 
        "cName": "适用性", 
        "des": "一个实体对成功完成某个目的的有实用价值，实体的实用价值的层级差别可以用程度表示出来。"
    }, 
    "element": [
        {
            "abbrName": "ent", 
            "eName": "Entity", 
            "isMapped": true, 
            "cName": "实体", 
            "isCore": true, 
            "def": "对实现目的有用的物体或事件。"
        }, 
        {
            "abbrName": "purp", 
            "eName": "Purpose", 
            "isMapped": true, 
            "cName": "目的", 
            "isCore": true, 
            "def": "能够被实体的出现或使用促进的工作。"
        }, 
        {
            "abbrName": "degr", 
            "eName": "Degree", 
            "isMapped": true, 
            "cName": "程度", 
            "isCore": false, 
            "def": "实体促进目的实现的层级差别的属性。"
        }, 
        {
            "abbrName": "dom", 
            "eName": "Domain", 
            "isMapped": true, 
            "cName": "领域", 
            "isCore": false, 
            "def": "表明实体具有某种用途的领域。"
        }, 
        {
            "abbrName": "Tim", 
            "eName": "Time", 
            "isMapped": true, 
            "cName": "时间", 
            "isCore": false, 
            "def": "When the Entity is useful for a Purpose."
        }
    ], 
    "lexElmt": [
        {
            "word": "帮助", 
            "POS": "n"
        }, 
        {
            "word": "便于", 
            "POS": "v"
        }, 
        {
            "word": "功用", 
            "POS": "n"
        }, 
        {
            "word": "价值", 
            "POS": "n"
        }, 
        {
            "word": "实用", 
            "POS": "a"
        }, 
        {
            "word": "使用", 
            "POS": "v"
        }, 
        {
            "word": "适用性", 
            "POS": "n"
        }, 
        {
            "word": "效用", 
            "POS": "n"
        }, 
        {
            "word": "用处", 
            "POS": "n"
        }, 
        {
            "word": "用途", 
            "POS": "n"
        }, 
        {
            "word": "有效", 
            "POS": "a"
        }, 
        {
            "word": "有益", 
            "POS": "v"
        }, 
        {
            "word": "有用", 
            "POS": "v"
        }, 
        {
            "word": "有助于", 
            "POS": "v"
        }, 
        {
            "word": "作用", 
            "POS": "n"
        }
    ], 
    "frameId": 299
}