{
    "fdInfo": {
        "eName": "Suitability", 
        "cName": "适宜性", 
        "des": "这一框架是评价一个被评价者对于目的或使用者的适用性，预示着做出的一些某个被评价者被使用来适合于目的或使用者的选择。例如：适当(a.)词元，意味着当给定一个特别的目的或使用者时，被评价者就被选定或者应当被选定。这个框架与[兼容]框架有一些相似之处，在这种情况下，关于两个元素的相容性在同一背景条件下进行评价。"
    }, 
    "element": [
        {
            "abbrName": "eval", 
            "eName": "Evaluee", 
            "isMapped": true, 
            "cName": "评价对象", 
            "isCore": true, 
            "def": "表示了表达实体的要素，实体被认为对于目的或使用者有或多或少的适用性。"
        }, 
        {
            "abbrName": "purp", 
            "eName": "Purpose", 
            "isMapped": true, 
            "cName": "目的", 
            "isCore": true, 
            "def": "这一框架元素表示了一种要素，目的是被评估者被判定为适合还是不适合。"
        }, 
        {
            "abbrName": "user", 
            "eName": "User", 
            "isMapped": true, 
            "cName": "使用者", 
            "isCore": true, 
            "def": "这一核心框架元素指明了使用者。"
        }, 
        {
            "abbrName": "degr", 
            "eName": "Degree", 
            "isMapped": true, 
            "cName": "程度", 
            "isCore": false, 
            "def": "这一框架元素表示被评价者对于环境的适合程度。"
        }
    ], 
    "lexElmt": [
        {
            "word": "符合", 
            "POS": "v"
        }, 
        {
            "word": "合适", 
            "POS": "a"
        }, 
        {
            "word": "匹配", 
            "POS": "v"
        }, 
        {
            "word": "恰当", 
            "POS": "a"
        }, 
        {
            "word": "适当", 
            "POS": "a"
        }, 
        {
            "word": "适合", 
            "POS": "v"
        }, 
        {
            "word": "适合于", 
            "POS": "v"
        }, 
        {
            "word": "适宜", 
            "POS": "a"
        }, 
        {
            "word": "适宜性", 
            "POS": "n"
        }, 
        {
            "word": "适宜于", 
            "POS": "v"
        }, 
        {
            "word": "适用性", 
            "POS": "n"
        }, 
        {
            "word": "适用于", 
            "POS": "v"
        }, 
        {
            "word": "适于", 
            "POS": "v"
        }, 
        {
            "word": "相称", 
            "POS": "a"
        }, 
        {
            "word": "相配", 
            "POS": "a"
        }
    ], 
    "frameId": 292
}