{
    "fdInfo": {
        "eName": "Using", 
        "cName": "使用", 
        "des": "致动者操纵某个工具去达成某个目的。"
    }, 
    "element": [
        {
            "abbrName": "agt", 
            "eName": "Agent", 
            "isMapped": true, 
            "cName": "施动者", 
            "isCore": true, 
            "def": "使用工具去达成目的的人。"
        }, 
        {
            "abbrName": "purp", 
            "eName": "Purpose", 
            "isMapped": true, 
            "cName": "目的", 
            "isCore": true, 
            "def": "致动者使用工具所要达成的目的。"
        }, 
        {
            "abbrName": "instru", 
            "eName": "Instrument", 
            "isMapped": true, 
            "cName": "工具", 
            "isCore": true, 
            "def": "致动者为了达成目的所操纵的实体。"
        }, 
        {
            "abbrName": "role", 
            "eName": "Role", 
            "isMapped": true, 
            "cName": "身份", 
            "isCore": false, 
            "def": "表明参与事件的工具的角色。"
        }, 
        {
            "abbrName": "contain_even", 
            "eName": "Containing_event", 
            "isMapped": true, 
            "cName": "上位事件", 
            "isCore": false, 
            "def": "包含使用事件的更大事件。"
        }, 
        {
            "abbrName": "degr", 
            "eName": "Degree", 
            "isMapped": true, 
            "cName": "程度", 
            "isCore": false, 
            "def": "描述事件有层级差别的属性。"
        }, 
        {
            "abbrName": "depic", 
            "eName": "Depictive", 
            "isMapped": true, 
            "cName": "形容", 
            "isCore": false, 
            "def": "该框架元素描述与目标词有关的事件参与者所处的状态。"
        }, 
        {
            "abbrName": "freq", 
            "eName": "Frequency", 
            "isMapped": true, 
            "cName": "频率", 
            "isCore": false, 
            "def": "事件在单位时间内发生的次数，一般可以用（“每”+时间单位+“多少次”）提问。"
        }, 
        {
            "abbrName": "manr", 
            "eName": "Manner", 
            "isMapped": true, 
            "cName": "方式", 
            "isCore": false, 
            "def": "修饰用来概括无法归入其他更具体的框架元素的任何语义成分，包括认知的修饰（如很可能，大概，神秘地），辅助描述（安静地，大声地），和与事件相比较的一般描述（同样的方式）。同时他也可能描述一些能够影响所述动作的，致动者的显著个性特征（如故意地，热切地，谨慎地）。"
        }, 
        {
            "abbrName": "mns", 
            "eName": "Means", 
            "isMapped": true, 
            "cName": "方法", 
            "isCore": false, 
            "def": "致动者使用工具的方式，手段。"
        }, 
        {
            "abbrName": "outcome", 
            "eName": "Outcome", 
            "isMapped": true, 
            "cName": "成败", 
            "isCore": false, 
            "def": "成败描述了致动者使用工具的目的是否实现。"
        }, 
        {
            "abbrName": "place", 
            "eName": "Place", 
            "isMapped": true, 
            "cName": "处所", 
            "isCore": false, 
            "def": "致动者使用工具的地点。"
        }, 
        {
            "abbrName": "time", 
            "eName": "Time", 
            "isMapped": true, 
            "cName": "时间", 
            "isCore": false, 
            "def": "致动者使用工具的时间。"
        }, 
        {
            "abbrName": "circ", 
            "eName": "Circumstances", 
            "isMapped": true, 
            "cName": "环境条件", 
            "isCore": false, 
            "def": "环境条件是指明显独立于事件本身和事件参与者的状态（在特定的时间和地点）。"
        }, 
        {
            "abbrName": "per", 
            "eName": "Period_of_iterations", 
            "isMapped": true, 
            "cName": "迭代周期", 
            "isCore": false, 
            "def": "This FE modifies a clause with an iterative interpretation, which may be signified by the simple present tense on the main verb."
        }, 
        {
            "abbrName": "exp", 
            "eName": "Explanation", 
            "isMapped": true, 
            "cName": "解释", 
            "isCore": false, 
            "def": "The Explanation denotes a proposition from which the main clause (headed by the target) logically follows. This often means that the Explanation causes the target's proposition, but not in all cases. "
        }, 
        {
            "abbrName": "gro", 
            "eName": "Group", 
            "isMapped": true, 
            "cName": "群体", 
            "isCore": false, 
            "def": "This FE identifies the population within which the Using event occurs. "
        }, 
        {
            "abbrName": "dur", 
            "eName": "Duration", 
            "isMapped": true, 
            "cName": "时量", 
            "isCore": false, 
            "def": "Duration denotes the length of time from the beginning of a continuous situation to its end. In many cases, the continuous situation is a dynamic action which is ongoing, while in others it is simply an undifferentiated state."
        }, 
        {
            "abbrName": "dur_action", 
            "eName": "Duration_of_action", 
            "isMapped": false, 
            "cName": "动作时量", 
            "isCore": false, 
            "def": "动作行为本身持续的时间数量或者动作重复进行所用的时间数量。"
        }
    ], 
    "lexElmt": [
        {
            "word": "采用", 
            "POS": "v"
        }, 
        {
            "word": "利用", 
            "POS": "v"
        }, 
        {
            "word": "录用", 
            "POS": "v"
        }, 
        {
            "word": "使用", 
            "POS": "v"
        }, 
        {
            "word": "选用", 
            "POS": "v"
        }, 
        {
            "word": "引用", 
            "POS": "v"
        }, 
        {
            "word": "应用", 
            "POS": "v"
        }, 
        {
            "word": "用", 
            "POS": "v"
        }, 
        {
            "word": "运用", 
            "POS": "v"
        }
    ], 
    "frameId": 301
}