{
    "fdInfo": {
        "eName": "State_of_entity", 
        "cName": "实体状态", 
        "des": "实体处于一个特定状态。当没有明确指明时，状态通常是指实体的健康状态和机能修复。状态通常由评价评定。状态也被指定仅应用为实体的特殊参数。"
    }, 
    "element": [
        {
            "abbrName": "ent", 
            "eName": "Entity", 
            "isMapped": true, 
            "cName": "实体", 
            "isCore": true, 
            "def": "状态被指定或评定的实体。"
        }, 
        {
            "abbrName": "state", 
            "eName": "State", 
            "isMapped": true, 
            "cName": "状态", 
            "isCore": false, 
            "def": "实体参与的某种关系或实体拥有的所有物。"
        }, 
        {
            "abbrName": "eva", 
            "eName": "Evaluation", 
            "isMapped": true, 
            "cName": "评价", 
            "isCore": false, 
            "def": "实体状态的评估或描述。"
        }, 
        {
            "abbrName": "parameter", 
            "eName": "Parameter", 
            "isMapped": true, 
            "cName": "范围", 
            "isCore": false, 
            "def": "在特定的状态中实体的一部分或实体的特性。"
        }
    ], 
    "lexElmt": [
        {
            "word": "情况", 
            "POS": "n"
        }, 
        {
            "word": "情形", 
            "POS": "n"
        }, 
        {
            "word": "状况", 
            "POS": "n"
        }, 
        {
            "word": "状态", 
            "POS": "n"
        }
    ], 
    "frameId": 289
}