{
    "fdInfo": {
        "eName": "Taking_captive", 
        "cName": "抓捕", 
        "des": "尽管捕获物本身也有移动的倾向和意愿，施动者开始防止捕获物移动。"
    }, 
    "element": [
        {
            "abbrName": "agt", 
            "eName": "Agent", 
            "isMapped": true, 
            "cName": "施动者", 
            "isCore": true, 
            "def": "关押捕获物的施动者。"
        }, 
        {
            "abbrName": "cap", 
            "eName": "Captive", 
            "isMapped": true, 
            "cName": "捕获物", 
            "isCore": true, 
            "def": "被抓捕的实体。"
        }, 
        {
            "abbrName": "cause", 
            "eName": "Cause", 
            "isMapped": true, 
            "cName": "致因", 
            "isCore": true, 
            "def": "致因是限制捕获物活动或把其限制在某地点的不具感知力的实体。"
        }, 
        {
            "abbrName": "contain_even", 
            "eName": "Containing_event", 
            "isMapped": true, 
            "cName": "背景事件", 
            "isCore": false, 
            "def": "包含捕获捕获物事件或与之同时发生的更大的事件。"
        }, 
        {
            "abbrName": "depic", 
            "eName": "Depictive", 
            "isMapped": true, 
            "cName": "形容", 
            "isCore": false, 
            "def": "指对抓捕事件中参与者的描述。"
        }, 
        {
            "abbrName": "expla", 
            "eName": "Explanation", 
            "isMapped": true, 
            "cName": "解释", 
            "isCore": false, 
            "def": "施动者在捕获捕获物时反映出的事态。"
        }, 
        {
            "abbrName": "instru", 
            "eName": "Instrument", 
            "isMapped": true, 
            "cName": "工具", 
            "isCore": false, 
            "def": "抓获时所使用的工具。"
        }, 
        {
            "abbrName": "manr", 
            "eName": "Manner", 
            "isMapped": true, 
            "cName": "方式", 
            "isCore": false, 
            "def": "对无法归类为其他框架元素的事件（或状态）的描述，该描述既包括认知修正(如“可能”、“大概”、“神秘”)、力度(如“坚硬的”、“轻柔地”)、次生效应(如“安静地”，“大声地”)，以及对不同事件进行比较的概括性描述(如“同样”)。该框架元素也可以指某个影响施动者行为的显著特征(如（“专横”，“冷酷”，“故意”，“急切”，“谨慎”)。"
        }, 
        {
            "abbrName": "mns", 
            "eName": "Means", 
            "isMapped": true, 
            "cName": "方法", 
            "isCore": false, 
            "def": "施动者为了完成目标词所表示的行为而进行的有意行为。"
        }, 
        {
            "abbrName": "place", 
            "eName": "Place", 
            "isMapped": true, 
            "cName": "处所", 
            "isCore": false, 
            "def": "该框架元素表明了事件发生的处所。"
        }, 
        {
            "abbrName": "purp", 
            "eName": "Purpose", 
            "isMapped": true, 
            "cName": "目的", 
            "isCore": false, 
            "def": "施动者监禁捕获物的目的。"
        }, 
        {
            "abbrName": "recip", 
            "eName": "Reciprocation", 
            "isMapped": true, 
            "cName": "回应事件", 
            "isCore": false, 
            "def": "限制的原因。"
        }, 
        {
            "abbrName": "time", 
            "eName": "Time", 
            "isMapped": true, 
            "cName": "时间", 
            "isCore": false, 
            "def": "事件发生的时间。"
        }
    ], 
    "lexElmt": [
        {
            "word": "捕获", 
            "POS": "v"
        }, 
        {
            "word": "逮住", 
            "POS": "f"
        }, 
        {
            "word": "俘获", 
            "POS": "v"
        }, 
        {
            "word": "俘虏", 
            "POS": "v"
        }, 
        {
            "word": "活捉", 
            "POS": "v"
        }, 
        {
            "word": "缉捕", 
            "POS": "v"
        }, 
        {
            "word": "拘", 
            "POS": "v"
        }, 
        {
            "word": "拘捕", 
            "POS": "v"
        }, 
        {
            "word": "拘禁", 
            "POS": "v"
        }, 
        {
            "word": "拘控", 
            "POS": "v"
        }, 
        {
            "word": "拘留", 
            "POS": "v"
        }, 
        {
            "word": "拘押", 
            "POS": "v"
        }, 
        {
            "word": "拘役", 
            "POS": "v"
        }, 
        {
            "word": "拿获", 
            "POS": "v"
        }, 
        {
            "word": "拿下", 
            "POS": "f"
        }, 
        {
            "word": "拿住", 
            "POS": "f"
        }, 
        {
            "word": "批捕", 
            "POS": "v"
        }, 
        {
            "word": "破获", 
            "POS": "v"
        }, 
        {
            "word": "擒住", 
            "POS": "f"
        }, 
        {
            "word": "一网打尽", 
            "POS": "i"
        }, 
        {
            "word": "弋获", 
            "POS": "v"
        }, 
        {
            "word": "抓获", 
            "POS": "v"
        }, 
        {
            "word": "抓住", 
            "POS": "f"
        }, 
        {
            "word": "捉住", 
            "POS": "f"
        }
    ], 
    "frameId": 428
}