{
    "fdInfo": {
        "eName": "Being_included", 
        "cName": "组成", 
        "des": "部分被凸显为整体的一个子集或组成部分。与“包含”框架相比，该框架中的相同关系都是从整体角度着眼。"
    }, 
    "element": [
        {
            "abbrName": "par", 
            "eName": "Part", 
            "isMapped": true, 
            "cName": "部分", 
            "isCore": true, 
            "def": "部分是一个子集或是整体的一个组成部分。"
        }, 
        {
            "abbrName": "whl", 
            "eName": "Whole", 
            "isMapped": true, 
            "cName": "整体", 
            "isCore": true, 
            "def": "整体是包含部分的较大实体。"
        }
    ], 
    "lexElmt": [
        {
            "word": "编成", 
            "POS": "v"
        }, 
        {
            "word": "构成", 
            "POS": "v"
        }, 
        {
            "word": "合", 
            "POS": "r"
        }, 
        {
            "word": "合成", 
            "POS": "v"
        }, 
        {
            "word": "组", 
            "POS": "v"
        }, 
        {
            "word": "组成", 
            "POS": "v"
        }, 
        {
            "word": "组合", 
            "POS": "v"
        }, 
        {
            "word": "组装", 
            "POS": "v"
        }
    ], 
    "frameId": 376
}