{
    "fdInfo": {
        "eName": "Perception_active", 
        "cName": "自主感知", 
        "des": "感知者有意识地用感觉器官感受某实体或现象，以获取对事物的认识。因此，感知者在该框架中被称为\"自主感知者\"。注意，[自主感知]框架和[非自主感知]框架所含词语是不同的，例如，[自主感知]包含\"看，听\"，而[非自主感知]的词语则是\"看见，听见\"；这两个框架也包含相同的词语，如\"感觉\"，\"我感觉浑身疼痛\"，属于[非自主感知]，\"就像我们的物理学家所说，人应该切身地来感觉核反应堆\"，属于[自主感知]，然而\"感觉\"很少用来表达自主感知活动。在该框架的句子中，自主感知者是理解上必不可少的，如果句子里没有出现，则标记为零形式框架元素（CNI/DNI/INI）；现象和方向可以只出现其一，但是，如果既没有出现现象，也没有出现方向，则默认为省略了现象，标记为零形式框架元素；身体部位元素虽然在理解上不可缺少，但在句子表达中却可有可无。"
    }, 
    "element": [
        {
            "abbrName": "perc_agt", 
            "eName": "Perceiver_agentive", 
            "isMapped": true, 
            "cName": "自主感知者", 
            "isCore": true, 
            "def": "为了获得对事物的认识而采取感知行动的人，通常做主语。"
        }, 
        {
            "abbrName": "phen", 
            "eName": "Phenomenon", 
            "isMapped": true, 
            "cName": "现象", 
            "isCore": true, 
            "def": "现象是指自主感知者为了获取认识，其注意力所指向的实体或事件，通常表示为动词的宾语。"
        }, 
        {
            "abbrName": "bodp", 
            "eName": "Body_part", 
            "isMapped": true, 
            "cName": "身体部位", 
            "isCore": false, 
            "def": "指自主感知者的感觉器官，通常用\"用\"、\"拿\"等引导的介词短语表示，还可以直接用名词性主语表示。"
        }, 
        {
            "abbrName": "dir", 
            "eName": "Direction", 
            "isMapped": true, 
            "cName": "方向", 
            "isCore": false, 
            "def": "该元素描述感知者的注意力在感知活动中朝向哪里，与下面的感知者位置不同，方向表示动作的方向，而感知者位置表示的是自主感知者在感知活动中所处的位置。"
        }, 
        {
            "abbrName": "depic", 
            "eName": "Depictive", 
            "isMapped": true, 
            "cName": "形容", 
            "isCore": false, 
            "def": "该元素在句法上从属于目标词，做状语、定语或补语，但在语义上描写的却是事件的参与者，表示参与者在事件过程中所处的状态。"
        }, 
        {
            "abbrName": "Dur", 
            "eName": "Duration", 
            "isMapped": true, 
            "cName": "动作时量", 
            "isCore": false, 
            "def": "感知觉活动所持续的时间数量。 "
        }, 
        {
            "abbrName": "exp", 
            "eName": "Expected_entity", 
            "isMapped": true, 
            "cName": "期望事件", 
            "isCore": false, 
            "def": "自主感知者希望、担心或期待在现象中找到的实体或事件状态。"
        }, 
        {
            "abbrName": "ground", 
            "eName": "Ground", 
            "isMapped": true, 
            "cName": "背景", 
            "isCore": false, 
            "def": "背景是自主感知者所感受的（或者感受不到的）现象所处的位置，作为感知觉活动的背景场所，用处所短语表示。该框架中，背景主要和含有\"寻找\"义的词语一起出现。"
        }, 
        {
            "abbrName": "loc", 
            "eName": "Location_of_protagonist", 
            "isMapped": true, 
            "cName": "感知者位置", 
            "isCore": false, 
            "def": "该框架元素表明在感知活动过程中的感知者所处的位置，通常用由\"从\"\"在\"等引导的介词短语表示。"
        }, 
        {
            "abbrName": "manr", 
            "eName": "Manner", 
            "isMapped": true, 
            "cName": "方式", 
            "isCore": false, 
            "def": "该元素是一个杂类，在无法归入其他各类非核心框架元素的情况下，凡是描述自主感知活动的特征或所处状态的成分，都归入该元素，如\"密切、认真\"等。注意，修饰元素是对事件本身的描述，而形容元素是对事件参与者的描述。"
        }, 
        {
            "abbrName": "mns", 
            "eName": "Means", 
            "isMapped": true, 
            "cName": "方法", 
            "isCore": false, 
            "def": "自主感知者感受某现象时所用的方法。"
        }, 
        {
            "abbrName": "place", 
            "eName": "Place", 
            "isMapped": true, 
            "cName": "处所", 
            "isCore": false, 
            "def": "感知觉活动发生的场所。"
        }, 
        {
            "abbrName": "purp", 
            "eName": "Purpose", 
            "isMapped": true, 
            "cName": "目的", 
            "isCore": false, 
            "def": "自主感知者通过集中注意力试图实现的某行为，一般用\"为了\"等引导的介词短语表示。"
        }, 
        {
            "abbrName": "time", 
            "eName": "Time", 
            "isMapped": true, 
            "cName": "时间", 
            "isCore": false, 
            "def": "自主感知活动发生的时间。"
        }, 
        {
            "abbrName": "State", 
            "eName": "State", 
            "isMapped": true, 
            "cName": "状态", 
            "isCore": false, 
            "def": "State is the location, activity, or other characteristic of the Phenomenon.\n\nI tasted the soup in the fridge.\n\nI stared at the man running out the door."
        }, 
        {
            "abbrName": "O_m", 
            "eName": "Obscuring_medium", 
            "isMapped": true, 
            "cName": "媒介", 
            "isCore": false, 
            "def": "The Obscuring_medium is the medium through which the Phenomenon makes itself perceivable to the Perceiver_agentive.  This is similar to the Direction, but occurs in the opposite direction and implies a movement of the Phenomenon.\n\nI eavesdropped on them through the wall."
        }
    ], 
    "lexElmt": [
        {
            "word": "尝", 
            "POS": "v"
        }, 
        {
            "word": "尝尝", 
            "POS": "v"
        }, 
        {
            "word": "瞅", 
            "POS": "v"
        }, 
        {
            "word": "盯", 
            "POS": "v"
        }, 
        {
            "word": "感觉", 
            "POS": "v"
        }, 
        {
            "word": "感受", 
            "POS": "v"
        }, 
        {
            "word": "观", 
            "POS": "v"
        }, 
        {
            "word": "观察", 
            "POS": "v"
        }, 
        {
            "word": "观看", 
            "POS": "v"
        }, 
        {
            "word": "观赏", 
            "POS": "v"
        }, 
        {
            "word": "看", 
            "POS": "v"
        }, 
        {
            "word": "看看", 
            "POS": "v"
        }, 
        {
            "word": "窥视", 
            "POS": "v"
        }, 
        {
            "word": "凝视", 
            "POS": "v"
        }, 
        {
            "word": "品尝", 
            "POS": "v"
        }, 
        {
            "word": "探察", 
            "POS": "v"
        }, 
        {
            "word": "听", 
            "POS": "v"
        }, 
        {
            "word": "听听", 
            "POS": "v"
        }, 
        {
            "word": "偷看", 
            "POS": "v"
        }, 
        {
            "word": "偷窥", 
            "POS": "v"
        }, 
        {
            "word": "偷听", 
            "POS": "v"
        }, 
        {
            "word": "闻", 
            "POS": "v"
        }, 
        {
            "word": "闻闻", 
            "POS": "v"
        }, 
        {
            "word": "斜视", 
            "POS": "v"
        }, 
        {
            "word": "欣赏", 
            "POS": "v"
        }, 
        {
            "word": "嗅", 
            "POS": "v"
        }, 
        {
            "word": "一瞥", 
            "POS": "v"
        }, 
        {
            "word": "侦察", 
            "POS": "v"
        }
    ], 
    "frameId": 29
}