{
    "fdInfo": {
        "eName": "Text", 
        "cName": "文本", 
        "des": "文本是一个关于某个主题的包含语言学的和象征的信息的实体，是作者在创作时间创作出来。它可能是由某种原料等制成的物理实体，也可能为某个受体所制作。"
    }, 
    "element": [
        {
            "abbrName": "text", 
            "eName": "Text", 
            "isMapped": true, 
            "cName": "文本", 
            "isCore": true, 
            "def": "文本指含语言学信息的实体。"
        }, 
        {
            "abbrName": "author", 
            "eName": "Author", 
            "isMapped": true, 
            "cName": "作者", 
            "isCore": false, 
            "def": "作者是制作某个特定文本的人。"
        }, 
        {
            "abbrName": "Cmpnt", 
            "eName": "Subpart", 
            "isMapped": true, 
            "cName": "成分", 
            "isCore": false, 
            "def": "指组成某个文本的小文本。"
        }, 
        {
            "abbrName": "cont_text", 
            "eName": "Containing_text", 
            "isMapped": true, 
            "cName": "文集", 
            "isCore": false, 
            "def": "指包含某个文本的集子。"
        }, 
        {
            "abbrName": "genre", 
            "eName": "Genre", 
            "isMapped": true, 
            "cName": "体裁", 
            "isCore": false, 
            "def": "指某个文本的体裁或其亚类。"
        }, 
        {
            "abbrName": "Ben", 
            "eName": "Beneficiary", 
            "isMapped": true, 
            "cName": "受众", 
            "isCore": false, 
            "def": "指作者创作文本针对的群体。"
        }, 
        {
            "abbrName": "mat", 
            "eName": "Material", 
            "isMapped": true, 
            "cName": "材料", 
            "isCore": false, 
            "def": "指承载文本的载体（如果可用）。"
        }, 
        {
            "abbrName": "medium", 
            "eName": "Medium", 
            "isMapped": true, 
            "cName": "媒介", 
            "isCore": false, 
            "def": "媒介是指创作文本所使用的语言或传播文本的物理实体（无线电，墨水）。"
        }, 
        {
            "abbrName": "tim_cre", 
            "eName": "Time_of_creation", 
            "isMapped": true, 
            "cName": "创造时间", 
            "isCore": false, 
            "def": "指作者创作文本的时间。"
        }, 
        {
            "abbrName": "title", 
            "eName": "Title", 
            "isMapped": true, 
            "cName": "标题", 
            "isCore": false, 
            "def": "文本的标题。"
        }, 
        {
            "abbrName": "top", 
            "eName": "Topic", 
            "isMapped": true, 
            "cName": "主题", 
            "isCore": false, 
            "def": "关涉是指文本讨论的内容。"
        }, 
        {
            "abbrName": "use", 
            "eName": "Use", 
            "isMapped": true, 
            "cName": "用途", 
            "isCore": false, 
            "def": "指创作文本的用处和目的。"
        }, 
        {
            "abbrName": "pla", 
            "eName": "Place", 
            "isMapped": true, 
            "cName": "处所", 
            "isCore": false, 
            "def": "The region where the Text is sold, circulated, or otherwise popular."
        }, 
        {
            "abbrName": "descript", 
            "eName": "Descriptor", 
            "isMapped": true, 
            "cName": "描述子", 
            "isCore": false, 
            "def": "A charactoristic of the Text"
        }, 
        {
            "abbrName": "manr", 
            "eName": "Manner", 
            "isMapped": false, 
            "cName": "方式", 
            "isCore": false, 
            "def": "该元素是一个杂类，在无法归入其他各类非核心框架元素的情况下，凡是描述文本的特征或所处状态的成分，都归入该元素。"
        }
    ], 
    "lexElmt": [
        {
            "word": "版本", 
            "POS": "n"
        }, 
        {
            "word": "报告", 
            "POS": "n"
        }, 
        {
            "word": "报纸", 
            "POS": "n"
        }, 
        {
            "word": "悲剧", 
            "POS": "n"
        }, 
        {
            "word": "编年史", 
            "POS": "n"
        }, 
        {
            "word": "布道", 
            "POS": "n"
        }, 
        {
            "word": "材料", 
            "POS": "n"
        }, 
        {
            "word": "参考书", 
            "POS": "n"
        }, 
        {
            "word": "册", 
            "POS": "n"
        }, 
        {
            "word": "传记", 
            "POS": "n"
        }, 
        {
            "word": "传奇", 
            "POS": "n"
        }, 
        {
            "word": "传说", 
            "POS": "n"
        }, 
        {
            "word": "丛书", 
            "POS": "n"
        }, 
        {
            "word": "大本书", 
            "POS": "n"
        }, 
        {
            "word": "读本", 
            "POS": "n"
        }, 
        {
            "word": "读物", 
            "POS": "n"
        }, 
        {
            "word": "短文", 
            "POS": "n"
        }, 
        {
            "word": "讣告", 
            "POS": "n"
        }, 
        {
            "word": "赋", 
            "POS": "n"
        }, 
        {
            "word": "歌词", 
            "POS": "n"
        }, 
        {
            "word": "工具书", 
            "POS": "n"
        }, 
        {
            "word": "公告", 
            "POS": "n"
        }, 
        {
            "word": "故事", 
            "POS": "n"
        }, 
        {
            "word": "汇编集", 
            "POS": "n"
        }, 
        {
            "word": "佳作", 
            "POS": "n"
        }, 
        {
            "word": "教材", 
            "POS": "n"
        }, 
        {
            "word": "教程", 
            "POS": "n"
        }, 
        {
            "word": "教科书", 
            "POS": "n"
        }, 
        {
            "word": "结语", 
            "POS": "n"
        }, 
        {
            "word": "警句", 
            "POS": "n"
        }, 
        {
            "word": "剧本", 
            "POS": "n"
        }, 
        {
            "word": "卷", 
            "POS": "n"
        }, 
        {
            "word": "列表", 
            "POS": "n"
        }, 
        {
            "word": "论文", 
            "POS": "n"
        }, 
        {
            "word": "论文集", 
            "POS": "n"
        }, 
        {
            "word": "民歌", 
            "POS": "n"
        }, 
        {
            "word": "名单", 
            "POS": "n"
        }, 
        {
            "word": "目录", 
            "POS": "n"
        }, 
        {
            "word": "俳句", 
            "POS": "n"
        }, 
        {
            "word": "平装本", 
            "POS": "n"
        }, 
        {
            "word": "评论", 
            "POS": "n"
        }, 
        {
            "word": "期刊", 
            "POS": "n"
        }, 
        {
            "word": "日记", 
            "POS": "n"
        }, 
        {
            "word": "三部剧", 
            "POS": "n"
        }, 
        {
            "word": "三部曲", 
            "POS": "n"
        }, 
        {
            "word": "散文", 
            "POS": "n"
        }, 
        {
            "word": "社论", 
            "POS": "n"
        }, 
        {
            "word": "神话", 
            "POS": "n"
        }, 
        {
            "word": "诗", 
            "POS": "n"
        }, 
        {
            "word": "十四行诗", 
            "POS": "n"
        }, 
        {
            "word": "史诗", 
            "POS": "n"
        }, 
        {
            "word": "手册", 
            "POS": "n"
        }, 
        {
            "word": "手稿", 
            "POS": "n"
        }, 
        {
            "word": "手迹", 
            "POS": "n"
        }, 
        {
            "word": "书", 
            "POS": "n"
        }, 
        {
            "word": "书籍", 
            "POS": "n"
        }, 
        {
            "word": "书信", 
            "POS": "n"
        }, 
        {
            "word": "抒情诗", 
            "POS": "n"
        }, 
        {
            "word": "四部曲", 
            "POS": "n"
        }, 
        {
            "word": "四联剧", 
            "POS": "n"
        }, 
        {
            "word": "颂词", 
            "POS": "n"
        }, 
        {
            "word": "颂诗", 
            "POS": "n"
        }, 
        {
            "word": "随笔", 
            "POS": "n"
        }, 
        {
            "word": "天书", 
            "POS": "n"
        }, 
        {
            "word": "图书", 
            "POS": "n"
        }, 
        {
            "word": "挽歌", 
            "POS": "n"
        }, 
        {
            "word": "尾声", 
            "POS": "n"
        }, 
        {
            "word": "文本", 
            "POS": "n"
        }, 
        {
            "word": "文集", 
            "POS": "n"
        }, 
        {
            "word": "文献", 
            "POS": "n"
        }, 
        {
            "word": "文章", 
            "POS": "n"
        }, 
        {
            "word": "喜剧", 
            "POS": "n"
        }, 
        {
            "word": "戏剧", 
            "POS": "n"
        }, 
        {
            "word": "小册子", 
            "POS": "n"
        }, 
        {
            "word": "小品文", 
            "POS": "n"
        }, 
        {
            "word": "小说", 
            "POS": "n"
        }, 
        {
            "word": "新作", 
            "POS": "n"
        }, 
        {
            "word": "信函", 
            "POS": "n"
        }, 
        {
            "word": "信件", 
            "POS": "n"
        }, 
        {
            "word": "修订本", 
            "POS": "n"
        }, 
        {
            "word": "序言", 
            "POS": "n"
        }, 
        {
            "word": "谣言", 
            "POS": "n"
        }, 
        {
            "word": "用书", 
            "POS": "n"
        }, 
        {
            "word": "寓言", 
            "POS": "n"
        }, 
        {
            "word": "原稿", 
            "POS": "n"
        }, 
        {
            "word": "杂志", 
            "POS": "n"
        }, 
        {
            "word": "帐目", 
            "POS": "n"
        }, 
        {
            "word": "证书", 
            "POS": "n"
        }, 
        {
            "word": "指南", 
            "POS": "n"
        }, 
        {
            "word": "著述", 
            "POS": "n"
        }, 
        {
            "word": "著作", 
            "POS": "n"
        }, 
        {
            "word": "专论", 
            "POS": "n"
        }, 
        {
            "word": "专著", 
            "POS": "n"
        }, 
        {
            "word": "资料", 
            "POS": "n"
        }, 
        {
            "word": "资料集", 
            "POS": "n"
        }, 
        {
            "word": "自传", 
            "POS": "n"
        }, 
        {
            "word": "作品", 
            "POS": "n"
        }
    ], 
    "frameId": 295
}