{
    "fdInfo": {
        "eName": "Visiting", 
        "cName": "拜访", 
        "des": "施动者为了某种目的到达某地并和实体在一起，而这种目的常常是社交性的或娱乐性的。"
    }, 
    "element": [
        {
            "abbrName": "agt", 
            "eName": "Agent", 
            "isMapped": true, 
            "cName": "施动者", 
            "isCore": true, 
            "def": "施动者为了某种目的到达实体所在起，而这种目的常常是社交性的或娱乐性的"
        }, 
        {
            "abbrName": "ent", 
            "eName": "Entity", 
            "isMapped": true, 
            "cName": "实体", 
            "isCore": true, 
            "def": "该客观体与实体长期相关，或者说与施事为了某种目的想利用的一些具体特征长期相关。拜访过程中，施事到达某地时与该实体在一起。"
        }, 
        {
            "abbrName": "dep_state", 
            "eName": "Dependent_state", 
            "isMapped": true, 
            "cName": "依存状态", 
            "isCore": false, 
            "def": "施事与实体在一起时所产生的一种状态。"
        }, 
        {
            "abbrName": "dura", 
            "eName": "Duration", 
            "isMapped": true, 
            "cName": "时量", 
            "isCore": false, 
            "def": "施事与实体在一起的时间长短。"
        }, 
        {
            "abbrName": "freq", 
            "eName": "Frequency", 
            "isMapped": true, 
            "cName": "频率", 
            "isCore": false, 
            "def": "频率就是对一段时间内平均拜访次数的特征化描述。"
        }, 
        {
            "abbrName": "iter", 
            "eName": "Iterations", 
            "isMapped": true, 
            "cName": "次数", 
            "isCore": false, 
            "def": "所描述事件发生的次数。"
        }, 
        {
            "abbrName": "manr", 
            "eName": "Manner", 
            "isMapped": true, 
            "cName": "方式", 
            "isCore": false, 
            "def": "对于拜访细节的整体描述，要么就它与其它事件的联系而言，要么就施事的行为状态而言。"
        }, 
        {
            "abbrName": "mns", 
            "eName": "Means", 
            "isMapped": true, 
            "cName": "方法", 
            "isCore": false, 
            "def": "施事为了拜访能够成行而采取的一种行动。"
        }, 
        {
            "abbrName": "nor_loc", 
            "eName": "Normal_location", 
            "isMapped": true, 
            "cName": "常住地", 
            "isCore": false, 
            "def": "施事通常居住或是说与之（长期）相关的地点。"
        }, 
        {
            "abbrName": "place", 
            "eName": "Place", 
            "isMapped": true, 
            "cName": "处所", 
            "isCore": false, 
            "def": "对拜访期间施事所处位置的描述。"
        }, 
        {
            "abbrName": "purp", 
            "eName": "Purpose", 
            "isMapped": true, 
            "cName": "目的", 
            "isCore": false, 
            "def": "实体能够满足条件，而且施事也想进行的活动。"
        }, 
        {
            "abbrName": "time", 
            "eName": "Time", 
            "isMapped": true, 
            "cName": "时间", 
            "isCore": false, 
            "def": "进行拜访的时间"
        }, 
        {
            "abbrName": "Dep", 
            "eName": "Depictive", 
            "isMapped": true, 
            "cName": "形容", 
            "isCore": false, 
            "def": "A description of the state of Agent or Entity during the action."
        }
    ], 
    "lexElmt": [
        {
            "word": "拜访", 
            "POS": "v"
        }, 
        {
            "word": "拜会", 
            "POS": "v"
        }, 
        {
            "word": "拜客", 
            "POS": "v"
        }, 
        {
            "word": "拜望", 
            "POS": "v"
        }, 
        {
            "word": "拜谒", 
            "POS": "v"
        }, 
        {
            "word": "参访", 
            "POS": "v"
        }, 
        {
            "word": "参观", 
            "POS": "v"
        }, 
        {
            "word": "串", 
            "POS": "v"
        }, 
        {
            "word": "串门", 
            "POS": "v"
        }, 
        {
            "word": "串亲戚", 
            "POS": "v"
        }, 
        {
            "word": "访", 
            "POS": "v"
        }, 
        {
            "word": "访客", 
            "POS": "v"
        }, 
        {
            "word": "访问", 
            "POS": "v"
        }, 
        {
            "word": "顾", 
            "POS": "v"
        }, 
        {
            "word": "过访", 
            "POS": "v"
        }, 
        {
            "word": "回拜", 
            "POS": "v"
        }, 
        {
            "word": "回访", 
            "POS": "v"
        }, 
        {
            "word": "看", 
            "POS": "v"
        }, 
        {
            "word": "看看", 
            "POS": "v"
        }, 
        {
            "word": "看望", 
            "POS": "v"
        }, 
        {
            "word": "瞧", 
            "POS": "v"
        }, 
        {
            "word": "省亲", 
            "POS": "v"
        }, 
        {
            "word": "省视", 
            "POS": "v"
        }, 
        {
            "word": "探访", 
            "POS": "v"
        }, 
        {
            "word": "探亲", 
            "POS": "v"
        }, 
        {
            "word": "探视", 
            "POS": "v"
        }, 
        {
            "word": "探望", 
            "POS": "v"
        }, 
        {
            "word": "巡访", 
            "POS": "v"
        }, 
        {
            "word": "造访", 
            "POS": "v"
        }, 
        {
            "word": "走", 
            "POS": "v"
        }, 
        {
            "word": "走访", 
            "POS": "v"
        }, 
        {
            "word": "做客", 
            "POS": "v"
        }
    ], 
    "frameId": 305
}