{
    "fdInfo": {
        "eName": "Retaining", 
        "cName": "保留", 
        "des": "施动者在某时段内持续拥有转移体。"
    }, 
    "element": [
        {
            "abbrName": "agt", 
            "eName": "Agent", 
            "isMapped": true, 
            "cName": "施动者", 
            "isCore": true, 
            "def": "拥有转移体的人。"
        }, 
        {
            "abbrName": "thm", 
            "eName": "Theme", 
            "isMapped": true, 
            "cName": "转移体", 
            "isCore": true, 
            "def": "施动者持有一定时段的实体。"
        }, 
        {
            "abbrName": "dura", 
            "eName": "Duration", 
            "isMapped": true, 
            "cName": "时量", 
            "isCore": false, 
            "def": "施动者保留转移体的时间长短。"
        }, 
        {
            "abbrName": "manr", 
            "eName": "Manner", 
            "isMapped": true, 
            "cName": "方式", 
            "isCore": false, 
            "def": "施动者保留转移体的方式。"
        }, 
        {
            "abbrName": "mns", 
            "eName": "Means", 
            "isMapped": true, 
            "cName": "方法", 
            "isCore": false, 
            "def": "施动者保留转移体所用的方法。"
        }, 
        {
            "abbrName": "place", 
            "eName": "Place", 
            "isMapped": true, 
            "cName": "处所", 
            "isCore": false, 
            "def": "施动者保留转移体的地点。"
        }, 
        {
            "abbrName": "time", 
            "eName": "Time", 
            "isMapped": true, 
            "cName": "时间", 
            "isCore": false, 
            "def": "施动者拥有转移体的时间。"
        }
    ], 
    "lexElmt": [
        {
            "word": "保持", 
            "POS": "v"
        }, 
        {
            "word": "保存", 
            "POS": "v"
        }, 
        {
            "word": "保留", 
            "POS": "v"
        }, 
        {
            "word": "持", 
            "POS": "v"
        }, 
        {
            "word": "持续", 
            "POS": "v"
        }, 
        {
            "word": "持有", 
            "POS": "v"
        }, 
        {
            "word": "存留", 
            "POS": "v"
        }, 
        {
            "word": "存续", 
            "POS": "v"
        }, 
        {
            "word": "怀", 
            "POS": "v"
        }, 
        {
            "word": "留", 
            "POS": "v"
        }, 
        {
            "word": "留存", 
            "POS": "v"
        }, 
        {
            "word": "留住", 
            "POS": "v"
        }, 
        {
            "word": "维持", 
            "POS": "v"
        }, 
        {
            "word": "维系", 
            "POS": "v"
        }
    ], 
    "frameId": 307
}