{
    "fdInfo": {
        "eName": "Secrecy_status", 
        "cName": "保密状态", 
        "des": "一种现象被致动者有意隐瞒，使得潜在的认知者不知情，现象可能是一个动作行为，可能是一个状态或者一个物体。潜在的认知者可能出现在句子中，但更多的是被隐含。"
    }, 
    "element": [
        {
            "abbrName": "phen", 
            "eName": "Phenomenon", 
            "isMapped": true, 
            "cName": "现象", 
            "isCore": true, 
            "def": "有意地被隐藏起来的、以防被潜在认知者得知的一些行为、状态或客观物体。"
        }, 
        {
            "abbrName": "cog", 
            "eName": "Cognizer", 
            "isMapped": true, 
            "cName": "认知者", 
            "isCore": false, 
            "def": "如果不隐瞒现象，就有可能被某人知道，这个人称为认知者。"
        }, 
        {
            "abbrName": "degr", 
            "eName": "Degree", 
            "isMapped": true, 
            "cName": "程度", 
            "isCore": false, 
            "def": "这个框架元素描述了现象对于认知者的保密程度。"
        }, 
        {
            "abbrName": "time", 
            "eName": "Time", 
            "isMapped": true, 
            "cName": "时间", 
            "isCore": false, 
            "def": "在某一时期，现象不能让潜在的认知者知道。"
        }, 
        {
            "abbrName": "Vie", 
            "eName": "Viewpoint", 
            "isMapped": true, 
            "cName": "视角", 
            "isCore": false, 
            "def": "This FE modifies the target to indicate the legal- or \"by rule\" domain within which it is true or operational. This legal domain is in contrast to reality, which may or may not reflect the \"official\" state-of-affairs. This FE can be realized in words like \"formally\" and\"officially\" plus maybe \"technically\" and \"in law.\""
        }, 
        {
            "abbrName": "agent", 
            "eName": null, 
            "isMapped": false, 
            "cName": "致动者", 
            "isCore": false, 
            "def": "有意隐瞒现象的人"
        }
    ], 
    "lexElmt": [
        {
            "word": "暗昧", 
            "POS": "a"
        }, 
        {
            "word": "保密", 
            "POS": "v"
        }, 
        {
            "word": "公开", 
            "POS": "a"
        }, 
        {
            "word": "诡秘", 
            "POS": "a"
        }, 
        {
            "word": "见不得人", 
            "POS": "i"
        }, 
        {
            "word": "秘密", 
            "POS": "a"
        }, 
        {
            "word": "潜在", 
            "POS": "a"
        }, 
        {
            "word": "神不知，鬼不觉", 
            "POS": "i"
        }, 
        {
            "word": "神秘", 
            "POS": "a"
        }, 
        {
            "word": "阴", 
            "POS": "a"
        }, 
        {
            "word": "隐秘", 
            "POS": "a"
        }
    ], 
    "frameId": 31
}