{
    "fdInfo": {
        "eName": "Scrutiny", 
        "cName": "查看", 
        "des": "该框架指的是认知者(人或其他智能生命体)对某事物，即现象，给予密切关注，比起一般的感知觉活动，查看隐含了人的分析、思考过程。"
    }, 
    "element": [
        {
            "abbrName": "Cog", 
            "eName": "Cognizer", 
            "isMapped": true, 
            "cName": "认知者", 
            "isCore": true, 
            "def": "认知者关注某实体。"
        }, 
        {
            "abbrName": "ground", 
            "eName": "Ground", 
            "isMapped": true, 
            "cName": "背景", 
            "isCore": true, 
            "def": "认知者对背景进行关注，以找到目标事物（现象）。"
        }, 
        {
            "abbrName": "Med", 
            "eName": "Medium", 
            "isMapped": true, 
            "cName": "媒介", 
            "isCore": true, 
            "def": "认知者在一个文本片段或者一部著作里关注一个实体，以获得某些发现，这个文本片段或者著作就是媒介。"
        }, 
        {
            "abbrName": "ins", 
            "eName": "Instrument", 
            "isMapped": true, 
            "cName": "器具", 
            "isCore": true, 
            "def": "An entity directed by the Cognizer  that interacts with the Ground to accomplish the scrutiny.\n\nThe temperature controller monitored the temperature with a calibrated silicon diode."
        }, 
        {
            "abbrName": "Phen", 
            "eName": "Phenomenon", 
            "isMapped": true, 
            "cName": "现象", 
            "isCore": false, 
            "def": "现象是查看活动所针对的对象。"
        }, 
        {
            "abbrName": "Degr", 
            "eName": "Degree", 
            "isMapped": true, 
            "cName": "程度", 
            "isCore": false, 
            "def": "指认知者对背景的关注程度。"
        }, 
        {
            "abbrName": "Dir", 
            "eName": "Direction", 
            "isMapped": true, 
            "cName": "方向", 
            "isCore": false, 
            "def": "方向描述的是感知者的注意力在感知活动中朝向哪里"
        }, 
        {
            "abbrName": "manr", 
            "eName": "Manner", 
            "isMapped": true, 
            "cName": "方式", 
            "isCore": false, 
            "def": "该框架元素是一个杂类，表示对动作行为本身的一般性描述，是除了程度、手段、目的等的各种描述，如难易、快慢等。"
        }, 
        {
            "abbrName": "Mns", 
            "eName": "Means", 
            "isMapped": true, 
            "cName": "方法", 
            "isCore": false, 
            "def": "该框架元素表示认知者采取什么技术或行动以查看某背景。"
        }, 
        {
            "abbrName": "Purp", 
            "eName": "Purpose", 
            "isMapped": true, 
            "cName": "目的", 
            "isCore": false, 
            "def": "该框架的一些词语伴随着一个句子成分，表示查看产生的预期结果。"
        }, 
        {
            "abbrName": "time", 
            "eName": "Time", 
            "isMapped": true, 
            "cName": "时间", 
            "isCore": false, 
            "def": "The Time when the Cognizer is scrutinizing the Ground. "
        }
    ], 
    "lexElmt": [
        {
            "word": "查", 
            "POS": "v"
        }, 
        {
            "word": "查看", 
            "POS": "v"
        }, 
        {
            "word": "查考", 
            "POS": "v"
        }, 
        {
            "word": "查哨", 
            "POS": "v"
        }, 
        {
            "word": "察看", 
            "POS": "v"
        }, 
        {
            "word": "抽查", 
            "POS": "v"
        }, 
        {
            "word": "打量", 
            "POS": "v"
        }, 
        {
            "word": "端详", 
            "POS": "v"
        }, 
        {
            "word": "复查", 
            "POS": "v"
        }, 
        {
            "word": "稽查", 
            "POS": "v"
        }, 
        {
            "word": "稽考", 
            "POS": "v"
        }, 
        {
            "word": "检查", 
            "POS": "v"
        }, 
        {
            "word": "检视", 
            "POS": "v"
        }, 
        {
            "word": "勘探", 
            "POS": "v"
        }, 
        {
            "word": "浏览", 
            "POS": "v"
        }, 
        {
            "word": "明查暗访", 
            "POS": "i"
        }, 
        {
            "word": "排查", 
            "POS": "v"
        }, 
        {
            "word": "普查", 
            "POS": "v"
        }, 
        {
            "word": "清查", 
            "POS": "v"
        }, 
        {
            "word": "审查", 
            "POS": "v"
        }, 
        {
            "word": "审察", 
            "POS": "v"
        }, 
        {
            "word": "审看", 
            "POS": "v"
        }, 
        {
            "word": "审视", 
            "POS": "v"
        }, 
        {
            "word": "视察", 
            "POS": "v"
        }, 
        {
            "word": "搜查", 
            "POS": "v"
        }, 
        {
            "word": "踏勘", 
            "POS": "v"
        }, 
        {
            "word": "踏看", 
            "POS": "v"
        }, 
        {
            "word": "探查", 
            "POS": "v"
        }, 
        {
            "word": "校阅", 
            "POS": "v"
        }, 
        {
            "word": "巡查", 
            "POS": "v"
        }, 
        {
            "word": "巡察", 
            "POS": "v"
        }, 
        {
            "word": "巡视", 
            "POS": "v"
        }, 
        {
            "word": "询查", 
            "POS": "v"
        }, 
        {
            "word": "侦查", 
            "POS": "v"
        }, 
        {
            "word": "侦察", 
            "POS": "v"
        }
    ], 
    "frameId": 34
}