{
    "fdInfo": {
        "eName": "Amassing", 
        "cName": "积累", 
        "des": "接受者（也许具有或也许不具有施事的）最终成为某聚集后转移体的拥有者。（聚集后转移体可以被概念化为一个单一的聚集性实体，也可以是一群独立实体）。一些词元（如“库存”）可以明确表示出有意的接受者。这个框架与“集合”框架不同，因为这个框架明确指获得和（根据预期）对实体的长期拥有。而不是（像“集合”框架那样）仅仅讨论使一批实体位于同一个地点。总而言之，“集合”框架强调（同处某）场所，但“积累”框架强调对转移体的拥有。"
    }, 
    "frameId": 498, 
    "lexElmt": [
        {
            "word": "积", 
            "POS": "v"
        }, 
        {
            "word": "积储", 
            "POS": "v"
        }, 
        {
            "word": "积存", 
            "POS": "v"
        }, 
        {
            "word": "积聚", 
            "POS": "v"
        }, 
        {
            "word": "积累", 
            "POS": "v"
        }, 
        {
            "word": "积蓄", 
            "POS": "v"
        }
    ], 
    "element": [
        {
            "abbrName": "msthm", 
            "eName": "Mass_theme", 
            "isMapped": true, 
            "cName": "聚集后转移体", 
            "isCore": true, 
            "def": "接受者最终拥有的物体集。"
        }, 
        {
            "abbrName": "reci", 
            "eName": "Recipient", 
            "isMapped": true, 
            "cName": "接受者", 
            "isCore": true, 
            "def": "接收者表示最终拥有聚集后转移体的实体。"
        }, 
        {
            "abbrName": "circ", 
            "eName": "Circumstances", 
            "isMapped": true, 
            "cName": "环境条件", 
            "isCore": false, 
            "def": "该框架元素是对积累发生的环境条件进行说明。"
        }, 
        {
            "abbrName": "dura", 
            "eName": "Duration", 
            "isMapped": true, 
            "cName": "时量", 
            "isCore": false, 
            "def": "该框架元素描述积累发生的时间长度。"
        }, 
        {
            "abbrName": "manr", 
            "eName": "Manner", 
            "isMapped": true, 
            "cName": "方式", 
            "isCore": false, 
            "def": "在无法归入其他各类非核心框架元素的情况下，凡是描述比较事件（相同情况下），积累的速度（慢慢地），以及对接受者行为的描写（热切地）都归入该框架元素。"
        }, 
        {
            "abbrName": "mns", 
            "eName": "Means", 
            "isMapped": true, 
            "cName": "方法", 
            "isCore": false, 
            "def": "方法是接受者占有聚集后转移体时所采取的行为。"
        }, 
        {
            "abbrName": "place", 
            "eName": "Place", 
            "isMapped": true, 
            "cName": "处所", 
            "isCore": false, 
            "def": "处所是指聚集后转移体被获取的地点。"
        }, 
        {
            "abbrName": "purp", 
            "eName": "Purpose", 
            "isMapped": true, 
            "cName": "目的", 
            "isCore": false, 
            "def": "有意积累发生的目的。"
        }, 
        {
            "abbrName": "result", 
            "eName": "Result", 
            "isMapped": true, 
            "cName": "结果", 
            "isCore": false, 
            "def": "获得之后接受者或聚集后转移体的最终状态。"
        }, 
        {
            "abbrName": "role", 
            "eName": "Role", 
            "isMapped": true, 
            "cName": "身份", 
            "isCore": false, 
            "def": "身份指接受者积累东西的能力。用“做...”“当...”介词短语表达。"
        }, 
        {
            "abbrName": "src", 
            "eName": "Source", 
            "isMapped": true, 
            "cName": "起点", 
            "isCore": false, 
            "def": "起点是聚集后转移体原来所处的位置。刚开始拥有聚集后转移体的人可以转喻地表示起点。"
        }, 
        {
            "abbrName": "time", 
            "eName": "Time", 
            "isMapped": true, 
            "cName": "时间", 
            "isCore": false, 
            "def": "事件发生的时间。"
        }, 
        {
            "abbrName": "Exp", 
            "eName": "Explanation", 
            "isMapped": true, 
            "cName": "原因", 
            "isCore": false, 
            "def": "The Explanation refers to the existing eventuality that the Recipient is responding to."
        }
    ]
}