{
    "fdInfo": {
        "eName": "Bringing", 
        "cName": "运送", 
        "des": "该框架表示转移体、致动者和载体协调移动。致动者在使转移体移动时控制着整个移动过程；载体可能是一个单独的实体，也可能是致动者的身体部位。"
    }, 
    "frameId": 26, 
    "lexElmt": [
        {
            "word": "搬", 
            "POS": "v"
        }, 
        {
            "word": "搬运", 
            "POS": "v"
        }, 
        {
            "word": "带", 
            "POS": "v"
        }, 
        {
            "word": "空运", 
            "POS": "v"
        }, 
        {
            "word": "拉", 
            "POS": "v"
        }, 
        {
            "word": "拿", 
            "POS": "v"
        }, 
        {
            "word": "送", 
            "POS": "v"
        }, 
        {
            "word": "送入", 
            "POS": "v"
        }, 
        {
            "word": "携带", 
            "POS": "v"
        }, 
        {
            "word": "引进", 
            "POS": "v"
        }, 
        {
            "word": "引入", 
            "POS": "v"
        }, 
        {
            "word": "运", 
            "POS": "v"
        }, 
        {
            "word": "运输", 
            "POS": "v"
        }, 
        {
            "word": "运送", 
            "POS": "v"
        }
    ], 
    "element": [
        {
            "abbrName": "agt", 
            "eName": "Agent", 
            "isMapped": true, 
            "cName": "施动者", 
            "isCore": true, 
            "def": "致动者是借助载体控制转移体移动的有意识的人。"
        }, 
        {
            "abbrName": "area", 
            "eName": "Area", 
            "isMapped": true, 
            "cName": "区域", 
            "isCore": true, 
            "def": "在转移体不是沿着规则的直线移动的情况下，位移经过的空间范围。"
        }, 
        {
            "abbrName": "carrier", 
            "eName": "Carrier", 
            "isMapped": true, 
            "cName": "载体", 
            "isCore": true, 
            "def": "载体支撑转移体，帮助转移体移动。"
        }, 
        {
            "abbrName": "goal", 
            "eName": "Goal", 
            "isMapped": true, 
            "cName": "终点", 
            "isCore": true, 
            "def": "目的地表示位移路径的终点。"
        }, 
        {
            "abbrName": "path", 
            "eName": "Path", 
            "isMapped": true, 
            "cName": "路径", 
            "isCore": true, 
            "def": "路径是运输过程所经由的地段。"
        }, 
        {
            "abbrName": "src", 
            "eName": "Source", 
            "isMapped": true, 
            "cName": "起点", 
            "isCore": true, 
            "def": "源点指转移体移动路径的起始点。"
        }, 
        {
            "abbrName": "thm", 
            "eName": "Theme", 
            "isMapped": true, 
            "cName": "转移体", 
            "isCore": true, 
            "def": "被运送之物"
        }, 
        {
            "abbrName": "c_loc", 
            "eName": "Constant_location", 
            "isMapped": true, 
            "cName": "固定场所", 
            "isCore": false, 
            "def": "固定场所表示转移体依附于载体或致动者身体的具体位置，在整个位移过程中，这种位置关系都不改变。"
        }, 
        {
            "abbrName": "depic", 
            "eName": "Depictive", 
            "isMapped": true, 
            "cName": "形容", 
            "isCore": false, 
            "def": "对载体、致动者或转移体的描述。"
        }, 
        {
            "abbrName": "dist", 
            "eName": "Distance", 
            "isMapped": true, 
            "cName": "路程", 
            "isCore": false, 
            "def": "运输转移体的路途长度。"
        }, 
        {
            "abbrName": "manr", 
            "eName": "Manner", 
            "isMapped": true, 
            "cName": "方式", 
            "isCore": false, 
            "def": "载体或致动者运送转移体的方式。"
        }, 
        {
            "abbrName": "mns", 
            "eName": "Means", 
            "isMapped": true, 
            "cName": "方法", 
            "isCore": false, 
            "def": "致动者为移动转移体所采取的行动"
        }, 
        {
            "abbrName": "purp", 
            "eName": "Purpose", 
            "isMapped": true, 
            "cName": "目的", 
            "isCore": false, 
            "def": "载体或致动者运输转移体的目的"
        }, 
        {
            "abbrName": "spd", 
            "eName": "Speed", 
            "isMapped": true, 
            "cName": "速度", 
            "isCore": false, 
            "def": "表示转移体移动的快慢。"
        }, 
        {
            "abbrName": "time", 
            "eName": "Time", 
            "isMapped": true, 
            "cName": "时间", 
            "isCore": false, 
            "def": "转移体移动的时间。"
        }, 
        {
            "abbrName": "Place", 
            "eName": "Place", 
            "isMapped": true, 
            "cName": "处所", 
            "isCore": false, 
            "def": "The Place is the general area that serves as a setting for the specific motion of the Agent and Theme (with Source, Path, or Goal).  \nEven in such a small port, these boats would transport many tons of trade-goods in to shore annually."
        }, 
        {
            "abbrName": "exp", 
            "eName": "Explanation", 
            "isMapped": true, 
            "cName": "解释", 
            "isCore": false, 
            "def": "Explanation denotes a proposition from which the main clause (headed by the target) logically follows. This often means that the Explanation causes the target's proposition, but not in all cases. "
        }, 
        {
            "abbrName": "benefit", 
            "eName": "Beneficiary", 
            "isMapped": true, 
            "cName": "受益者", 
            "isCore": false, 
            "def": "This FE describes the particpant for whom the bringing is beneficial. "
        }, 
        {
            "abbrName": "part_iter", 
            "eName": "Particular_iteration", 
            "isMapped": true, 
            "cName": "特定回合", 
            "isCore": false, 
            "def": "Expressions marked with this extra-thematic FE modify a non-iterative use of the target, and indicate that it is conceived as embedded within an iterated series of similar events or states."
        }, 
        {
            "abbrName": "freq", 
            "eName": "Frequency", 
            "isMapped": true, 
            "cName": "频率", 
            "isCore": false, 
            "def": "This frame element is used to indicate the location of a participant in cases where the multiple participants of an event are not co-located in the typical fashion. "
        }, 
        {
            "abbrName": "deg", 
            "eName": "Degree", 
            "isMapped": true, 
            "cName": "程度", 
            "isCore": false, 
            "def": "This frame element selects some gradable attribute and modifies the expected value for it."
        }, 
        {
            "abbrName": "co-p", 
            "eName": "Co-participant", 
            "isMapped": true, 
            "cName": "伴随者", 
            "isCore": false, 
            "def": "Co_participant is an entity that participates in a coordinated way in the same event as the primary protagonist, regardless of whether the protagonist, and hence the Co-participant, is more agent- or more undergoer-like."
        }, 
        {
            "abbrName": "dura", 
            "eName": "Duration", 
            "isMapped": true, 
            "cName": "时量", 
            "isCore": false, 
            "def": "Duration denotes the length of time from the beginning of a continuous situation (the one denoted by the target) to its end. In many cases, the continuous situation is a dynamic action which is ongoing, while in others it is simply an undifferentiated state."
        }, 
        {
            "abbrName": "peri_iter", 
            "eName": "Period_of_iterations", 
            "isMapped": true, 
            "cName": "迭代周期", 
            "isCore": false, 
            "def": "This FE is minimally distinct from Duration and Duration_of final_state in that the clause described is conveyed to be iterative."
        }
    ]
}