{
    "fdInfo": {
        "eName": "Losing_it", 
        "cName": "情绪失控", 
        "des": "主体从默认的正常状态（即精神和情绪状态平稳）转变成暂时的失衡状态，通常表现为愤怒状态。这种变化的原因可能会给出。同样的道理，经历者因新的情绪状态引发的行动也可能会表达出来。原因和行动也可能会放在并列分句中。该框架下的词元也经常与表达受影响方情绪的语言成分同时出现。该框架下有许多词元主要源于“情感热度”框架或\"压力”框架的隐喻。注意与此框架目标词意思相同的许多短语都和此框架目标词是组合式的，比如在（精神_状态框架中）“犯神经”这个短语，我们的处理方法是把“神经n”当作该框架的词元，而“犯”则是表始动词。"
    }, 
    "frameId": 464, 
    "lexElmt": [
        {
            "word": "崩溃", 
            "POS": "v"
        }, 
        {
            "word": "勃然", 
            "POS": "a"
        }, 
        {
            "word": "发疯", 
            "POS": "v"
        }, 
        {
            "word": "发火", 
            "POS": "v"
        }, 
        {
            "word": "发狂", 
            "POS": "v"
        }, 
        {
            "word": "愤", 
            "POS": "v"
        }, 
        {
            "word": "愤愤", 
            "POS": "a"
        }, 
        {
            "word": "愤激", 
            "POS": "a"
        }, 
        {
            "word": "愤慨", 
            "POS": "a"
        }, 
        {
            "word": "愤怒", 
            "POS": "a"
        }, 
        {
            "word": "愤然", 
            "POS": "a"
        }, 
        {
            "word": "激愤", 
            "POS": "a"
        }, 
        {
            "word": "恼", 
            "POS": "v"
        }, 
        {
            "word": "恼怒", 
            "POS": "v"
        }, 
        {
            "word": "恼羞成怒", 
            "POS": "i"
        }, 
        {
            "word": "怒", 
            "POS": "v"
        }, 
        {
            "word": "怒冲冲", 
            "POS": "a"
        }, 
        {
            "word": "怒目", 
            "POS": "v"
        }, 
        {
            "word": "怒气", 
            "POS": "n"
        }, 
        {
            "word": "气", 
            "POS": "v"
        }, 
        {
            "word": "气冲冲", 
            "POS": "a"
        }, 
        {
            "word": "气愤", 
            "POS": "a"
        }, 
        {
            "word": "气鼓鼓", 
            "POS": "a"
        }, 
        {
            "word": "气哼哼", 
            "POS": "a"
        }, 
        {
            "word": "气呼呼", 
            "POS": "a"
        }, 
        {
            "word": "气恼", 
            "POS": "a"
        }, 
        {
            "word": "悻悻", 
            "POS": "a"
        }, 
        {
            "word": "义愤", 
            "POS": "n"
        }, 
        {
            "word": "愠", 
            "POS": "v"
        }
    ], 
    "element": [
        {
            "abbrName": "action", 
            "eName": "Action", 
            "isMapped": true, 
            "cName": "行动", 
            "isCore": true, 
            "def": "主体由于失去心理平衡而做的事。"
        }, 
        {
            "abbrName": "prot", 
            "eName": "Protagonist", 
            "isMapped": true, 
            "cName": "主体", 
            "isCore": true, 
            "def": "心理状态发生变化的人。"
        }, 
        {
            "abbrName": "aff_par", 
            "eName": "Affected_party", 
            "isMapped": true, 
            "cName": "受影响方", 
            "isCore": false, 
            "def": "因为主体所采取的行动而受到显著影响的一个人(或几个人)。"
        }, 
        {
            "abbrName": "degr", 
            "eName": "Degree", 
            "isMapped": true, 
            "cName": "程度", 
            "isCore": false, 
            "def": "程度是主体心理状态变化的程度。"
        }, 
        {
            "abbrName": "manr", 
            "eName": "Manner", 
            "isMapped": true, 
            "cName": "方式", 
            "isCore": false, 
            "def": "不能归入其他更具体的框架元素的对该事件的描述，尤其是指在比较不同事件时所做的概括性描述。"
        }, 
        {
            "abbrName": "exp", 
            "eName": "Explanation", 
            "isMapped": true, 
            "cName": "原因", 
            "isCore": false, 
            "def": "主体情绪失控的原因。"
        }, 
    ]
}