{
    "fdInfo": {
        "eName": "Process_continue", 
        "cName": "过程持续", 
        "des": "事件整段时间持续处于某个空间。（通常当“持续”在明确的时间点发生时，表示的是中断后再开始，这不在本框架范围内。）可参看[过程]框架。"
    }, 
    "frameId": 268, 
    "lexElmt": [
        {
            "word": "持久", 
            "POS": "a"
        }, 
        {
            "word": "持续", 
            "POS": "v"
        }, 
        {
            "word": "继续", 
            "POS": "v"
        }, 
        {
            "word": "拖延", 
            "POS": "v"
        }
    ], 
    "element": [
        {
            "abbrName": "evnt", 
            "eName": "Event", 
            "isMapped": true, 
            "cName": "事件", 
            "isCore": false, 
            "def": "持续的事件的名称。"
        }, 
        {
            "abbrName": "circ", 
            "eName": "Circumstances", 
            "isMapped": true, 
            "cName": "环境条件", 
            "isCore": false, 
            "def": "表示外部世界的状态（在一个特别的时间和空间），不是事件本身的状态，也不是事件参与者的状态。"
        }, 
        {
            "abbrName": "depic", 
            "eName": "Depictive", 
            "isMapped": true, 
            "cName": "形容", 
            "isCore": false, 
            "def": "对某个特定参与者的描写性词语。"
        }, 
        {
            "abbrName": "Dur", 
            "eName": "Duration", 
            "isMapped": true, 
            "cName": "动作时量", 
            "isCore": false, 
            "def": "事件发生的时间量。"
        }, 
        {
            "abbrName": "manr", 
            "eName": "Manner", 
            "isMapped": true, 
            "cName": "方式", 
            "isCore": false, 
            "def": "事件持续的方式。"
        }, 
        {
            "abbrName": "next_subev", 
            "eName": "Next_subevent", 
            "isMapped": true, 
            "cName": "下一亚事件", 
            "isCore": false, 
            "def": "全部事件的下一亚事件"
        }, 
        {
            "abbrName": "place", 
            "eName": "Place", 
            "isMapped": true, 
            "cName": "处所", 
            "isCore": false, 
            "def": "事件发生的地点。"
        }, 
        {
            "abbrName": "Exp", 
            "eName": "Explanation", 
            "isMapped": true, 
            "cName": "原因", 
            "isCore": false, 
            "def": "事件发生的原因。"
        }, 
        {
            "abbrName": "time", 
            "eName": "Time", 
            "isMapped": true, 
            "cName": "时间", 
            "isCore": false, 
            "def": "事件发生的时间。"
        },  
        {
            "abbrName": "concs", 
            "eName": "Concessive", 
            "isMapped": true, 
            "cName": "让步", 
            "isCore": false, 
            "def": "This FE signifies that the state of affairs expressed by the main clause (containing the target) occurs or holds, and something other than that state of affairs would be expected given the state of affairs in the concessive clause. "
        }
    ]
}