{
    "fdInfo": {
        "eName": "Experiencer_obj", 
        "cName": "心理刺激", 
        "des": "一些现象（即刺激物）激起体验者情绪或心理发生变化。"
    }, 
    "frameId": 230, 
    "lexElmt": [
        {
            "word": "悲哀", 
            "POS": "a"
        }, 
        {
            "word": "不安", 
            "POS": "a"
        }, 
        {
            "word": "不快", 
            "POS": "a"
        }, 
        {
            "word": "吃惊", 
            "POS": "v"
        }, 
        {
            "word": "发抖", 
            "POS": "v"
        }, 
        {
            "word": "发狂", 
            "POS": "v"
        }, 
        {
            "word": "反感", 
            "POS": "a"
        }, 
        {
            "word": "高兴", 
            "POS": "a"
        }, 
        {
            "word": "糊涂", 
            "POS": "a"
        }, 
        {
            "word": "慌乱", 
            "POS": "a"
        }, 
        {
            "word": "慌张", 
            "POS": "a"
        }, 
        {
            "word": "惶恐", 
            "POS": "a"
        }, 
        {
            "word": "昏倒", 
            "POS": "v"
        }, 
        {
            "word": "昏乱", 
            "POS": "a"
        }, 
        {
            "word": "昏眩", 
            "POS": "v"
        }, 
        {
            "word": "激动", 
            "POS": "v"
        }, 
        {
            "word": "激奋", 
            "POS": "v"
        }, 
        {
            "word": "激奋", 
            "POS": "a"
        }, 
        {
            "word": "激愤", 
            "POS": "a"
        }, 
        {
            "word": "激灵", 
            "POS": "v"
        }, 
        {
            "word": "激怒", 
            "POS": "v"
        }, 
        {
            "word": "激起", 
            "POS": "v"
        }, 
        {
            "word": "惊诧", 
            "POS": "v"
        }, 
        {
            "word": "惊呆", 
            "POS": "v"
        }, 
        {
            "word": "惊动", 
            "POS": "v"
        }, 
        {
            "word": "惊愕", 
            "POS": "v"
        }, 
        {
            "word": "惊怪", 
            "POS": "v"
        }, 
        {
            "word": "惊骇", 
            "POS": "v"
        }, 
        {
            "word": "惊慌", 
            "POS": "a"
        }, 
        {
            "word": "惊惶", 
            "POS": "v"
        }, 
        {
            "word": "惊悸", 
            "POS": "v"
        }, 
        {
            "word": "惊惧", 
            "POS": "v"
        }, 
        {
            "word": "惊觉", 
            "POS": "v"
        }, 
        {
            "word": "惊厥", 
            "POS": "v"
        }, 
        {
            "word": "惊恐", 
            "POS": "v"
        }, 
        {
            "word": "惊怕", 
            "POS": "v"
        }, 
        {
            "word": "惊奇", 
            "POS": "a"
        }, 
        {
            "word": "惊扰", 
            "POS": "v"
        }, 
        {
            "word": "惊喜", 
            "POS": "v"
        }, 
        {
            "word": "惊吓", 
            "POS": "v"
        }, 
        {
            "word": "惊醒", 
            "POS": "v"
        }, 
        {
            "word": "惊讶", 
            "POS": "a"
        }, 
        {
            "word": "惊异", 
            "POS": "v"
        }, 
        {
            "word": "沮丧", 
            "POS": "a"
        }, 
        {
            "word": "恐怖", 
            "POS": "a"
        }, 
        {
            "word": "恐慌", 
            "POS": "a"
        }, 
        {
            "word": "恐惧", 
            "POS": "a"
        }, 
        {
            "word": "恐吓", 
            "POS": "v"
        }, 
        {
            "word": "苦恼", 
            "POS": "v"
        }, 
        {
            "word": "苦恼", 
            "POS": "a"
        }, 
        {
            "word": "快活", 
            "POS": "a"
        }, 
        {
            "word": "快乐", 
            "POS": "a"
        }, 
        {
            "word": "困惫", 
            "POS": "a"
        }, 
        {
            "word": "困顿", 
            "POS": "a"
        }, 
        {
            "word": "困乏", 
            "POS": "a"
        }, 
        {
            "word": "困惑", 
            "POS": "v"
        }, 
        {
            "word": "困惑", 
            "POS": "a"
        }, 
        {
            "word": "困窘", 
            "POS": "a"
        }, 
        {
            "word": "困倦", 
            "POS": "a"
        }, 
        {
            "word": "困苦", 
            "POS": "a"
        }, 
        {
            "word": "困扰", 
            "POS": "v"
        }, 
        {
            "word": "麻烦", 
            "POS": "v"
        }, 
        {
            "word": "麻烦", 
            "POS": "a"
        }, 
        {
            "word": "麻木", 
            "POS": "a"
        }, 
        {
            "word": "满足", 
            "POS": "v"
        }, 
        {
            "word": "迷糊", 
            "POS": "a"
        }, 
        {
            "word": "迷幻", 
            "POS": "a"
        }, 
        {
            "word": "迷惑", 
            "POS": "v"
        }, 
        {
            "word": "迷惑", 
            "POS": "a"
        }, 
        {
            "word": "迷乱", 
            "POS": "a"
        }, 
        {
            "word": "迷漫", 
            "POS": "a"
        }, 
        {
            "word": "迷茫", 
            "POS": "a"
        }, 
        {
            "word": "迷惘", 
            "POS": "a"
        }, 
        {
            "word": "迷眩", 
            "POS": "a"
        }, 
        {
            "word": "迷眼", 
            "POS": "v"
        }, 
        {
            "word": "迷醉", 
            "POS": "v"
        }, 
        {
            "word": "难受", 
            "POS": "a"
        }, 
        {
            "word": "平复", 
            "POS": "v"
        }, 
        {
            "word": "平静", 
            "POS": "a"
        }, 
        {
            "word": "平息", 
            "POS": "v"
        }, 
        {
            "word": "气恼", 
            "POS": "a"
        }, 
        {
            "word": "气馁", 
            "POS": "a"
        }, 
        {
            "word": "扰乱", 
            "POS": "v"
        }, 
        {
            "word": "惹恼", 
            "POS": "v"
        }, 
        {
            "word": "惹怒", 
            "POS": "v"
        }, 
        {
            "word": "入迷", 
            "POS": "v"
        }, 
        {
            "word": "骚扰", 
            "POS": "v"
        }, 
        {
            "word": "生气", 
            "POS": "v"
        }, 
        {
            "word": "失望", 
            "POS": "a"
        }, 
        {
            "word": "受惊", 
            "POS": "v"
        }, 
        {
            "word": "受苦", 
            "POS": "v"
        }, 
        {
            "word": "陶醉", 
            "POS": "v"
        }, 
        {
            "word": "为难", 
            "POS": "v"
        }, 
        {
            "word": "喜欢", 
            "POS": "a"
        }, 
        {
            "word": "喜乐", 
            "POS": "a"
        }, 
        {
            "word": "喜人", 
            "POS": "v"
        }, 
        {
            "word": "喜悦", 
            "POS": "a"
        }, 
        {
            "word": "吓", 
            "POS": "v"
        }, 
        {
            "word": "吓倒", 
            "POS": "v"
        }, 
        {
            "word": "吓唬", 
            "POS": "v"
        }, 
        {
            "word": "吓坏", 
            "POS": "v"
        }, 
        {
            "word": "吓人", 
            "POS": "v"
        }, 
        {
            "word": "消沉", 
            "POS": "a"
        }, 
        {
            "word": "心烦", 
            "POS": "a"
        }, 
        {
            "word": "欣喜", 
            "POS": "a"
        }, 
        {
            "word": "兴奋", 
            "POS": "v"
        }, 
        {
            "word": "兴奋", 
            "POS": "a"
        }, 
        {
            "word": "羞耻", 
            "POS": "a"
        }, 
        {
            "word": "羞愧", 
            "POS": "a"
        }, 
        {
            "word": "厌恶", 
            "POS": "v"
        }, 
        {
            "word": "厌倦", 
            "POS": "v"
        }, 
        {
            "word": "忧愤", 
            "POS": "a"
        }, 
        {
            "word": "忧惧", 
            "POS": "a"
        }, 
        {
            "word": "忧虑", 
            "POS": "v"
        }, 
        {
            "word": "忧闷", 
            "POS": "a"
        }, 
        {
            "word": "忧伤", 
            "POS": "a"
        }, 
        {
            "word": "诱惑", 
            "POS": "v"
        }, 
        {
            "word": "诱骗", 
            "POS": "v"
        }, 
        {
            "word": "愉快", 
            "POS": "a"
        }, 
        {
            "word": "愉悦", 
            "POS": "v"
        }, 
        {
            "word": "愉悦", 
            "POS": "a"
        }, 
        {
            "word": "怨愤", 
            "POS": "a"
        }, 
        {
            "word": "镇定", 
            "POS": "v"
        }, 
        {
            "word": "镇定", 
            "POS": "a"
        }, 
        {
            "word": "震惊", 
            "POS": "v"
        }, 
        {
            "word": "震惊", 
            "POS": "a"
        }, 
        {
            "word": "震怒", 
            "POS": "v"
        }, 
        {
            "word": "着慌", 
            "POS": "v"
        }, 
        {
            "word": "着急", 
            "POS": "v"
        }, 
        {
            "word": "着忙", 
            "POS": "v"
        }, 
        {
            "word": "着迷", 
            "POS": "v"
        }, 
        {
            "word": "着魔", 
            "POS": "v"
        }
    ], 
    "element": [
        {
            "abbrName": "exp", 
            "eName": "Experiencer", 
            "isMapped": true, 
            "cName": "体验者", 
            "isCore": true, 
            "def": "在情绪上或心理上受作用于刺激物的人。"
        }, 
        {
            "abbrName": "stim", 
            "eName": "Stimulus", 
            "isMapped": true, 
            "cName": "刺激物", 
            "isCore": true, 
            "def": "刺激物指激起体验者情绪或心理状态发生变化的事件或实体。"
        }, 
        {
            "abbrName": "circ", 
            "eName": "Circumstances", 
            "isMapped": true, 
            "cName": "环境条件", 
            "isCore": false, 
            "def": "刺激物刺激体验者的外部环境。"
        }, 
        {
            "abbrName": "degr", 
            "eName": "Degree", 
            "isMapped": true, 
            "cName": "程度", 
            "isCore": false, 
            "def": "刺激物激发体验者情感的程度。"
        }, 
        {
            "abbrName": "depic", 
            "eName": "Depictive", 
            "isMapped": true, 
            "cName": "形容", 
            "isCore": false, 
            "def": "描述体验者状态的短语。"
        }, 
        {
            "abbrName": "manr", 
            "eName": "Manner", 
            "isMapped": true, 
            "cName": "方式", 
            "isCore": false, 
            "def": "该元素是一个杂类，在无法归入其他各类非核心框架元素的情况下，凡是描述刺激活动的特征或所处状态的成分，都归入该元素等。"
        }, 
        {
            "abbrName": "mns", 
            "eName": "Means", 
            "isMapped": true, 
            "cName": "方法", 
            "isCore": false, 
            "def": "刺激物刺激体验者的方法。"
        }, 
        {
            "abbrName": "result", 
            "eName": "Result", 
            "isMapped": true, 
            "cName": "结果", 
            "isCore": false, 
            "def": "刺激物刺激体验者的结果。"
        }, 
        {
            "abbrName": "Exp", 
            "eName": "Explanation", 
            "isMapped": true, 
            "cName": "原因", 
            "isCore": false, 
            "def": "The reason why the Stimulus causes the emotion in the Experiencer."
        }, 
        {
            "abbrName": "Tim", 
            "eName": "Time", 
            "isMapped": true, 
            "cName": "时间", 
            "isCore": false, 
            "def": "The Time when the Experiencer has an emotion as caused by the Stimulus."
        }
    ]
}