{
    "fdInfo": {
        "eName": "Attempt_obtain_food_scenario", 
        "cName": "尝试获取食物场景", 
        "des": "某个搜寻者设法获得食物，其搜寻过程是在一定的背景环境中进行的。"
    }, 
    "frameId": 406, 
    "lexElmt": [], 
    "element": [
        {
            "abbrName": "food", 
            "eName": "Food", 
            "isMapped": true, 
            "cName": "食物", 
            "isCore": true, 
            "def": "某个搜寻者设法获得食物，其搜寻过程是在一定的背景环境中进行的。"
        }, 
        {
            "abbrName": "ground", 
            "eName": "Ground", 
            "isMapped": true, 
            "cName": "背景", 
            "isCore": true, 
            "def": "搜寻者关注的某个实体。它被称为背景，因为它是食物所处的背景或环境。"
        }, 
        {
            "abbrName": "skr", 
            "eName": "Seeker", 
            "isMapped": true, 
            "cName": "搜寻者", 
            "isCore": true, 
            "def": "搜寻者是希望获取食物的施动者。"
        }, 
        {
            "abbrName": "degr", 
            "eName": "Degree", 
            "isMapped": true, 
            "cName": "程度", 
            "isCore": false, 
            "def": "该框架元素指搜寻者在试图获得食物方面进行努力的程度。"
        }, 
        {
            "abbrName": "dura", 
            "eName": "Duration", 
            "isMapped": true, 
            "cName": "时量", 
            "isCore": false, 
            "def": "搜寻者试图获取食物的时长。"
        }, 
        {
            "abbrName": "freq", 
            "eName": "Frequency", 
            "isMapped": true, 
            "cName": "频率", 
            "isCore": false, 
            "def": "搜寻者试图获得食物的频次。"
        }, 
        {
            "abbrName": "instru", 
            "eName": "Instrument", 
            "isMapped": true, 
            "cName": "工具", 
            "isCore": false, 
            "def": "工具是搜寻者用以获取食物时使用的工具。（这个工具不仅包括常见的制造物，还包括手、手臂和其他不常见的打猎和捕鱼工具）"
        }, 
        {
            "abbrName": "manr", 
            "eName": "Manner", 
            "isMapped": true, 
            "cName": "方式", 
            "isCore": false, 
            "def": "搜寻者尝试获取食物的方式。"
        }, 
        {
            "abbrName": "mns", 
            "eName": "Means", 
            "isMapped": true, 
            "cName": "方法", 
            "isCore": false, 
            "def": "该框架元素指尝试获取食物时使用的方法。"
        }, 
        {
            "abbrName": "outcome", 
            "eName": "Outcome", 
            "isMapped": true, 
            "cName": "成败", 
            "isCore": false, 
            "def": "尝试的成败。"
        }, 
        {
            "abbrName": "place", 
            "eName": "Place", 
            "isMapped": true, 
            "cName": "处所", 
            "isCore": false, 
            "def": "搜寻者试图搜寻食物的比背景还要大的地点或空间场所。"
        }, 
        {
            "abbrName": "purp", 
            "eName": "Purpose", 
            "isMapped": true, 
            "cName": "目的", 
            "isCore": false, 
            "def": "搜寻者试图通过寻觅食物是实现的某种行为。"
        }, 
        {
            "abbrName": "time", 
            "eName": "Time", 
            "isMapped": true, 
            "cName": "时间", 
            "isCore": false, 
            "def": "寻觅食物这一行为发生的时间。"
        }, 
        {
            "abbrName": "Par", 
            "eName": "Particular_iteration", 
            "isMapped": false, 
            "cName": null, 
            "isCore": false, 
            "def": "Expressions marked with this extra-thematic FE modify a non-iterative use of the target, and indicate that it is conceived as embedded within an iterated series of similar events or states."
        }
    ]
}