{
    "fdInfo": {
        "eName": "Statement", 
        "cName": "陈述", 
        "des": "此框架表达的是说话者用语言向听话者传达信息的行为。"
    }, 
    "frameId": 3, 
    "lexElmt": [
        {
            "word": "报道", 
            "POS": "v"
        }, 
        {
            "word": "报告", 
            "POS": "n"
        }, 
        {
            "word": "报告", 
            "POS": "v"
        }, 
        {
            "word": "抱怨", 
            "POS": "v"
        }, 
        {
            "word": "辩白", 
            "POS": "v"
        }, 
        {
            "word": "表达", 
            "POS": "v"
        }, 
        {
            "word": "表示", 
            "POS": "v"
        }, 
        {
            "word": "阐述", 
            "POS": "v"
        }, 
        {
            "word": "陈述", 
            "POS": "v"
        }, 
        {
            "word": "陈说", 
            "POS": "v"
        }, 
        {
            "word": "承认", 
            "POS": "v"
        }, 
        {
            "word": "传达", 
            "POS": "v"
        }, 
        {
            "word": "断言", 
            "POS": "n"
        }, 
        {
            "word": "断言", 
            "POS": "v"
        }, 
        {
            "word": "公布", 
            "POS": "v"
        }, 
        {
            "word": "供认", 
            "POS": "v"
        }, 
        {
            "word": "鼓吹", 
            "POS": "v"
        }, 
        {
            "word": "呼喊", 
            "POS": "v"
        }, 
        {
            "word": "汇报", 
            "POS": "n"
        }, 
        {
            "word": "汇报", 
            "POS": "v"
        }, 
        {
            "word": "讲", 
            "POS": "v"
        }, 
        {
            "word": "讲话", 
            "POS": "n"
        }, 
        {
            "word": "讲话", 
            "POS": "v"
        }, 
        {
            "word": "讲解", 
            "POS": "v"
        }, 
        {
            "word": "讲授", 
            "POS": "v"
        }, 
        {
            "word": "讲述", 
            "POS": "v"
        }, 
        {
            "word": "揭露", 
            "POS": "v"
        }, 
        {
            "word": "揭示", 
            "POS": "v"
        }, 
        {
            "word": "解说", 
            "POS": "v"
        }, 
        {
            "word": "介绍", 
            "POS": "v"
        }, 
        {
            "word": "警告", 
            "POS": "v"
        }, 
        {
            "word": "控诉", 
            "POS": "v"
        }, 
        {
            "word": "聊", 
            "POS": "v"
        }, 
        {
            "word": "论述", 
            "POS": "v"
        }, 
        {
            "word": "描述", 
            "POS": "v"
        }, 
        {
            "word": "描写", 
            "POS": "v"
        }, 
        {
            "word": "评论", 
            "POS": "n"
        }, 
        {
            "word": "评论", 
            "POS": "v"
        }, 
        {
            "word": "评述", 
            "POS": "v"
        }, 
        {
            "word": "评说", 
            "POS": "v"
        }, 
        {
            "word": "评议", 
            "POS": "v"
        }, 
        {
            "word": "强调", 
            "POS": "v"
        }, 
        {
            "word": "散布", 
            "POS": "v"
        }, 
        {
            "word": "申明", 
            "POS": "v"
        }, 
        {
            "word": "声称", 
            "POS": "v"
        }, 
        {
            "word": "声明", 
            "POS": "n"
        }, 
        {
            "word": "声明", 
            "POS": "v"
        }, 
        {
            "word": "声张", 
            "POS": "v"
        }, 
        {
            "word": "述说", 
            "POS": "v"
        }, 
        {
            "word": "说", 
            "POS": "v"
        }, 
        {
            "word": "说话", 
            "POS": "v"
        }, 
        {
            "word": "说明", 
            "POS": "v"
        }, 
        {
            "word": "诉说", 
            "POS": "v"
        }, 
        {
            "word": "谈", 
            "POS": "v"
        }, 
        {
            "word": "谈话", 
            "POS": "v"
        }, 
        {
            "word": "谈及", 
            "POS": "v"
        }, 
        {
            "word": "谈论", 
            "POS": "v"
        }, 
        {
            "word": "坦白", 
            "POS": "v"
        }, 
        {
            "word": "坦陈", 
            "POS": "v"
        }, 
        {
            "word": "坦言", 
            "POS": "v"
        }, 
        {
            "word": "提到", 
            "POS": "v"
        }, 
        {
            "word": "提及", 
            "POS": "v"
        }, 
        {
            "word": "提起", 
            "POS": "v"
        }, 
        {
            "word": "提议", 
            "POS": "v"
        }, 
        {
            "word": "透漏", 
            "POS": "v"
        }, 
        {
            "word": "透露", 
            "POS": "v"
        }, 
        {
            "word": "泄漏", 
            "POS": "v"
        }, 
        {
            "word": "泄露", 
            "POS": "v"
        }, 
        {
            "word": "叙述", 
            "POS": "v"
        }, 
        {
            "word": "宣布", 
            "POS": "v"
        }, 
        {
            "word": "宣称", 
            "POS": "v"
        }, 
        {
            "word": "宣读", 
            "POS": "v"
        }, 
        {
            "word": "宣告", 
            "POS": "n"
        }, 
        {
            "word": "宣告", 
            "POS": "v"
        }, 
        {
            "word": "宣讲", 
            "POS": "v"
        }, 
        {
            "word": "宣明", 
            "POS": "v"
        }, 
        {
            "word": "宣言", 
            "POS": "n"
        }, 
        {
            "word": "宣扬", 
            "POS": "v"
        }, 
        {
            "word": "言论", 
            "POS": "n"
        }, 
        {
            "word": "演讲", 
            "POS": "v"
        }, 
        {
            "word": "演说", 
            "POS": "v"
        }, 
        {
            "word": "臆说", 
            "POS": "n"
        }, 
        {
            "word": "癔说", 
            "POS": "v"
        }, 
        {
            "word": "争辩", 
            "POS": "v"
        }, 
        {
            "word": "直言", 
            "POS": "v"
        }, 
        {
            "word": "重申", 
            "POS": "v"
        }, 
        {
            "word": "注释", 
            "POS": "v"
        }, 
        {
            "word": "自夸", 
            "POS": "v"
        }
    ], 
    "element": [
        {
            "abbrName": "medium", 
            "eName": "Medium", 
            "isMapped": true, 
            "cName": "媒介", 
            "isCore": true, 
            "def": "媒介是说话者用来传达信息的物理实体或渠道。"
        }, 
        {
            "abbrName": "msg", 
            "eName": "Message", 
            "isMapped": true, 
            "cName": "信息", 
            "isCore": true, 
            "def": "说明说话者向听话者传达的内容，通常用小句或名词短语的形式表现。"
        }, 
        {
            "abbrName": "spkr", 
            "eName": "Speaker", 
            "isMapped": true, 
            "cName": "说话者", 
            "isCore": true, 
            "def": "说话者是提供信息的人（无论是说还是写）。"
        }, 
        {
            "abbrName": "top", 
            "eName": "Topic", 
            "isMapped": true, 
            "cName": "主题", 
            "isCore": true, 
            "def": "关涉是与信息有关的内容。"
        }, 
        {
            "abbrName": "degr", 
            "eName": "Degree", 
            "isMapped": true, 
            "cName": "程度", 
            "isCore": false, 
            "def": "描述事件有层级差别的属性。"
        }, 
        {
            "abbrName": "depic", 
            "eName": null, 
            "isMapped": false, 
            "cName": "形容", 
            "isCore": false, 
            "def": "说话者在陈述中所处的状态。"
        }, 
        {
            "abbrName": "manr", 
            "eName": "Manner", 
            "isMapped": true, 
            "cName": "方式", 
            "isCore": false, 
            "def": "该元素是一个杂类，在无法归入其他各类非核心框架元素的情况下，凡是描述陈述活动的特征或所处状态的成分，都归入该元素，如\"认真、坦白地\"等。注意，修饰元素是对事件本身的描述，而形容元素是对事件参与者的描述。"
        }, 
        {
            "abbrName": "time", 
            "eName": "Time", 
            "isMapped": true, 
            "cName": "时间", 
            "isCore": false, 
            "def": "说话者进行陈述的时间。"
        }, 
        {
            "abbrName": "Add", 
            "eName": "Addressee", 
            "isMapped": false, 
            "cName": null, 
            "isCore": false, 
            "def": "The Addressee is the person to whom the Message is communicated. When this FE is expressed, it often appears in a prepositional phrase introduced by \"to\", or as a direct object.\nEvelyn reported to me about what happened.\nEvelyn spoke to me about what happened. "
        }, 
        {
            "abbrName": "Mns", 
            "eName": "Means", 
            "isMapped": false, 
            "cName": null, 
            "isCore": false, 
            "def": "An act whereby the Speaker makes a statement.\nBilio commented on the paper by scrawling innumerable post-its in a range of colors and sticking them all over it."
        }, 
        {
            "abbrName": "ICause", 
            "eName": "Internal_cause", 
            "isMapped": false, 
            "cName": null, 
            "isCore": false, 
            "def": "The emotional or physical state of the Speaker that leads to their speaking.\nHe wrote in bitterness of the treatment the Malloreans had given him."
        }, 
        {
            "abbrName": "Dep", 
            "eName": "Depictive", 
            "isMapped": false, 
            "cName": null, 
            "isCore": false, 
            "def": "The state of the Speaker during the statement.\nLet's see if you say that sober!"
        }, 
        {
            "abbrName": "Pla", 
            "eName": "Place", 
            "isMapped": false, 
            "cName": null, 
            "isCore": false, 
            "def": "The FE specifies the place where the statement takes place.\nIn some remarks at the National Press Club, Mr. Keating said he would make a better prime minister tha nMr. Hawke."
        }, 
        {
            "abbrName": null, 
            "eName": "Occasion", 
            "isMapped": false, 
            "cName": null, 
            "isCore": false, 
            "def": "The Occasion is the reason a public statement is given.\nThe New Year address was well received."
        }, 
        {
            "abbrName": "par", 
            "eName": "Particular_iteration", 
            "isMapped": false, 
            "cName": null, 
            "isCore": false, 
            "def": "Expressions marked with this extra-thematic FE indicate that the particular Statement event referred to  is conceived as embedded within an iterated series of similar events or states. Most expressions of Particular_iteration indicate which instance of the series is being referred to.\n\nA further biography Shadowland by William Arnold, published in 1978, asserted\nfor the first time that Farmer had been the subject of a transorbital lobotomy"
        }, 
        {
            "abbrName": "Vie", 
            "eName": "Viewpoint", 
            "isMapped": false, 
            "cName": null, 
            "isCore": false, 
            "def": "This FE modified the target to indicate the legal- or \"by rule\" domain within which it is true or operational. "
        }, 
        {
            "abbrName": "Gro", 
            "eName": "Group", 
            "isMapped": false, 
            "cName": null, 
            "isCore": false, 
            "def": "The Group of Speakers or Mediums within which the statement is made.   Much would be achieved if these were more widely acknowledged."
        }, 
        {
            "abbrName": "Eve", 
            "eName": "Event_description", 
            "isMapped": false, 
            "cName": null, 
            "isCore": false, 
            "def": "This FE describes the Statement event."
        }, 
        {
            "abbrName": null, 
            "eName": "Frequency", 
            "isMapped": false, 
            "cName": null, 
            "isCore": false, 
            "def": "This frame element is defined as the number of times an event occurs per some unit of time."
        }, 
        {
            "abbrName": "Ite", 
            "eName": "Iterations", 
            "isMapped": false, 
            "cName": null, 
            "isCore": false, 
            "def": "The frame element Iterations is used for expressions that indicate the number of times an event or state (of the kind denoted by the target in its clause) has taken place or held."
        }, 
        {
            "abbrName": null, 
            "eName": "Containing_event", 
            "isMapped": false, 
            "cName": null, 
            "isCore": false, 
            "def": "This FE denotes an event that occurs or state of affairs that holds at a time that includes the time during which the event or state of affairs reported by the target occurs and of which it is taken to be a part."
        }
    ]
}