{
    "fdInfo": {
        "eName": "Intoxication", 
        "cName": "迷醉", 
        "des": "该框架表示人的大脑受某种致醉物的作用，处于一种不清醒的状态。"
    }, 
    "frameId": 70, 
    "lexElmt": [
        {
            "word": "昏迷", 
            "POS": "v"
        }, 
        {
            "word": "昏迷不醒", 
            "POS": "i"
        }, 
        {
            "word": "迷糊", 
            "POS": "a"
        }, 
        {
            "word": "迷惑", 
            "POS": "v"
        }, 
        {
            "word": "迷醉", 
            "POS": "v"
        }, 
        {
            "word": "兴奋", 
            "POS": "a"
        }, 
        {
            "word": "引诱", 
            "POS": "v"
        }, 
        {
            "word": "诱惑", 
            "POS": "v"
        }, 
        {
            "word": "醉", 
            "POS": "v"
        }
    ], 
    "element": [
        {
            "abbrName": "cog", 
            "eName": "Cognizer", 
            "isMapped": true, 
            "cName": "认知者", 
            "isCore": true, 
            "def": "认知者的精神状态在致醉物的作用下发生改变。"
        }, 
        {
            "abbrName": "int", 
            "eName": null, 
            "isMapped": false, 
            "cName": "致醉物", 
            "isCore": false, 
            "def": "致醉物改变认知者的精神状态。"
        }, 
        {
            "abbrName": "degr", 
            "eName": "Degree", 
            "isMapped": true, 
            "cName": "程度", 
            "isCore": false, 
            "def": "此框架元素表示认知者被致醉物改变的程度。"
        }, 
        {
            "abbrName": "dur_action", 
            "eName": "Duration_of_action", 
            "isMapped": false, 
            "cName": "动作时量", 
            "isCore": false, 
            "def": "此框架元素表示致醉物持续作用的时间量。"
        }, 
        {
            "abbrName": "eval", 
            "eName": null, 
            "isMapped": false, 
            "cName": "评价", 
            "isCore": false, 
            "def": "评价是对认知者对致醉物的反应的特点的描写。"
        }, 
        {
            "abbrName": "manr", 
            "eName": "Manner", 
            "isMapped": true, 
            "cName": "方式", 
            "isCore": false, 
            "def": "此框架元素表示认知者被迷醉的样子，以及其他无法归入具体的框架元素的描述。"
        }, 
        {
            "abbrName": "Int", 
            "eName": "Intoxicant", 
            "isMapped": false, 
            "cName": null, 
            "isCore": true, 
            "def": "The Intoxicant alters the Cognizer's mental experience."
        }, 
        {
            "abbrName": "Eval", 
            "eName": "Evaluation", 
            "isMapped": false, 
            "cName": null, 
            "isCore": false, 
            "def": "Evaluation indicates the Cognizer's reaction to the intoxicatoin.\n Jim had a bad trip. "
        }, 
        {
            "abbrName": "Dur", 
            "eName": "Duration", 
            "isMapped": false, 
            "cName": null, 
            "isCore": false, 
            "def": "This FE identifies the Duration of time for which the intoxication holds.\n Bill has been sober for 7 months."
        }, 
        {
            "abbrName": "ti", 
            "eName": "Time", 
            "isMapped": false, 
            "cName": null, 
            "isCore": false, 
            "def": "The Time when the Cognizer becomes intoxicated."
        }
    ]
}