{
    "fdInfo": {
        "eName": "Hiring", 
        "cName": "招聘", 
        "des": "雇主招聘雇员，按工作情况承诺给雇员一定的报酬，既可以给雇员一定的任务，也可以赋予他一定的职位。"
    }, 
    "frameId": 240, 
    "lexElmt": [
        {
            "word": "雇请", 
            "POS": "v"
        }, 
        {
            "word": "聘请", 
            "POS": "v"
        }, 
        {
            "word": "聘任", 
            "POS": "v"
        }, 
        {
            "word": "聘用", 
            "POS": "v"
        }, 
        {
            "word": "请", 
            "POS": "v"
        }, 
        {
            "word": "招", 
            "POS": "v"
        }, 
        {
            "word": "招聘", 
            "POS": "v"
        }
    ], 
    "element": [
        {
            "abbrName": "empee", 
            "eName": "Employee", 
            "isMapped": true, 
            "cName": "雇员", 
            "isCore": true, 
            "def": "雇员是受雇主雇用的人，为换取报酬必须按规定完成一定的任务。"
        }, 
        {
            "abbrName": "emper", 
            "eName": "Employer", 
            "isMapped": true, 
            "cName": "雇主", 
            "isCore": true, 
            "def": "雇主是雇用雇员并付出报酬的人或机构。 "
        }, 
        {
            "abbrName": "field", 
            "eName": "Field", 
            "isMapped": true, 
            "cName": "领域", 
            "isCore": true, 
            "def": "指雇员替雇主工作的领域。"
        }, 
        {
            "abbrName": "posit", 
            "eName": "Position", 
            "isMapped": true, 
            "cName": "职位", 
            "isCore": true, 
            "def": "指特定类型的职业。"
        }, 
        {
            "abbrName": "task", 
            "eName": "Task", 
            "isMapped": true, 
            "cName": "任务", 
            "isCore": true, 
            "def": "雇主分配给雇员的工作。"
        }, 
        {
            "abbrName": "compense", 
            "eName": "Compensation", 
            "isMapped": true, 
            "cName": "报酬", 
            "isCore": false, 
            "def": "雇员完成指派的任务而得到的补偿。"
        }, 
        {
            "abbrName": "instru", 
            "eName": "Instrument", 
            "isMapped": true, 
            "cName": "工具", 
            "isCore": false, 
            "def": "雇主雇用雇员使用的东西，一般指钱。"
        }, 
        {
            "abbrName": "manr", 
            "eName": "Manner", 
            "isMapped": true, 
            "cName": "方式", 
            "isCore": false, 
            "def": "雇主雇用雇员的方式。"
        }, 
        {
            "abbrName": "mns", 
            "eName": "Means", 
            "isMapped": true, 
            "cName": "方法", 
            "isCore": false, 
            "def": "雇主雇用雇员的手段。"
        }, 
        {
            "abbrName": "place", 
            "eName": "Place", 
            "isMapped": true, 
            "cName": "处所", 
            "isCore": false, 
            "def": "雇主雇用雇员的地点。"
        }, 
        {
            "abbrName": "purp", 
            "eName": "Purpose", 
            "isMapped": true, 
            "cName": "目的", 
            "isCore": false, 
            "def": "指雇主雇用雇员的目的。"
        }, 
        {
            "abbrName": "time", 
            "eName": "Time", 
            "isMapped": true, 
            "cName": "时间", 
            "isCore": false, 
            "def": "指雇主雇用雇员的时间。"
        }, 
        {
            "abbrName": "cb", 
            "eName": "Contract_basis", 
            "isMapped": false, 
            "cName": null, 
            "isCore": false, 
            "def": "The Contract_basis is the condition of employment with respect to permanency, hours per time period or payment arrangements.\n\n\nShe couldn't figure it out but suggested that I'd be good for the job, so they hired me part time at first."
        }, 
        {
            "abbrName": "per", 
            "eName": "Period_of_iterations", 
            "isMapped": false, 
            "cName": null, 
            "isCore": false, 
            "def": "The length of time from when the hiring event began to be repeated to when it stopped. "
        }
    ]
}