{
    "fdInfo": {
        "eName": "Pardon", 
        "cName": "赦免", 
        "des": "赦免是国家宣告对犯罪人免除其罪、免除其刑的一种法律制度，包括大赦和特赦。我国现仅规定有特赦。"
    }, 
    "frameId": 171, 
    "lexElmt": [
        {
            "word": "大赦", 
            "POS": "v"
        }, 
        {
            "word": "计划", 
            "POS": "v"
        }, 
        {
            "word": "赦免", 
            "POS": "v"
        }, 
        {
            "word": "特赦", 
            "POS": "v"
        }
    ], 
    "element": [
        {
            "abbrName": null, 
            "eName": null, 
            "isMapped": false, 
            "cName": "犯罪人", 
            "isCore": false, 
            "def": "实施了犯罪行为的人。在我国特赦实践中，其多为战争罪犯。"
        }, 
        {
            "abbrName": null, 
            "eName": null, 
            "isMapped": false, 
            "cName": "决定机关", 
            "isCore": false, 
            "def": "决定对犯罪人特赦的权力机关。我国为全国人大常委会。"
        }, 
        {
            "abbrName": null, 
            "eName": null, 
            "isMapped": false, 
            "cName": "宣布机关", 
            "isCore": false, 
            "def": "向犯罪人宣布特赦令的机关。"
        }, 
        {
            "abbrName": null, 
            "eName": null, 
            "isMapped": false, 
            "cName": "时间", 
            "isCore": false, 
            "def": "对犯罪人实行特赦的时间。"
        }, 
        {
            "abbrName": null, 
            "eName": null, 
            "isMapped": false, 
            "cName": "原因", 
            "isCore": false, 
            "def": "对犯罪人实行特赦的时间。"
        }, 
        {
            "abbrName": null, 
            "eName": null, 
            "isMapped": false, 
            "cName": "宣布时间", 
            "isCore": false, 
            "def": "对犯罪人宣布特赦的时间"
        }, 
        {
            "abbrName": "off", 
            "eName": "Offender", 
            "isMapped": false, 
            "cName": null, 
            "isCore": true, 
            "def": "This FE denotes the offender that seeks or gets the pardon.\n\nDefense minister Ivanov rules out pardon for Chechen rebel leader Maskhadov."
        }, 
        {
            "abbrName": "aut", 
            "eName": "Authority", 
            "isMapped": false, 
            "cName": null, 
            "isCore": true, 
            "def": "Authority is the organization or person taht grants the pardon.\n\nThe governement issued a pardon to the two convicts."
        }, 
        {
            "abbrName": "fen", 
            "eName": "Offense", 
            "isMapped": false, 
            "cName": null, 
            "isCore": true, 
            "def": "This FE denotes the the illegal act that the Offender is pardoned for.\n\nThey demanded a pardon to John for inadverdent manslaughter."
        }, 
        {
            "abbrName": "exp", 
            "eName": "Explanation", 
            "isMapped": false, 
            "cName": null, 
            "isCore": false, 
            "def": "Explanation is the cause for pardoning an Offender.\nHe appealed for a pardon on the grounds such as ill-health."
        }, 
        {
            "abbrName": "tim", 
            "eName": "Time", 
            "isMapped": false, 
            "cName": null, 
            "isCore": false, 
            "def": "This FE denotes the time when the pardon is given\n\nThe families demanded a posthumous pardon for the executed soldiers."
        }, 
        {
            "abbrName": "mea", 
            "eName": "Means", 
            "isMapped": false, 
            "cName": null, 
            "isCore": false, 
            "def": "An intentional action performed by the Authority  that accomplishes the pardon. \n\nBut Queen Mary, pitied his youth and pardoned him by a bill addressed to her chancellor, Stephen Gardener from St.James's, on 18th March 1554."
        }, 
        {
            "abbrName": "man", 
            "eName": "Manner", 
            "isMapped": false, 
            "cName": null, 
            "isCore": false, 
            "def": "Any description of the act of pardon which is not covered by more specific FEs, including secondary effects (quietly, loudly) and general descriptions comparing events (the same way). It may indicate salient characteristics of an Authority that also affect the action (presumptuously, coldly, deliberately, eagerly, carefully).\n"
        }, 
        {
            "abbrName": "pla", 
            "eName": "Place", 
            "isMapped": false, 
            "cName": null, 
            "isCore": false, 
            "def": "The location at which the pardoning takes place.\n\nOn 1 March 2002, Andreyev was found guilty of libel and conditionally sentenced\nto two years in prison and then pardoned in the courtroom."
        }, 
        {
            "abbrName": "pur", 
            "eName": "Purpose", 
            "isMapped": false, 
            "cName": null, 
            "isCore": false, 
            "def": "An action that the Authority intends to accomplish by pardoning\n\nU.S. research on biologicals started in World War II and was greatly augmented by captured Japanese research and scientists, who were pardoned to help the U.S. efforts."
        }
    ]
}