{
    "fdInfo": {
        "eName": "Perception_body", 
        "cName": "身体感知", 
        "des": "该框架所含词语描述的是某一身体部位产生的某种感觉，所含词元一般和表示产生感觉的身体部位的词语一起出现。"
    }, 
    "frameId": 19, 
    "lexElmt": [
        {
            "word": "刺痛", 
            "POS": "v"
        }, 
        {
            "word": "发痒", 
            "POS": "v"
        }, 
        {
            "word": "麻", 
            "POS": "a"
        }, 
        {
            "word": "疼", 
            "POS": "a"
        }, 
        {
            "word": "痛", 
            "POS": "a"
        }, 
        {
            "word": "痛苦", 
            "POS": "a"
        }, 
        {
            "word": "痒", 
            "POS": "a"
        }
    ], 
    "element": [
        {
            "abbrName": "bodp", 
            "eName": null, 
            "isMapped": false, 
            "cName": "身体部位", 
            "isCore": false, 
            "def": "该框架元素指身体体验所发生的具体身体位置，通常用主语表达。"
        }, 
        {
            "abbrName": "exp", 
            "eName": null, 
            "isMapped": false, 
            "cName": "体验者", 
            "isCore": false, 
            "def": "体验者元素指某部位获得身体体验的人。"
        }, 
        {
            "abbrName": "degr", 
            "eName": null, 
            "isMapped": false, 
            "cName": "程度", 
            "isCore": false, 
            "def": "事件发生的程度。"
        }, 
        {
            "abbrName": "manr", 
            "eName": "Manner", 
            "isMapped": true, 
            "cName": "方式", 
            "isCore": false, 
            "def": "该框架元素是一个杂类，表示的是那些描述身体感知的各种状态特点的成分，是除了程度致因等以外的语义成分。"
        }, 
        {
            "abbrName": "cause", 
            "eName": null, 
            "isMapped": false, 
            "cName": "致因", 
            "isCore": false, 
            "def": "导致身体有所感受的事件或实体。"
        }, 
        {
            "abbrName": "subr", 
            "eName": "Subregion", 
            "isMapped": true, 
            "cName": "亚区", 
            "isCore": false, 
            "def": "亚区是相对于身体部位来说的更加具体的感知区域，它总是和身体部位元素共现。"
        }, 
        {
            "abbrName": "Exp", 
            "eName": "Experiencer", 
            "isMapped": false, 
            "cName": null, 
            "isCore": true, 
            "def": "The Experiencer is the being who has a physical experience on some part of his  or her body, or internally. Often information about this frame element is incorporated as a possessive determiner into the constituent expressing the Body Part, in which case it is not tagged separately (from Body Part), as shown below: My legs hurt! Sometimes, however, this frame element is expressed as an External Argument in its own right:  I hurt all over! Here, the phrase all over can be considered a kind of generalized Body Part expression, and the pronoun I expresses the Experiencer independently. With nouns and adjectives in this frame, the separate expression of the Experiencer is more common: I have a pain in my leg. "
        }, 
        {
            "abbrName": "BodP", 
            "eName": "Body_part", 
            "isMapped": false, 
            "cName": null, 
            "isCore": true, 
            "def": "This FE is the location on the body where the physical experience takes place, typically expressed as External Argument, often as PP complement: My legs are a little sore. I'm a little sore in my legs. "
        }, 
        {
            "abbrName": "Exp", 
            "eName": "Explanation", 
            "isMapped": false, 
            "cName": null, 
            "isCore": false, 
            "def": "The Explanation describes the cause of the perception the body is experiencing."
        }, 
        {
            "abbrName": "Degr", 
            "eName": "Degree", 
            "isMapped": false, 
            "cName": null, 
            "isCore": false, 
            "def": "Degree to which event occurs"
        }
    ]
}