{
    "fdInfo": {
        "eName": "Being_rotted", 
        "cName": "腐烂", 
        "des": "某种有机物，即受事，经历了腐烂和腐朽的自然过程，并可能表达出腐烂发生的程度。"
    }, 
    "frameId": 473, 
    "lexElmt": [
        {
            "word": "臭烘烘", 
            "POS": "a"
        }, 
        {
            "word": "臭乎乎", 
            "POS": "a"
        }, 
        {
            "word": "腐败", 
            "POS": "v"
        }, 
        {
            "word": "腐化", 
            "POS": "v"
        }, 
        {
            "word": "腐烂", 
            "POS": "v"
        }, 
        {
            "word": "坏", 
            "POS": "a"
        }, 
        {
            "word": "烂", 
            "POS": "a"
        }
    ], 
    "element": [
        {
            "abbrName": "degr", 
            "eName": "Degree", 
            "isMapped": true, 
            "cName": "程度", 
            "isCore": false, 
            "def": "腐烂发生的程度。"
        }, 
        {
            "abbrName": "Pat", 
            "eName": "Patient", 
            "isMapped": false, 
            "cName": null, 
            "isCore": true, 
            "def": "The Patient is the organic matter that has decayed. The coconut milk became rancid."
        }
    ]
}