{
    "fdInfo": {
        "eName": "Perception", 
        "cName": "感知觉", 
        "des": "该框架表示感知者对某现象进行感知，在大脑中形成对该现象的认识（印象）。该框架属于抽象的概括性框架，因此不包含任何词元；以其为上位框架，向下分化出具体的与感知有关的各个框架，表示感知活动的词语都在这些具体框架中进行语义描述。"
    }, 
    "frameId": 11, 
    "lexElmt": [], 
    "element": [
        {
            "abbrName": "perc", 
            "eName": "Perceiver", 
            "isMapped": true, 
            "cName": "感知者", 
            "isCore": true, 
            "def": "感知现象的人，这个人可能是自发地去观察某现象，也可能是无意间感觉到了某现象，在大脑中形成了对事物的认识。"
        }, 
        {
            "abbrName": "phen", 
            "eName": "Phenomenon", 
            "isMapped": true, 
            "cName": "现象", 
            "isCore": true, 
            "def": "是存在于人的认识之外的实体、事件等，作为感知觉活动的对象，刺激人的感官，使感知者获得关于该现象的印象。因此，现象和印象的差别在于，现象存在于人的意识之外，而印象是现象在人的大脑中的表征，当感知者正确地感知某现象时，会使得印象与现象相符，当感知者错误地感知现象时，所获得的印象就不符合实际存在的现象。\r\n\r\n"
        }, 
        {
            "abbrName": "pcpt", 
            "eName": null, 
            "isMapped": false, 
            "cName": "印象", 
            "isCore": false, 
            "def": "由感知觉而得到的印象，是现象在大脑中的表征。"
        }, 
        {
            "abbrName": "bodp", 
            "eName": "Body_part", 
            "isMapped": false, 
            "cName": "身体部位", 
            "isCore": false, 
            "def": "这一框架元素表示某种感知觉所在的身体部位。"
        }, 
        {
            "abbrName": "Soug", 
            "eName": "Sought_phenomenon", 
            "isMapped": false, 
            "cName": null, 
            "isCore": false, 
            "def": "The Perceiver is the entity or event which causes the perceptual experience of the Perceiver. \n\nSo do our domestic dogs perceive smells with the same range  of subtle `hues'  as we perceive colour? "
        }
    ]
}