{
    "fdInfo": {
        "eName": "Visitor_arrival", 
        "cName": "访客_到访", 
        "des": "施动者到达能实现其目的的目的地。"
    }, 
    "frameId": 321, 
    "lexElmt": [
        {
            "word": "到访", 
            "POS": "v"
        }, 
        {
            "word": "访客", 
            "POS": "v"
        }
    ], 
    "element": [
        {
            "abbrName": "agt", 
            "eName": "Agent", 
            "isMapped": true, 
            "cName": "施动者", 
            "isCore": true, 
            "def": "施动者在这里指的是自主转移体。"
        }, 
        {
            "abbrName": "manr", 
            "eName": "Manner", 
            "isMapped": true, 
            "cName": "方式", 
            "isCore": false, 
            "def": "方式描述的是与运动轨迹并不直接相关的运动属性，比如速度，姿态，稳定性，运动方式 及其他相关运动属性。"
        }, 
        {
            "abbrName": "mns", 
            "eName": "Means", 
            "isMapped": true, 
            "cName": "方法", 
            "isCore": false, 
            "def": "该框架元素描述的是施动者抵达目的地所使用的方法。"
        }, 
        {
            "abbrName": "mot", 
            "eName": "Mode_of_transportation", 
            "isMapped": true, 
            "cName": "移动模式", 
            "isCore": false, 
            "def": "出行方式这个框架元素能表达出作用于施动者的运动模式，即通过施动者的身体或所乘坐交通工具而实现传送。交通工具可以以任何方式在任何介质中运动。这个框架元素往往出现在“…到”或“乘…”的短语结构里。"
        }, 
        {
            "abbrName": "nor_loc", 
            "eName": "Normal_location", 
            "isMapped": true, 
            "cName": "常住地", 
            "isCore": false, 
            "def": "常住地这个框架元素能暗示出行动的确切起点。在本框架中，表达常住地的框架元素用语有出现的可能性，但整体而言出现频率还是相对低一点。如果表达该框架元素的用语出现了， 它通常描述的是施动者出发后远离的大致方向，而不是出发后远离的地面标志物。"
        }, 
        {
            "abbrName": "path", 
            "eName": "Path", 
            "isMapped": true, 
            "cName": "路径", 
            "isCore": false, 
            "def": "路径这个框架元素描述的既不是常住地也不是目的地而是运动轨迹。在本框架中，路径这个框架元素几乎总是表达一种“途经”的意思。"
        }, 
        {
            "abbrName": "place", 
            "eName": "Place", 
            "isMapped": true, 
            "cName": "处所", 
            "isCore": false, 
            "def": "拜访抵达的空间场所。"
        }, 
        {
            "abbrName": "purp", 
            "eName": "Purpose", 
            "isMapped": true, 
            "cName": "目的", 
            "isCore": false, 
            "def": "该框架元素描述的是施动者到达目的地的目的。"
        }, 
        {
            "abbrName": "time", 
            "eName": "Time", 
            "isMapped": true, 
            "cName": "时间", 
            "isCore": false, 
            "def": "该框架元素描述的是抵达的时间。"
        }, 
        {
            "abbrName": "Goal", 
            "eName": "Goal", 
            "isMapped": false, 
            "cName": null, 
            "isCore": true, 
            "def": "Goal is any expression that tells where the Agent ends up, or would end up, as a result of the motion.  Although always conceptually present and specific, Goal may sometimes be understood from context, rather than expressed by any separate constituent. Our visitors arrived yesterday."
        }
    ]
}