{
    "fdInfo": {
        "eName": "Visitor_scenario", 
        "cName": "访客_场景", 
        "des": "施动者为了某个目的离开常住地，到达实体所在地。为了实现这个目的，施动者先暂时与实体在一起，然后又离开，通常是回到自己的常住地。"
    }, 
    "frameId": 320, 
    "lexElmt": [], 
    "element": [
        {
            "abbrName": "agt", 
            "eName": "Agent", 
            "isMapped": true, 
            "cName": "施动者", 
            "isCore": true, 
            "def": "为了实现某种目的而前往并临时与实体在一起的有知觉实体。"
        }, 
        {
            "abbrName": "ent", 
            "eName": "Entity", 
            "isMapped": true, 
            "cName": "实体", 
            "isCore": true, 
            "def": "与实体长期相关，或者说与施动者为了某种目的想利用的一些具体特征长期相关的空间场所。"
        }, 
        {
            "abbrName": "nor_loc", 
            "eName": "Normal_location", 
            "isMapped": true, 
            "cName": "常住地", 
            "isCore": false, 
            "def": "施动者通常生活居住或是说与之（长期）相关的地方。"
        }, 
        {
            "abbrName": "purp", 
            "eName": "Purpose", 
            "isMapped": true, 
            "cName": "目的", 
            "isCore": false, 
            "def": "实体能够满足条件，而且施动者也想进行的活动。"
        }
    ]
}