{
    "fdInfo": {
        "eName": "Crime_scenario", 
        "cName": "犯罪场景", 
        "des": "犯罪已经发生，并且引起了官方的注意。相应地，就会有一个侦查、审查起诉、审判的程序。进行侦查、审查起诉、审判等刑事程序是为了查明犯罪嫌疑人（进入审查起诉阶段被称为被告人）是否实施了犯罪行为（是否是实际的犯罪者）。如果犯罪嫌疑人被认为实施了犯罪行为，他会受到与指控相应的处罚。"
    }, 
    "frameId": 172, 
    "lexElmt": [], 
    "element": [
        {
            "abbrName": "auth", 
            "eName": "Authorities", 
            "isMapped": true, 
            "cName": "官方", 
            "isCore": true, 
            "def": "对法律负有维持责任的群体，同时被赋予侦查犯罪、发现犯罪嫌疑人和决定是否将犯罪嫌疑人提交刑事程序的权力机构，一般指公安机关。"
        }, 
        {
            "abbrName": "chrg", 
            "eName": "Charge", 
            "isMapped": true, 
            "cName": "指控", 
            "isCore": true, 
            "def": "对一种行为类型的描述，而这种行为不被法律所容许。"
        }, 
        {
            "abbrName": "perp", 
            "eName": "Perpetrator", 
            "isMapped": true, 
            "cName": "犯罪者", 
            "isCore": true, 
            "def": "实际实施了犯罪的人。"
        }, 
        {
            "abbrName": "suspect", 
            "eName": "Suspect", 
            "isMapped": true, 
            "cName": "嫌疑人", 
            "isCore": true, 
            "def": "被怀疑实施了犯罪的人。"
        }, 
        {
            "abbrName": null, 
            "eName": "Crime", 
            "isMapped": false, 
            "cName": null, 
            "isCore": true, 
            "def": "An act, generally intentional, that matches the description that belongs to an official Charge."
        }
    ]
}