{
    "fdInfo": {
        "eName": "Getting_scenario", 
        "cName": "获得场景", 
        "des": "在这个场景中，接受者刚开始没有转移体，随后从一起点处获得了转移体。"
    }, 
    "frameId": 372, 
    "lexElmt": [], 
    "element": [
        {
            "abbrName": "reci", 
            "eName": "Recipient", 
            "isMapped": true, 
            "cName": "接受者", 
            "isCore": true, 
            "def": "接受者是最终拥有转移体的实体。"
        }, 
        {
            "abbrName": "thm", 
            "eName": "Theme", 
            "isMapped": true, 
            "cName": "转移体", 
            "isCore": true, 
            "def": "转移体是指变换了拥有者的物体。"
        }, 
        {
            "abbrName": "expla", 
            "eName": "Explanation", 
            "isMapped": true, 
            "cName": "解释", 
            "isCore": false, 
            "def": "解释指接受者对存在的可能结果所作出的回应。"
        }, 
        {
            "abbrName": "purp", 
            "eName": "Purpose", 
            "isMapped": true, 
            "cName": "目的", 
            "isCore": false, 
            "def": "执行有意行为的目的。"
        }, 
        {
            "abbrName": "source", 
            "eName": "Source", 
            "isMapped": true, 
            "cName": "起点", 
            "isCore": false, 
            "def": "起点是指转移体属于接受者之前所在的位置。最初占有转移体的人们可能作为转喻代替起点。"
        }
    ]
}