{
    "fdInfo": {
        "eName": "Getting", 
        "cName": "获得", 
        "des": "该框架以接受者为着眼点，反映接受者获得转移体的动作或过程。尽管源点在逻辑上是必须的，但接受者、接受者和转移体之间的联系是框架的主要方面。"
    }, 
    "frameId": 52, 
    "lexElmt": [
        {
            "word": "博得", 
            "POS": "v"
        }, 
        {
            "word": "博取", 
            "POS": "v"
        }, 
        {
            "word": "捕获", 
            "POS": "v"
        }, 
        {
            "word": "到手", 
            "POS": "v"
        }, 
        {
            "word": "得", 
            "POS": "v"
        }, 
        {
            "word": "得到", 
            "POS": "v"
        }, 
        {
            "word": "获得", 
            "POS": "v"
        }, 
        {
            "word": "获取", 
            "POS": "v"
        }, 
        {
            "word": "获致", 
            "POS": "v"
        }, 
        {
            "word": "接到", 
            "POS": "v"
        }, 
        {
            "word": "猎取", 
            "POS": "v"
        }, 
        {
            "word": "拿到", 
            "POS": "v"
        }, 
        {
            "word": "取得", 
            "POS": "v"
        }, 
        {
            "word": "收到", 
            "POS": "v"
        }, 
        {
            "word": "赢得", 
            "POS": "v"
        }
    ], 
    "element": [
        {
            "abbrName": "reci", 
            "eName": "Recipient", 
            "isMapped": true, 
            "cName": "接受者", 
            "isCore": true, 
            "def": "指接受转移体并开始拥有它的个人、机构或工程、专利、成绩等。"
        }, 
        {
            "abbrName": "thm", 
            "eName": "Theme", 
            "isMapped": true, 
            "cName": "转移体", 
            "isCore": true, 
            "def": "变换了拥有者的财物、资产、专利等。"
        }, 
        {
            "abbrName": "manr", 
            "eName": "Manner", 
            "isMapped": true, 
            "cName": "方式", 
            "isCore": false, 
            "def": "对接受者获得转移体事件的描述。"
        }, 
        {
            "abbrName": "mns", 
            "eName": "Means", 
            "isMapped": true, 
            "cName": "方法", 
            "isCore": false, 
            "def": "接受者获得转移体的形式、方式。"
        }, 
        {
            "abbrName": "place", 
            "eName": "Place", 
            "isMapped": true, 
            "cName": "处所", 
            "isCore": false, 
            "def": "接受者获得转移体时所处的位置。"
        }, 
        {
            "abbrName": "purp", 
            "eName": "Purpose", 
            "isMapped": true, 
            "cName": "目的", 
            "isCore": false, 
            "def": "接受者接受转移体的意图、目的。"
        }, 
        {
            "abbrName": "rea", 
            "eName": "Reason", 
            "isMapped": false, 
            "cName": "原因", 
            "isCore": false, 
            "def": "接受者接受转移体的原因。"
        }, 
        {
            "abbrName": "src", 
            "eName": "Source", 
            "isMapped": true, 
            "cName": "起点", 
            "isCore": false, 
            "def": "转移体属于接受者之前所在的处所。"
        }, 
        {
            "abbrName": "time", 
            "eName": "Time", 
            "isMapped": true, 
            "cName": "时间", 
            "isCore": false, 
            "def": "获得事件发生的时间。"
        }, 
        {
            "abbrName": "Exp", 
            "eName": "Explanation", 
            "isMapped": false, 
            "cName": null, 
            "isCore": false, 
            "def": "The Explanation refers to the existing eventuality that the Recipient is responding to."
        }, 
        {
            "abbrName": "Result", 
            "eName": "Result", 
            "isMapped": false, 
            "cName": null, 
            "isCore": false, 
            "def": "The state that either the Recipient or the Theme end up in after the acquisition.\n\nYou should acquire it without any publicity."
        }, 
        {
            "abbrName": "con", 
            "eName": "Concessive", 
            "isMapped": false, 
            "cName": null, 
            "isCore": false, 
            "def": "This FE signifies that the state of affairs expressed by the main clause (containing the target) occurs or holds, and something other than that state of affairs would be expected given the state of affairs in the concessive clause."
        }, 
        {
            "abbrName": null, 
            "eName": "Beneficiary", 
            "isMapped": false, 
            "cName": null, 
            "isCore": false, 
            "def": "The Beneficiary is an entity which the Recipient passes the Theme to, or shares the Theme with."
        }
    ]
}