{
    "fdInfo": {
        "eName": "Cause_harm", 
        "cName": "造成伤害", 
        "des": "这个框架中的词汇描述致动事或致因对受害者造成伤害的情境。如果涉及到受害者直接受到伤害的身体部位，那么受害者被表示为身体部位的修饰语，在这种情况下，受害者这个框架元素做为有定零形式。"
    }, 
    "frameId": 117, 
    "lexElmt": [
        {
            "word": "棒打", 
            "POS": "v"
        }, 
        {
            "word": "鞭打", 
            "POS": "v"
        }, 
        {
            "word": "搏斗", 
            "POS": "v"
        }, 
        {
            "word": "锤打", 
            "POS": "v"
        }, 
        {
            "word": "戳", 
            "POS": "v"
        }, 
        {
            "word": "刺", 
            "POS": "v"
        }, 
        {
            "word": "刺穿", 
            "POS": "v"
        }, 
        {
            "word": "打", 
            "POS": "v"
        }, 
        {
            "word": "打击", 
            "POS": "v"
        }, 
        {
            "word": "打碎", 
            "POS": "v"
        }, 
        {
            "word": "毒害", 
            "POS": "v"
        }, 
        {
            "word": "棍打", 
            "POS": "v"
        }, 
        {
            "word": "击伤", 
            "POS": "v"
        }, 
        {
            "word": "砍", 
            "POS": "v"
        }, 
        {
            "word": "铐住", 
            "POS": "v"
        }, 
        {
            "word": "猛击", 
            "POS": "v"
        }, 
        {
            "word": "碾碎", 
            "POS": "v"
        }, 
        {
            "word": "殴打", 
            "POS": "v"
        }, 
        {
            "word": "趴", 
            "POS": "v"
        }, 
        {
            "word": "敲打", 
            "POS": "v"
        }, 
        {
            "word": "切", 
            "POS": "v"
        }, 
        {
            "word": "拳打", 
            "POS": "v"
        }, 
        {
            "word": "扇", 
            "POS": "v"
        }, 
        {
            "word": "伤害", 
            "POS": "v"
        }, 
        {
            "word": "烧", 
            "POS": "v"
        }, 
        {
            "word": "撕裂", 
            "POS": "v"
        }, 
        {
            "word": "烫", 
            "POS": "v"
        }, 
        {
            "word": "踢", 
            "POS": "v"
        }, 
        {
            "word": "折断", 
            "POS": "v"
        }, 
        {
            "word": "折磨", 
            "POS": "v"
        }, 
        {
            "word": "重打", 
            "POS": "v"
        }, 
        {
            "word": "撞", 
            "POS": "v"
        }
    ], 
    "element": [
        {
            "abbrName": "agt", 
            "eName": "Agent", 
            "isMapped": true, 
            "cName": "施动者", 
            "isCore": true, 
            "def": "致动者是对受害者造成伤害的有意识的实体。"
        }, 
        {
            "abbrName": "bodp", 
            "eName": "Body_part", 
            "isMapped": true, 
            "cName": "身体部位", 
            "isCore": true, 
            "def": "身体受到伤害的部位。"
        }, 
        {
            "abbrName": "cause", 
            "eName": "Cause", 
            "isMapped": true, 
            "cName": "致因", 
            "isCore": true, 
            "def": "对受害者造成伤害的非有意的、尤其是非人类能够控制的行为。"
        }, 
        {
            "abbrName": "vic", 
            "eName": "Victim", 
            "isMapped": true, 
            "cName": "受害者", 
            "isCore": true, 
            "def": "指的是受到伤害的人或实体。若受害者和身体部位连在一起表达，则受害者这个框架元素做为有定零形式。"
        }, 
        {
            "abbrName": "degr", 
            "eName": "Degree", 
            "isMapped": true, 
            "cName": "程度", 
            "isCore": false, 
            "def": "致动者对受害者造成伤害的程度。"
        }, 
        {
            "abbrName": "depic", 
            "eName": "Depictive", 
            "isMapped": true, 
            "cName": "形容", 
            "isCore": false, 
            "def": "描述行为人的词或短语。 "
        }, 
        {
            "abbrName": "evnt", 
            "eName": "Event", 
            "isMapped": false, 
            "cName": "事件", 
            "isCore": false, 
            "def": "这个框架元素确定了一个事件。"
        }, 
        {
            "abbrName": "instru", 
            "eName": "Instrument", 
            "isMapped": true, 
            "cName": "工具", 
            "isCore": false, 
            "def": "被使用并对受害者造成伤害的物体。"
        }, 
        {
            "abbrName": "iter", 
            "eName": "Iteration", 
            "isMapped": false, 
            "cName": "次数", 
            "isCore": false, 
            "def": "指致动者对受害人造成伤害的次数。"
        }, 
        {
            "abbrName": "manr", 
            "eName": "Manner", 
            "isMapped": true, 
            "cName": "方式", 
            "isCore": false, 
            "def": "致动者对受害者造成伤害的方式"
        }, 
        {
            "abbrName": "mns", 
            "eName": "Means", 
            "isMapped": true, 
            "cName": "方法", 
            "isCore": false, 
            "def": "致动者所施行伤害行为的实现途径。"
        }, 
        {
            "abbrName": "place", 
            "eName": "Place", 
            "isMapped": true, 
            "cName": "处所", 
            "isCore": false, 
            "def": "伤害事件发生的地点"
        }, 
        {
            "abbrName": "purp", 
            "eName": "Purpose", 
            "isMapped": true, 
            "cName": "目的", 
            "isCore": false, 
            "def": "实施伤害行为的目的。"
        }, 
        {
            "abbrName": "rea", 
            "eName": "Reason", 
            "isMapped": false, 
            "cName": "原因", 
            "isCore": false, 
            "def": "致动事或致因对受害者造成伤害的原因。"
        }, 
        {
            "abbrName": "result", 
            "eName": "Result", 
            "isMapped": true, 
            "cName": "结果", 
            "isCore": false, 
            "def": "致动事或致因对受害者的伤害行为带来的结果。"
        }, 
        {
            "abbrName": "subbody", 
            "eName": "Subregion_bodypart", 
            "isMapped": true, 
            "cName": "身体局部位置", 
            "isCore": false, 
            "def": "指被伤害的准确部位。"
        }, 
        {
            "abbrName": "time", 
            "eName": "Time", 
            "isMapped": true, 
            "cName": "时间", 
            "isCore": false, 
            "def": "指伤害事件发生的时间。"
        }, 
        {
            "abbrName": "con", 
            "eName": "Containing_event", 
            "isMapped": false, 
            "cName": null, 
            "isCore": false, 
            "def": "This FE identifies the event in which the harm is caused."
        }, 
        {
            "abbrName": "Exp", 
            "eName": "Explanation", 
            "isMapped": false, 
            "cName": null, 
            "isCore": false, 
            "def": "A fact or action somehow related to the Victim that the Agent responds to by causing harm to the Victim.\n\nShe wanted to slap him hard for his change of mood.\nShe could easily have slapped her for that remark."
        }, 
        {
            "abbrName": "Iter", 
            "eName": "Iterations", 
            "isMapped": false, 
            "cName": null, 
            "isCore": false, 
            "def": "Iterations refers to the number of times the Agent causes harm to the Victim.\n\nKim hit Harold with the stick a dozen times.\nhe had slapped his wife across the face a number of times."
        }, 
        {
            "abbrName": null, 
            "eName": "Circumstances", 
            "isMapped": false, 
            "cName": null, 
            "isCore": false, 
            "def": "Circumstances describe the state of the world (at a particular time and place) which is specifically independent of the Cause_harm event and any of its participants. "
        }, 
        {
            "abbrName": null, 
            "eName": "Frequency", 
            "isMapped": false, 
            "cName": null, 
            "isCore": false, 
            "def": "How often the Cause_harm event occurs."
        }, 
        {
            "abbrName": null, 
            "eName": "Duration", 
            "isMapped": false, 
            "cName": null, 
            "isCore": false, 
            "def": "Duration denotes the length of time from the beginning of the Cause_harm event to its end. "
        }, 
        {
            "abbrName": null, 
            "eName": "Explanation", 
            "isMapped": false, 
            "cName": null, 
            "isCore": false, 
            "def": "This FE denotes a proposition from which the main clause (headed by the target) logically follows. "
        }, 
        {
            "abbrName": null, 
            "eName": "Particular_iteration", 
            "isMapped": false, 
            "cName": null, 
            "isCore": false, 
            "def": "This FE indicates that the Cause_harm event is conceived as embedded within an iterated series of similar events or states."
        }, 
        {
            "abbrName": null, 
            "eName": "Concessive", 
            "isMapped": false, 
            "cName": null, 
            "isCore": false, 
            "def": "This FE signifies that the state of affairs expressed by the main clause (containing the Cause_harm event) occurs or holds, and something other than that state of affairs would be expected given the state of affairs in the concessive clause."
        }, 
        {
            "abbrName": "re-e", 
            "eName": "Re-encoding", 
            "isMapped": false, 
            "cName": null, 
            "isCore": false, 
            "def": "A description of the harm event which significantly displays a different aspect.\n\nThen she elbowed me -- a serious affront to my sensibilities ! "
        }, 
        {
            "abbrName": null, 
            "eName": "Period_of_iterations", 
            "isMapped": false, 
            "cName": null, 
            "isCore": false, 
            "def": "The length of time from when the Cause_harm event began to be repeated to when it stopped."
        }
    ]
}