{
    "fdInfo": {
        "eName": "Containing", 
        "cName": "容纳", 
        "des": "在这个框架里，容器在其边界之内容纳一定的物品。"
    }, 
    "frameId": 375, 
    "lexElmt": [], 
    "element": [
        {
            "abbrName": "container", 
            "eName": "Container", 
            "isMapped": true, 
            "cName": "容器", 
            "isCore": true, 
            "def": "容器指的是在其边界之内容纳一定物品的客观存在物。"
        }, 
        {
            "abbrName": "contents", 
            "eName": "Contents", 
            "isMapped": true, 
            "cName": "容纳物", 
            "isCore": true, 
            "def": "容纳物指的是容纳在容器之内的物品。"
        }, 
        {
            "abbrName": "time", 
            "eName": "Time", 
            "isMapped": true, 
            "cName": "时间", 
            "isCore": false, 
            "def": "容器容纳容纳物的时间。"
        }
    ]
}