{
    "fdInfo": {
        "eName": "undergoing", 
        "cName": "经受", 
        "des": "实体受事件影响。"
    }, 
    "frameId": 373, 
    "lexElmt": [], 
    "element": [
        {
            "abbrName": "ent", 
            "eName": "Entity", 
            "isMapped": true, 
            "cName": "实体", 
            "isCore": true, 
            "def": "受事件影响的东西。"
        }, 
        {
            "abbrName": "evnt", 
            "eName": "Event", 
            "isMapped": true, 
            "cName": "事件", 
            "isCore": true, 
            "def": "影响实体的世界变化。"
        }, 
        {
            "abbrName": "circ", 
            "eName": "Circumstances", 
            "isMapped": true, 
            "cName": "环境条件", 
            "isCore": false, 
            "def": "环境条件描述的是（在特定的时间和地点）明确独立于事件本身和它的任意参与者的世界状态。"
        }, 
        {
            "abbrName": "expla", 
            "eName": "Explanation", 
            "isMapped": true, 
            "cName": "解释", 
            "isCore": false, 
            "def": "该框架元素对实体所经受的事件做出解释。该框架元素通常是一个命题，由该命题可推断出（包含目标词）的主句，这意味着解释往往（但不是在所有情况下）是目标词命题的致因。"
        }, 
        {
            "abbrName": "mns", 
            "eName": "Means", 
            "isMapped": false, 
            "cName": "方法", 
            "isCore": false, 
            "def": "任何没有被更具体的框架元素所包含的对事件的描述，包括修饰语（静静地、大声地）也包括在比较事件时所做的一般描述（同样）。"
        }, 
        {
            "abbrName": "place", 
            "eName": "Place", 
            "isMapped": true, 
            "cName": "处所", 
            "isCore": false, 
            "def": "实体经受事件的地点。"
        }, 
        {
            "abbrName": "purp", 
            "eName": "Purpose", 
            "isMapped": true, 
            "cName": "目的", 
            "isCore": false, 
            "def": "实体经受事件的目的。"
        }, 
        {
            "abbrName": "time", 
            "eName": "Time", 
            "isMapped": true, 
            "cName": "时间", 
            "isCore": false, 
            "def": "实体经受事件的时间。"
        }, 
        {
            "abbrName": null, 
            "eName": "Manner", 
            "isMapped": false, 
            "cName": null, 
            "isCore": false, 
            "def": "Any description of the event which is not covered by more specific FEs, including secondary effects (quietly, loudly) and general descriptions comparing events (the same way)."
        }
    ]
}