{
    "fdInfo": {
        "eName": "Turningout", 
        "cName": "结果", 
        "des": "在某人的对世界的认知中，一个事态被证明是真实的。这可能需要证据或在特定的情况下才会被认可。在该框架中，信念受到影响的认知者并不提及。"
    }, 
    "frameId": 448, 
    "lexElmt": [
        {
            "word": "结果", 
            "POS": "n"
        }, 
        {
            "word": "结果", 
            "POS": "c"
        }
    ], 
    "element": [
        {
            "abbrName": "soa", 
            "eName": "State_of_affairs", 
            "isMapped": true, 
            "cName": "事态", 
            "isCore": true, 
            "def": "认知者意识到的事物的状态。"
        }, 
        {
            "abbrName": "time", 
            "eName": "Time", 
            "isMapped": true, 
            "cName": "时间", 
            "isCore": false, 
            "def": "事态被意识到的时间。"
        }
    ]
}