{
    "fdInfo": {
        "eName": "Receiving", 
        "cName": "接收", 
        "des": "由捐赠者和接受者共同行动，接受者最终获得了转移体。接收框架和给予框架一样，要求捐赠者首先得有转移体，并且随着转移体转移，捐赠者不再拥有这个转移体而由接受者拥有。?"
    }, 
    "frameId": 449, 
    "lexElmt": [
        {
            "word": "接收", 
            "POS": "v"
        }, 
        {
            "word": "接受", 
            "POS": "v"
        }, 
        {
            "word": "收", 
            "POS": "v"
        }
    ], 
    "element": [
        {
            "abbrName": "donor", 
            "eName": "Donor", 
            "isMapped": true, 
            "cName": "捐赠者", 
            "isCore": true, 
            "def": "把转移体给接受者的人。"
        }, 
        {
            "abbrName": "reci", 
            "eName": "Recipient", 
            "isMapped": true, 
            "cName": "接受者", 
            "isCore": true, 
            "def": "收到转移体的人。"
        }, 
        {
            "abbrName": "thm", 
            "eName": "Theme", 
            "isMapped": true, 
            "cName": "转移体", 
            "isCore": true, 
            "def": "所有权发生变化的实体，它以捐赠者拥有开始，以接受者拥有结束。"
        }, 
        {
            "abbrName": "ctran", 
            "eName": "Countertransfer", 
            "isMapped": true, 
            "cName": "等价转移行为", 
            "isCore": false, 
            "def": "接受者提供了一种好处或一个服务，作为回报捐赠者把转移体给了接受者。"
        }, 
        {
            "abbrName": "depic", 
            "eName": "Depictive", 
            "isMapped": true, 
            "cName": "形容", 
            "isCore": false, 
            "def": "接收期间，接受者或者转移体的状态描述。"
        }, 
        {
            "abbrName": "manr", 
            "eName": "Manner", 
            "isMapped": true, 
            "cName": "方式", 
            "isCore": false, 
            "def": "对行动有显著影响的接受者的特征或接收活动本身的一般性描述。?"
        }, 
        {
            "abbrName": "mns", 
            "eName": "Means", 
            "isMapped": true, 
            "cName": "方法", 
            "isCore": false, 
            "def": "接受者接收转移体的所做的行为。"
        }, 
        {
            "abbrName": "motr", 
            "eName": "Mode_of_transfer", 
            "isMapped": true, 
            "cName": "转移模式", 
            "isCore": false, 
            "def": "转移体（实际或隐喻地）转移所用的转移系统，从而使接受者得到转移体。"
        }, 
        {
            "abbrName": "path", 
            "eName": "Path", 
            "isMapped": true, 
            "cName": "路径", 
            "isCore": false, 
            "def": "当接受者从捐赠者那里得到了转移体，转移的路径就可能被确定了。"
        }, 
        {
            "abbrName": "place", 
            "eName": "Place", 
            "isMapped": true, 
            "cName": "处所", 
            "isCore": false, 
            "def": "是指接受者得到转移体的地点。"
        }, 
        {
            "abbrName": "pod", 
            "eName": "Purpose_of_donor", 
            "isMapped": true, 
            "cName": "捐赠者目的", 
            "isCore": false, 
            "def": "是指捐赠者的目的，他们相信通过把转移体给予别人，他们的目的就会达到。"
        }, 
        {
            "abbrName": "pot", 
            "eName": "Purpose_of_theme", 
            "isMapped": true, 
            "cName": "转移体目的", 
            "isCore": false, 
            "def": "是指接受者想用转移体做什么。?"
        }, 
        {
            "abbrName": "role", 
            "eName": "Role", 
            "isMapped": true, 
            "cName": "角色", 
            "isCore": false, 
            "def": "是指捐赠者想要这个转移体充当的角色。"
        }, 
        {
            "abbrName": "time", 
            "eName": "Time", 
            "isMapped": true, 
            "cName": "时间", 
            "isCore": false, 
            "def": "接受者得到转移体的时间?"
        }
    ]
}