{
    "fdInfo": {
        "eName": "Filling", 
        "cName": "填充", 
        "des": "这个框架描述的是致动者用转移体填充某个容器或覆盖某个区域。区域和容器可以用目标来表达，因为它们是转移体运动的目的地。"
    }, 
    "frameId": 234, 
    "lexElmt": [
        {
            "word": "充斥", 
            "POS": "v"
        }, 
        {
            "word": "充塞", 
            "POS": "v"
        }, 
        {
            "word": "充填", 
            "POS": "v"
        }, 
        {
            "word": "充盈", 
            "POS": "v"
        }, 
        {
            "word": "掸", 
            "POS": "v"
        }, 
        {
            "word": "倒", 
            "POS": "v"
        }, 
        {
            "word": "倒灌", 
            "POS": "v"
        }, 
        {
            "word": "镀金", 
            "POS": "v"
        }, 
        {
            "word": "堆", 
            "POS": "v"
        }, 
        {
            "word": "堆积", 
            "POS": "v"
        }, 
        {
            "word": "敷", 
            "POS": "v"
        }, 
        {
            "word": "敷药", 
            "POS": "v"
        }, 
        {
            "word": "覆盖", 
            "POS": "v"
        }, 
        {
            "word": "灌", 
            "POS": "v"
        }, 
        {
            "word": "抹", 
            "POS": "v"
        }, 
        {
            "word": "抹掉", 
            "POS": "v"
        }, 
        {
            "word": "抹去", 
            "POS": "v"
        }, 
        {
            "word": "披", 
            "POS": "v"
        }, 
        {
            "word": "铺", 
            "POS": "v"
        }, 
        {
            "word": "轻擦", 
            "POS": "v"
        }, 
        {
            "word": "轻敷", 
            "POS": "v"
        }, 
        {
            "word": "撒", 
            "POS": "v"
        }, 
        {
            "word": "上药", 
            "POS": "v"
        }, 
        {
            "word": "上油", 
            "POS": "v"
        }, 
        {
            "word": "上装", 
            "POS": "v"
        }, 
        {
            "word": "刷", 
            "POS": "v"
        }, 
        {
            "word": "填充", 
            "POS": "v"
        }, 
        {
            "word": "贴", 
            "POS": "v"
        }, 
        {
            "word": "涂", 
            "POS": "v"
        }, 
        {
            "word": "涂抹", 
            "POS": "v"
        }, 
        {
            "word": "油漆", 
            "POS": "v"
        }, 
        {
            "word": "遮蔽", 
            "POS": "v"
        }, 
        {
            "word": "遮盖", 
            "POS": "v"
        }, 
        {
            "word": "注入", 
            "POS": "v"
        }, 
        {
            "word": "装", 
            "POS": "n"
        }, 
        {
            "word": "装", 
            "POS": "v"
        }, 
        {
            "word": "装车", 
            "POS": "v"
        }, 
        {
            "word": "装货", 
            "POS": "v"
        }, 
        {
            "word": "装填", 
            "POS": "v"
        }, 
        {
            "word": "装载", 
            "POS": "v"
        }
    ], 
    "element": [
        {
            "abbrName": "agt", 
            "eName": "Agent", 
            "isMapped": true, 
            "cName": "施动者", 
            "isCore": true, 
            "def": "做出填充行为的人。"
        }, 
        {
            "abbrName": "cause", 
            "eName": "Cause", 
            "isMapped": true, 
            "cName": "致因", 
            "isCore": true, 
            "def": "引起填充动作的实体、力量或事件。"
        }, 
        {
            "abbrName": "goal", 
            "eName": "Goal", 
            "isMapped": true, 
            "cName": "终点", 
            "isCore": true, 
            "def": "被填充的容器或覆盖的区域。"
        }, 
        {
            "abbrName": "thm", 
            "eName": "Theme", 
            "isMapped": true, 
            "cName": "转移体", 
            "isCore": true, 
            "def": "转移体是改变位置的物理实体。"
        }, 
        {
            "abbrName": "degr", 
            "eName": "Degree", 
            "isMapped": true, 
            "cName": "程度", 
            "isCore": false, 
            "def": "填充事件的程度。"
        }, 
        {
            "abbrName": "depic", 
            "eName": "Depictive", 
            "isMapped": true, 
            "cName": "形容", 
            "isCore": false, 
            "def": "描述致动者的形容短语。"
        }, 
        {
            "abbrName": "instru", 
            "eName": "Instrument", 
            "isMapped": true, 
            "cName": "工具", 
            "isCore": false, 
            "def": "填充事件所使用的工具。"
        }, 
        {
            "abbrName": "manr", 
            "eName": "Manner", 
            "isMapped": true, 
            "cName": "方式", 
            "isCore": false, 
            "def": "修饰用来概括无法归入其他更具体的框架元素的任何语义成分，是对事件本身的描述，包括认知的修饰（如很可能，大概，神秘地），辅助描述（安静地，大声地），和与事件相比较的一般描述（同样的方式）。"
        }, 
        {
            "abbrName": "mns", 
            "eName": "Means", 
            "isMapped": true, 
            "cName": "方法", 
            "isCore": false, 
            "def": "填充行为所使用的方式、手段。"
        }, 
        {
            "abbrName": "path", 
            "eName": "Path", 
            "isMapped": true, 
            "cName": "路径", 
            "isCore": false, 
            "def": "转移体运动的轨迹。"
        }, 
        {
            "abbrName": "place", 
            "eName": "Place", 
            "isMapped": true, 
            "cName": "处所", 
            "isCore": false, 
            "def": "填充事件发生的场所、地点。"
        }, 
        {
            "abbrName": "purp", 
            "eName": "Purpose", 
            "isMapped": true, 
            "cName": "目的", 
            "isCore": false, 
            "def": "致动者填充目的地的目的。"
        }, 
        {
            "abbrName": "rea", 
            "eName": "Reason", 
            "isMapped": false, 
            "cName": "原因", 
            "isCore": false, 
            "def": "致动者填充或覆盖目标的原因。"
        }, 
        {
            "abbrName": "result", 
            "eName": "Result", 
            "isMapped": true, 
            "cName": "结果", 
            "isCore": false, 
            "def": "填充事件发生后的结果状态。"
        }, 
        {
            "abbrName": "src", 
            "eName": "Source", 
            "isMapped": true, 
            "cName": "起点", 
            "isCore": false, 
            "def": "转移体开始运动前所在的位置。"
        }, 
        {
            "abbrName": "subr", 
            "eName": "Subregion", 
            "isMapped": true, 
            "cName": "亚区", 
            "isCore": false, 
            "def": "目的地自身的小部分。"
        }, 
        {
            "abbrName": "time", 
            "eName": "Time", 
            "isMapped": true, 
            "cName": "时间", 
            "isCore": false, 
            "def": "填充事件发生的时间。"
        }, 
        {
            "abbrName": "Exp", 
            "eName": "Explanation", 
            "isMapped": false, 
            "cName": null, 
            "isCore": false, 
            "def": "The Explanation for which the Agent fills or covers the Goal. Samantha covered the table with flowers because she was bored."
        }
    ]
}