{
    "fdInfo": {
        "eName": "Employment_end", 
        "cName": "雇佣末期", 
        "des": "该框架是雇佣场景的最后阶段——指雇员与雇主结束雇佣关系时的场景。结束雇佣关系有两种方式：一种是开除（雇主是致动者），另一种是辞职（雇员是致动者）。\r\n该框架是抽象的上位框架，主要用于建立相关的继承关系。\r\n"
    }, 
    "frameId": 224, 
    "lexElmt": [], 
    "element": [
        {
            "abbrName": "empee", 
            "eName": "Employee", 
            "isMapped": true, 
            "cName": "雇员", 
            "isCore": true, 
            "def": "指与雇主结束雇佣关系的人。"
        }, 
        {
            "abbrName": "emper", 
            "eName": "Employer", 
            "isMapped": true, 
            "cName": "雇主", 
            "isCore": true, 
            "def": "指雇佣关系中雇员离开的人或机构。"
        }, 
        {
            "abbrName": "posit", 
            "eName": "Position", 
            "isMapped": true, 
            "cName": "职位", 
            "isCore": true, 
            "def": "指某一工作的具体名称。"
        }, 
        {
            "abbrName": "manr", 
            "eName": "Manner", 
            "isMapped": true, 
            "cName": "方式", 
            "isCore": false, 
            "def": "该框架元素是一个杂类，在无法归入其他各类非核心框架元素的情况下，凡是描述雇员和雇主结束雇佣关系的特征或所处状态的成分，都归入该元素。"
        }, 
        {
            "abbrName": "place", 
            "eName": "Place", 
            "isMapped": true, 
            "cName": "处所", 
            "isCore": false, 
            "def": "指雇主与雇员结束雇佣关系的地点。"
        }, 
        {
            "abbrName": "time", 
            "eName": "Time", 
            "isMapped": true, 
            "cName": "时间", 
            "isCore": false, 
            "def": "指雇主和雇员结束雇佣关系的时间。"
        }
    ]
}