{
    "fdInfo": {
        "eName": "Causation", 
        "cName": "因果", 
        "des": "某种致因引起某种结果。作为致因的固有参与者，应该处于致因中。继承原因框架的框架，把一些事件应该为其他事件（或状态）的出现负责的思想，作为它们的背景。在继承框架里，一个典型的框架元素如致动者或者是引起者出现在参与者的位置，但在子框架里，正如本框架，参与者在语义上依赖参与者所参与的致因（事件或事态）。"
    }, 
    "frameId": 116, 
    "lexElmt": [
        {
            "word": "产生", 
            "POS": "v"
        }, 
        {
            "word": "促使", 
            "POS": "v"
        }, 
        {
            "word": "导致", 
            "POS": "v"
        }, 
        {
            "word": "发生", 
            "POS": "v"
        }, 
        {
            "word": "发泄", 
            "POS": "v"
        }, 
        {
            "word": "理由", 
            "POS": "n"
        }, 
        {
            "word": "派遣", 
            "POS": "v"
        }, 
        {
            "word": "迫使", 
            "POS": "v"
        }, 
        {
            "word": "让", 
            "POS": "v"
        }, 
        {
            "word": "惹起", 
            "POS": "v"
        }, 
        {
            "word": "使", 
            "POS": "v"
        }, 
        {
            "word": "送", 
            "POS": "v"
        }, 
        {
            "word": "引起", 
            "POS": "v"
        }, 
        {
            "word": "原因", 
            "POS": "n"
        }, 
        {
            "word": "原因的", 
            "POS": "a"
        }, 
        {
            "word": "造成", 
            "POS": "v"
        }, 
        {
            "word": "致使", 
            "POS": "v"
        }
    ], 
    "element": [
        {
            "abbrName": "actor", 
            "eName": "Actor", 
            "isMapped": true, 
            "cName": "参与者", 
            "isCore": true, 
            "def": "参与某种致因的人，可能是自愿的，也可能不是。"
        }, 
        {
            "abbrName": "affected", 
            "eName": "Affected", 
            "isMapped": true, 
            "cName": "受影响人", 
            "isCore": true, 
            "def": "在一个合作的或者相互作用的行动中的代理人。"
        }, 
        {
            "abbrName": "cause", 
            "eName": "Cause", 
            "isMapped": true, 
            "cName": "致因", 
            "isCore": false, 
            "def": "致因是能产生结果的有生命或者无生命的实体，力量或者事件。意志不是致因的必有特征。"
        }, 
        {
            "abbrName": "effect", 
            "eName": "Effect", 
            "isMapped": true, 
            "cName": "结果", 
            "isCore": false, 
            "def": "对现象肯定或者否定的评价。"
        }, 
        {
            "abbrName": "place", 
            "eName": "Place", 
            "isMapped": true, 
            "cName": "处所", 
            "isCore": false, 
            "def": "事件发生的处所。"
        }, 
        {
            "abbrName": "rea", 
            "eName": "Reason", 
            "isMapped": false, 
            "cName": "原因", 
            "isCore": false, 
            "def": "事件发生的原因。"
        }, 
        {
            "abbrName": "time", 
            "eName": "Time", 
            "isMapped": true, 
            "cName": "时间", 
            "isCore": false, 
            "def": "这个框架元素指出事件发生的时间。"
        }, 
        {
            "abbrName": "cir", 
            "eName": "Circumstances", 
            "isMapped": false, 
            "cName": null, 
            "isCore": false, 
            "def": "Circumstances describe the state of the world (at a particular time and place) which is specifically independent of the event itself and any of its participants. "
        }, 
        {
            "abbrName": "man", 
            "eName": "Manner", 
            "isMapped": false, 
            "cName": null, 
            "isCore": false, 
            "def": "Any holistic description of the event, including overall depictions (the same way) and descriptions pertaining to the Actor's influence on the character of the event (eagerly, quietly)."
        }, 
        {
            "abbrName": "exp", 
            "eName": "Explanation", 
            "isMapped": false, 
            "cName": null, 
            "isCore": false, 
            "def": "The Explanation denotes a proposition from which the main clause (headed by the target) logically follows. This often means that the Explanation causes the target's proposition, but not in all cases."
        }, 
        {
            "abbrName": "mea", 
            "eName": "Means", 
            "isMapped": false, 
            "cName": null, 
            "isCore": false, 
            "def": "An action through which the Actor or Cause accomplishes the action indicated by the target. "
        }, 
        {
            "abbrName": "fre", 
            "eName": "Frequency", 
            "isMapped": false, 
            "cName": null, 
            "isCore": false, 
            "def": "How often the action denoted by the target occurs."
        }, 
        {
            "abbrName": "con", 
            "eName": "Concessive", 
            "isMapped": false, 
            "cName": null, 
            "isCore": false, 
            "def": "This FE signifies that the state of affairs expressed by the main clause (containing the target) occurs or holds, and something other than that state of affairs would be expected given the state of affairs in the concessive clause. "
        }
    ]
}