{
    "fdInfo": {
        "eName": "Remembering_information", 
        "cName": "信息记忆", 
        "des": "认知者保留记忆中的事实并能够抽取这些事实。心理内容可能以分句形式作为命题被明确提出，也可能以嵌入式问题形式提出，或以简单的名词短语形式作为隐藏性问题表现出来。注意：这个框架是十分概括的，它可以被用于谈论过去经验。注意：心理内容在这个框架内具有叙实性，也就是具有可靠性和准确性。思考以下的对比：型句子属于该框架中，它比（a）型句子更不易被接受，因为认知者在同一时刻暗示记忆可能会变得不精确的时候，他们的记忆反而会变得更加精确。（a）型句子属于“经验记忆”框架，没有记忆太过主观和记忆不精确的矛盾。在该框架中，当隐藏性问题和个人名字一起使用时，就不容易与“经验记忆”框架区分。属于“经验记忆”框架中的凸显实体在3a和3b句子中仅仅是提到的，并没有身份问题。记忆在这里的意思是想起对相关人物的记忆。3c是不同的，听众被询问他们是否知道该人是谁，它属于这个框架。该框架不同于“记着去做”框架，因为该框架完全谈论事实，然而，“记着去做”框架是完全关于认知者的期待任务。"
    }, 
    "frameId": 500, 
    "lexElmt": [
        {
            "word": "淡忘", 
            "POS": "v"
        }, 
        {
            "word": "记得", 
            "POS": "v"
        }, 
        {
            "word": "记忆", 
            "POS": "n"
        }, 
        {
            "word": "忘掉", 
            "POS": "v"
        }, 
        {
            "word": "忘怀", 
            "POS": "v"
        }, 
        {
            "word": "忘记", 
            "POS": "v"
        }, 
        {
            "word": "忘却", 
            "POS": "v"
        }, 
        {
            "word": "遗忘", 
            "POS": "v"
        }
    ], 
    "element": [
        {
            "abbrName": "cog", 
            "eName": "Cognizer", 
            "isMapped": true, 
            "cName": "认知者", 
            "isCore": true, 
            "def": "保留和抽取信息的人。"
        }, 
        {
            "abbrName": "men", 
            "eName": "Mental_content", 
            "isMapped": true, 
            "cName": "心理内容", 
            "isCore": true, 
            "def": "心理内容由认知者储存和使用。它可能源于经验或活动或仅仅是无意了解到的。"
        }, 
        {
            "abbrName": "accura", 
            "eName": "Accuracy", 
            "isMapped": true, 
            "cName": "准确性", 
            "isCore": false, 
            "def": "记忆心理内容与之匹配的信息或基于此经验的程度。"
        }, 
        {
            "abbrName": "con", 
            "eName": "Context", 
            "isMapped": true, 
            "cName": "环境", 
            "isCore": false, 
            "def": "心理内容所要求的文本或情境。"
        }, 
        {
            "abbrName": "time", 
            "eName": "Time", 
            "isMapped": true, 
            "cName": "时间", 
            "isCore": false, 
            "def": "认知者抽取或忘记心理内容的时间。"
        }, 
        {
            "abbrName": "top", 
            "eName": "Topic", 
            "isMapped": true, 
            "cName": "主题", 
            "isCore": false, 
            "def": "一个具体的或抽象的实体，或所记得的与心理内容有关的事件。"
        }
    ]
}