{
    "fdInfo": {
        "eName": "Imposing_obligation", 
        "cName": "使负有责任", 
        "des": "原则规定责任人应对形势的办法，并明确责任人的责任。形势可以转喻方式通过提及承诺人（其行为会使人想起原则）来表述。很少会有原则和形势或承诺人都同时出现的情况。"
    }, 
    "frameId": 497, 
    "lexElmt": [
        {
            "word": "承诺", 
            "POS": "v"
        }, 
        {
            "word": "规定", 
            "POS": "v"
        }, 
        {
            "word": "迫使", 
            "POS": "v"
        }, 
        {
            "word": "让", 
            "POS": "v"
        }, 
        {
            "word": "使", 
            "POS": "v"
        }, 
        {
            "word": "要求", 
            "POS": "v"
        }, 
        {
            "word": "责成", 
            "POS": "v"
        }
    ], 
    "element": [
        {
            "abbrName": "duty", 
            "eName": "Duty", 
            "isMapped": true, 
            "cName": "责任", 
            "isCore": true, 
            "def": "责任人有义务实施的行为。"
        }, 
        {
            "abbrName": "obl", 
            "eName": "Obligator", 
            "isMapped": true, 
            "cName": "承诺人", 
            "isCore": true, 
            "def": "承诺人是承诺让责任人负责任的人。?"
        }, 
        {
            "abbrName": "prin", 
            "eName": "Principle", 
            "isMapped": true, 
            "cName": "原则", 
            "isCore": true, 
            "def": "责任人须遵从的(可能以文件的形式)制约性概念。"
        }, 
        {
            "abbrName": "resp_party", 
            "eName": "Responsible_party", 
            "isMapped": true, 
            "cName": "责任人", 
            "isCore": true, 
            "def": "必须履行责任的人。"
        }, 
        {
            "abbrName": "sit", 
            "eName": "Situation", 
            "isMapped": true, 
            "cName": "形势", 
            "isCore": true, 
            "def": "导致责任人被要求按原则履行责任的事态。"
        }, 
        {
            "abbrName": "condi", 
            "eName": "Condition", 
            "isMapped": true, 
            "cName": "条件", 
            "isCore": false, 
            "def": "该框架元素表示责任人被要求履行责任的条件。"
        }, 
        {
            "abbrName": "manr", 
            "eName": "Manner", 
            "isMapped": true, 
            "cName": "方式", 
            "isCore": false, 
            "def": "该框架元素是对行为细节的任何整体描述,既可以是与另一个事件的比较，也可以是依据对行为具有整体影响的承诺人的特征行为的描述。"
        }, 
        {
            "abbrName": "mns", 
            "eName": "Means", 
            "isMapped": true, 
            "cName": "方法", 
            "isCore": false, 
            "def": "产生义务的一个事件。"
        }, 
        {
            "abbrName": "place", 
            "eName": "Place", 
            "isMapped": true, 
            "cName": "处所", 
            "isCore": false, 
            "def": "责任人承担指定责任的地点。"
        }, 
        {
            "abbrName": "purp", 
            "eName": "Purpose", 
            "isMapped": true, 
            "cName": "目的", 
            "isCore": false, 
            "def": "承诺人希望通过规定义务来实现的事态。"
        }, 
        {
            "abbrName": "time", 
            "eName": "Time", 
            "isMapped": true, 
            "cName": "时间", 
            "isCore": false, 
            "def": "由承诺人或形势赋予责任人责任的时间。"
        }
    ]
}