{
    "fdInfo": {
        "eName": "Accuracy", 
        "cName": "准确性", 
        "des": "致动者参于一项活动，该活动的成功程度依赖于与某套连续性变量或连续多个变量（如：数量，方位，时间）的值相匹配的行为参数。致动者，有时通过转喻用工具或方法行为代指，以活动中地点、时间或数量与预期事件所必需的地点、时间或数量之间的实际或预期值的偏差来描述。"
    }, 
    "frameId": 462, 
    "lexElmt": [
        {
            "word": "精密", 
            "POS": "a"
        }, 
        {
            "word": "精确", 
            "POS": "a"
        }, 
        {
            "word": "精准", 
            "POS": "a"
        }, 
        {
            "word": "偏差", 
            "POS": "n"
        }, 
        {
            "word": "偏离", 
            "POS": "v"
        }, 
        {
            "word": "偏误", 
            "POS": "n"
        }, 
        {
            "word": "偏移", 
            "POS": "v"
        }, 
        {
            "word": "吻合", 
            "POS": "a"
        }, 
        {
            "word": "误差", 
            "POS": "n"
        }, 
        {
            "word": "误判", 
            "POS": "v"
        }, 
        {
            "word": "误杀", 
            "POS": "v"
        }, 
        {
            "word": "误伤", 
            "POS": "v"
        }, 
        {
            "word": "误诊", 
            "POS": "v"
        }, 
        {
            "word": "准", 
            "POS": "a"
        }, 
        {
            "word": "准确", 
            "POS": "a"
        }
    ], 
    "element": [
        {
            "abbrName": "agt", 
            "eName": "Agent", 
            "isMapped": true, 
            "cName": "施动者", 
            "isCore": true, 
            "def": "试图与目标发生相互作用的个体。"
        }, 
        {
            "abbrName": "degr", 
            "eName": "Degree", 
            "isMapped": true, 
            "cName": "程度", 
            "isCore": true, 
            "def": "预期值或工具测量的实际值与目标值对应的程度。"
        }, 
        {
            "abbrName": "devi", 
            "eName": "Deviation", 
            "isMapped": true, 
            "cName": "偏差", 
            "isCore": true, 
            "def": "预期值或实际值与目标值的偏差。"
        }, 
        {
            "abbrName": "intru", 
            "eName": "Instrument", 
            "isMapped": true, 
            "cName": "工具", 
            "isCore": true, 
            "def": "为了与目标发生作用，致动者所操纵的物体。"
        }, 
        {
            "abbrName": "mns", 
            "eName": "Means", 
            "isMapped": true, 
            "cName": "方法", 
            "isCore": true, 
            "def": "该框架元素表示致动者试图达到目标值采用的方法。"
        }, 
        {
            "abbrName": "circ", 
            "eName": "Circumstances", 
            "isMapped": true, 
            "cName": "环境条件", 
            "isCore": false, 
            "def": "环境条件是指明显独立于事件本身和任何事件参与者的（在特定的时间和地点）自然世界状态"
        }, 
        {
            "abbrName": "dom", 
            "eName": "Domain", 
            "isMapped": true, 
            "cName": "领域", 
            "isCore": false, 
            "def": "某物准确所处的特定方面或领域。"
        }, 
        {
            "abbrName": "freq", 
            "eName": "Frequency", 
            "isMapped": true, 
            "cName": "频率", 
            "isCore": false, 
            "def": "致动者、方法或工具准确的频率。"
        }, 
        {
            "abbrName": "outcome", 
            "eName": "Outcome", 
            "isMapped": true, 
            "cName": "成败", 
            "isCore": false, 
            "def": "成败是指该框架词元在尝试交互方面的成败"
        }, 
        {
            "abbrName": "place", 
            "eName": "Place", 
            "isMapped": true, 
            "cName": "处所", 
            "isCore": false, 
            "def": "致动者成功或未能与目标交互的地点。"
        }, 
        {
            "abbrName": "target", 
            "eName": "Target", 
            "isMapped": true, 
            "cName": "目标体", 
            "isCore": false, 
            "def": "目标是致动者通过某行动试图与之匹配的实体。"
        }, 
        {
            "abbrName": "targ_value", 
            "eName": "Target_value", 
            "isMapped": true, 
            "cName": "目标值", 
            "isCore": false, 
            "def": "与致动者的意图相匹配的值或参数值。"
        }, 
        {
            "abbrName": "time", 
            "eName": "Time", 
            "isMapped": true, 
            "cName": "时间", 
            "isCore": false, 
            "def": "该框架元素某物匹配或不匹配的时间。"
        }
    ]
}