{
    "fdInfo": {
        "eName": "State", 
        "cName": "状态", 
        "des": "实体持续处于某种稳定情形称为状态。"
    }, 
    "frameId": 287, 
    "lexElmt": [
        {
            "word": "是", 
            "POS": "v"
        }, 
        {
            "word": "为", 
            "POS": "v"
        }, 
        {
            "word": "系", 
            "POS": "v"
        }
    ], 
    "element": [
        {
            "abbrName": "ent", 
            "eName": "Entity", 
            "isMapped": true, 
            "cName": "实体", 
            "isCore": true, 
            "def": "具体或抽象的实体"
        }, 
        {
            "abbrName": "state", 
            "eName": "State", 
            "isMapped": true, 
            "cName": "状态", 
            "isCore": false, 
            "def": "实体所处的状态。"
        }
    ]
}