{
    "fdInfo": {
        "eName": "Protecting", 
        "cName": "保护", 
        "des": "某项保护可以阻止某一危险危害到某个价值体。"
    }, 
    "frameId": 377, 
    "lexElmt": [
        {
            "word": "爱护", 
            "POS": "v"
        }, 
        {
            "word": "保安", 
            "POS": "v"
        }, 
        {
            "word": "保不住", 
            "POS": "v"
        }, 
        {
            "word": "保护", 
            "POS": "v"
        }, 
        {
            "word": "保护国", 
            "POS": "n"
        }, 
        {
            "word": "保护价", 
            "POS": "n"
        }, 
        {
            "word": "保护伞", 
            "POS": "n"
        }, 
        {
            "word": "保家卫国", 
            "POS": "i"
        }, 
        {
            "word": "保驾", 
            "POS": "v"
        }, 
        {
            "word": "保健操", 
            "POS": "n"
        }, 
        {
            "word": "保苗", 
            "POS": "v"
        }, 
        {
            "word": "保胎", 
            "POS": "v"
        }, 
        {
            "word": "保卫", 
            "POS": "v"
        }, 
        {
            "word": "保养", 
            "POS": "v"
        }, 
        {
            "word": "保佑", 
            "POS": "v"
        }, 
        {
            "word": "保障", 
            "POS": "v"
        }, 
        {
            "word": "保重", 
            "POS": "v"
        }, 
        {
            "word": "防护", 
            "POS": "v"
        }, 
        {
            "word": "防护物", 
            "POS": "n"
        }, 
        {
            "word": "防卫", 
            "POS": "v"
        }, 
        {
            "word": "护", 
            "POS": "v"
        }, 
        {
            "word": "护岸", 
            "POS": "n"
        }, 
        {
            "word": "护壁", 
            "POS": "n"
        }, 
        {
            "word": "护兵", 
            "POS": "n"
        }, 
        {
            "word": "护城河", 
            "POS": "n"
        }, 
        {
            "word": "护持", 
            "POS": "v"
        }, 
        {
            "word": "护从", 
            "POS": "n"
        }, 
        {
            "word": "护耳", 
            "POS": "n"
        }, 
        {
            "word": "护法", 
            "POS": "v"
        }, 
        {
            "word": "护封", 
            "POS": "n"
        }, 
        {
            "word": "护航", 
            "POS": "v"
        }, 
        {
            "word": "护送", 
            "POS": "v"
        }, 
        {
            "word": "护腿", 
            "POS": "n"
        }, 
        {
            "word": "护腕", 
            "POS": "n"
        }, 
        {
            "word": "护卫", 
            "POS": "n"
        }, 
        {
            "word": "护卫", 
            "POS": "v"
        }, 
        {
            "word": "护卫舰", 
            "POS": "n"
        }, 
        {
            "word": "护卫艇", 
            "POS": "n"
        }, 
        {
            "word": "护膝", 
            "POS": "n"
        }, 
        {
            "word": "护养", 
            "POS": "v"
        }, 
        {
            "word": "护腰", 
            "POS": "n"
        }, 
        {
            "word": "护佑", 
            "POS": "v"
        }, 
        {
            "word": "护渔", 
            "POS": "v"
        }
    ], 
    "element": [
        {
            "abbrName": "asset", 
            "eName": "Asset", 
            "isMapped": true, 
            "cName": "价值体", 
            "isCore": true, 
            "def": "某个想通过保护而拥有的或与其直接相关的东西，它可能会丢失或遭受破坏。"
        }, 
        {
            "abbrName": "danger", 
            "eName": "Danger", 
            "isMapped": true, 
            "cName": "危险", 
            "isCore": true, 
            "def": "某种可能危害价值体的状况。"
        }, 
        {
            "abbrName": "protec", 
            "eName": "Protection", 
            "isMapped": true, 
            "cName": "保护源", 
            "isCore": true, 
            "def": "保护价值体免于受损的某个人、实体或行为。"
        }, 
        {
            "abbrName": "benef", 
            "eName": "Beneficiary", 
            "isMapped": true, 
            "cName": "受益人", 
            "isCore": false, 
            "def": "这个属于外部题元的框架元素指的是从保护事件中获益的参与者。"
        }, 
        {
            "abbrName": "degr", 
            "eName": "Degree", 
            "isMapped": true, 
            "cName": "程度", 
            "isCore": false, 
            "def": "该框架元素选取的是一些可分级的属性，并对其预期值进行修正。"
        }, 
        {
            "abbrName": "depic", 
            "eName": "Depictive", 
            "isMapped": true, 
            "cName": "形容", 
            "isCore": false, 
            "def": "该框架元素描述与目标词有关的事件参与者所处的状态。"
        }, 
        {
            "abbrName": "desc", 
            "eName": "Descriptor", 
            "isMapped": true, 
            "cName": "描述语", 
            "isCore": false, 
            "def": "对保护的描述或其特征。"
        }, 
        {
            "abbrName": "dura", 
            "eName": "Duration", 
            "isMapped": true, 
            "cName": "时量", 
            "isCore": false, 
            "def": "价值体保护的时间长度。"
        }, 
        {
            "abbrName": "eve_desc", 
            "eName": "Event_description", 
            "isMapped": true, 
            "cName": "事件评价", 
            "isCore": false, 
            "def": "该框架元素指的是对保护事件进行整体描述的语言成分，如对事件进行评估，尤其是对其预期性进行判断。评估需要对事件进行客观描述，该框架元素还可以指作为另一个框架角色填充项的描述保护事件的语言成分。"
        }, 
        {
            "abbrName": "expla", 
            "eName": "Explanation", 
            "isMapped": true, 
            "cName": "解释", 
            "isCore": false, 
            "def": "解释指的是一个命题, 由该命题可推断出保护行为。"
        }, 
        {
            "abbrName": "instru", 
            "eName": "Instrument", 
            "isMapped": true, 
            "cName": "工具", 
            "isCore": false, 
            "def": "由有意志的施动者在保护行为中使用的实体，该实体与保护体验者相互作用，以便保护价值体的安全，使其免遭危险。"
        }, 
        {
            "abbrName": "manr", 
            "eName": "Manner", 
            "isMapped": true, 
            "cName": "方式", 
            "isCore": false, 
            "def": "无法归类为其他框架元素的，有关保护事件（或状态）的描述，包括力度(坚硬的、轻柔地)，次级效应(安静地，大声地)，以及对事件进行比较时的概括性描述(以相同的方式)。在施事性的保护中，它可能指影响保护行为的施动者的显著特点(谨慎地)。"
        }, 
        {
            "abbrName": "mns", 
            "eName": "Means", 
            "isMapped": true, 
            "cName": "方法", 
            "isCore": false, 
            "def": "包括保护事件在内的某个更大的事件，该事件会使价值体免遭危险的潜在危害。"
        }, 
        {
            "abbrName": "place", 
            "eName": "Place", 
            "isMapped": true, 
            "cName": "处所", 
            "isCore": false, 
            "def": "危险对价值体构成威胁的空间场所。"
        }, 
        {
            "abbrName": "time", 
            "eName": "Time", 
            "isMapped": true, 
            "cName": "时间", 
            "isCore": false, 
            "def": "危险构成威胁的时间。"
        }
    ]
}