{
    "fdInfo": {
        "eName": "Success_or_failure", 
        "cName": "成败", 
        "des": "某施动者试图去实现某个目标，施动者的行为已经呈现出实际结果，该结果要么符合施动者的意图（如：成功），或是不符合施动者的意图（如：失败）。"
    }, 
    "frameId": 378, 
    "lexElmt": [
        {
            "word": "败", 
            "POS": "v"
        }, 
        {
            "word": "败北", 
            "POS": "v"
        }, 
        {
            "word": "败笔", 
            "POS": "n"
        }, 
        {
            "word": "败兵", 
            "POS": "n"
        }, 
        {
            "word": "败果", 
            "POS": "n"
        }, 
        {
            "word": "败绩", 
            "POS": "n"
        }, 
        {
            "word": "败绩", 
            "POS": "v"
        }, 
        {
            "word": "败将", 
            "POS": "n"
        }, 
        {
            "word": "败局", 
            "POS": "n"
        }, 
        {
            "word": "败军", 
            "POS": "n"
        }, 
        {
            "word": "败军", 
            "POS": "v"
        }, 
        {
            "word": "败诉", 
            "POS": "v"
        }, 
        {
            "word": "败退", 
            "POS": "v"
        }, 
        {
            "word": "败亡", 
            "POS": "v"
        }, 
        {
            "word": "败象", 
            "POS": "n"
        }, 
        {
            "word": "败仗", 
            "POS": "n"
        }, 
        {
            "word": "败阵", 
            "POS": "v"
        }, 
        {
            "word": "败走", 
            "POS": "v"
        }, 
        {
            "word": "成", 
            "POS": "v"
        }, 
        {
            "word": "成败", 
            "POS": "n"
        }, 
        {
            "word": "成功", 
            "POS": "v"
        }, 
        {
            "word": "成事", 
            "POS": "v"
        }, 
        {
            "word": "打败", 
            "POS": "v"
        }, 
        {
            "word": "得逞", 
            "POS": "v"
        }, 
        {
            "word": "得计", 
            "POS": "v"
        }, 
        {
            "word": "得胜", 
            "POS": "v"
        }, 
        {
            "word": "得失", 
            "POS": "n"
        }, 
        {
            "word": "胜", 
            "POS": "v"
        }, 
        {
            "word": "胜败", 
            "POS": "n"
        }, 
        {
            "word": "胜出", 
            "POS": "v"
        }, 
        {
            "word": "胜负", 
            "POS": "n"
        }, 
        {
            "word": "胜果", 
            "POS": "n"
        }, 
        {
            "word": "胜绩", 
            "POS": "n"
        }, 
        {
            "word": "胜局", 
            "POS": "n"
        }, 
        {
            "word": "胜利果实", 
            "POS": "i"
        }, 
        {
            "word": "胜诉", 
            "POS": "v"
        }, 
        {
            "word": "胜仗", 
            "POS": "n"
        }, 
        {
            "word": "失败", 
            "POS": "v"
        }, 
        {
            "word": "失败", 
            "POS": "a"
        }, 
        {
            "word": "失策", 
            "POS": "v"
        }, 
        {
            "word": "失利", 
            "POS": "v"
        }, 
        {
            "word": "失守", 
            "POS": "v"
        }, 
        {
            "word": "失算", 
            "POS": "v"
        }, 
        {
            "word": "失陷", 
            "POS": "v"
        }, 
        {
            "word": "战胜", 
            "POS": "v"
        }
    ], 
    "element": [
        {
            "abbrName": "agt", 
            "eName": "Agent", 
            "isMapped": true, 
            "cName": "施动者", 
            "isCore": true, 
            "def": "施动者尝试去实现一个目标。"
        }, 
        {
            "abbrName": "gl", 
            "eName": "Goal", 
            "isMapped": true, 
            "cName": "目标", 
            "isCore": false, 
            "def": "目标是施动者试图去实现的。"
        }, 
        {
            "abbrName": "role", 
            "eName": "Role", 
            "isMapped": true, 
            "cName": "身份", 
            "isCore": false, 
            "def": "在某个事件中或某类事件中起作用的参与者。"
        }, 
        {
            "abbrName": "circ", 
            "eName": "Circumstances", 
            "isMapped": true, 
            "cName": "环境条件", 
            "isCore": false, 
            "def": "该框架元素适用于那些能表明某事件基本物质条件或某些同时发生的事态的表达。"
        }, 
        {
            "abbrName": "contain_even", 
            "eName": "Containing_event", 
            "isMapped": true, 
            "cName": "背景事件", 
            "isCore": false, 
            "def": "该框架元素指的是某个事件或某种事态，该事件或事态发生的时间涵盖了与目标词相关的事件成功或失败的时间，并且成败被当作该事件或事态的一部分。"
        }, 
        {
            "abbrName": "degr", 
            "eName": "Degree", 
            "isMapped": true, 
            "cName": "程度", 
            "isCore": false, 
            "def": "该框架元素表明的是成败的程度。"
        }, 
        {
            "abbrName": "depic", 
            "eName": "Depictive", 
            "isMapped": true, 
            "cName": "形容", 
            "isCore": false, 
            "def": "形容是对施动者进行的描述。"
        }, 
        {
            "abbrName": "expla", 
            "eName": "Explanation", 
            "isMapped": true, 
            "cName": "解释", 
            "isCore": false, 
            "def": "解释是指能合理推理出成败事件的某一命题。这经常意味着该解释导致了成败事件，但并非所有情况都是如此。"
        }, 
        {
            "abbrName": "mns", 
            "eName": "Means", 
            "isMapped": true, 
            "cName": "方法", 
            "isCore": false, 
            "def": "该框架元素表明了实现目标（无论实现与否）所采用的方法。"
        }, 
        {
            "abbrName": "place", 
            "eName": "Place", 
            "isMapped": true, 
            "cName": "处所", 
            "isCore": false, 
            "def": "努力成功或失败的空间个场所。"
        }, 
        {
            "abbrName": "re-e", 
            "eName": "Re-encoding", 
            "isMapped": true, 
            "cName": "重编码词", 
            "isCore": false, 
            "def": "重编码词表明指成败事件是其他更大的概念框架的不可或缺的组成部分。", 
            "def_eng": "Re-encoding presents the success or failure event as an integral part of a larger conceptualization expressed by another frame."
        }, 
        {
            "abbrName": "time", 
            "eName": "Time", 
            "isMapped": true, 
            "cName": "时间", 
            "isCore": false, 
            "def": "该框架元素表明了成败的时间。"
        }
    ]
}