{
    "fdInfo": {
        "eName": "Objective_influence", 
        "cName": "客观影响", 
        "des": "一个施加影响的变量（施影响变量），施加影响的状态（施影响状态），或者一个施加影响的实体（施影响实体），对一个受影响的实体（受影响实体），受影响的变量（受影响变量）或者一个受影响的状态（受影响状态）产生影响。"
    }, 
    "frameId": 65, 
    "lexElmt": [
        {
            "word": "影响", 
            "POS": "n"
        }, 
        {
            "word": "影响", 
            "POS": "v"
        }
    ], 
    "element": [
        {
            "abbrName": "dep_e", 
            "eName": "Dependent_entity", 
            "isMapped": true, 
            "cName": "受影响实体", 
            "isCore": true, 
            "def": "一个实体（通常是一个物体）在其行为中受到一个施影响实体或者施影响状态的影响。"
        }, 
        {
            "abbrName": "dep_s", 
            "eName": "Dependent_situation", 
            "isMapped": true, 
            "cName": "受影响状态", 
            "isCore": false, 
            "def": "一个状态的时间特征或其他特征受到一个施影响实体、施影响状态或者施影响变量的影响。"
        }, 
        {
            "abbrName": "dep_v", 
            "eName": "Dependent_variable", 
            "isMapped": true, 
            "cName": "受影响变量", 
            "isCore": false, 
            "def": "该元素表示一种量变，其值取决于施影响实体、施影响变量或施影响状态的影响。"
        }, 
        {
            "abbrName": "inf_e", 
            "eName": "Influencing_entity", 
            "isMapped": true, 
            "cName": "施影响实体", 
            "isCore": true, 
            "def": "包括事物和人，其行为对受影响状态、受影响变量或受影响实体产生影响。"
        }, 
        {
            "abbrName": "inf_s", 
            "eName": "Influencing_situation", 
            "isMapped": true, 
            "cName": "施影响状态", 
            "isCore": false, 
            "def": "对受影响实体、受影响状态、受影响变量施加影响的实体状态。"
        }, 
        {
            "abbrName": "inf_v", 
            "eName": "Influencing_variable", 
            "isMapped": true, 
            "cName": "施影响变量", 
            "isCore": false, 
            "def": "表示没有固定值的变量。"
        }, 
        {
            "abbrName": "degr", 
            "eName": "Degree", 
            "isMapped": true, 
            "cName": "程度", 
            "isCore": false, 
            "def": "施影响实体影响受影响实体的程度。"
        }, 
        {
            "abbrName": "tim", 
            "eName": "Time", 
            "isMapped": true, 
            "cName": "时间", 
            "isCore": false, 
            "def": "The Time at which the influence occurs."
        }, 
        {
            "abbrName": "pla", 
            "eName": "Place", 
            "isMapped": true, 
            "cName": "处所", 
            "isCore": false, 
            "def": "The location at which the influencing occurs."
        }, 
        {
            "abbrName": "man", 
            "eName": "Manner", 
            "isMapped": true, 
            "cName": "方式", 
            "isCore": false, 
            "def": "Any description of the event which is not covered by more specific FEs, including force (hard, softly), secondary effects (quietly, loudly), and general descriptions comparing events (the same way). It may also indicate salient characteristics of an Influencing_entity that also affect the action (presumptuously, coldly, deliberately, eagerly, carefully). "
        }, 
        {
            "abbrName": null, 
            "eName": "Circumstances", 
            "isMapped": true, 
            "cName": "环境条件", 
            "isCore": false, 
            "def": "Circumstances describe the state of the world (at a particular time and place) which is specifically independent of the event itself and any of its participants. "
        }, 
        {
            "abbrName": "des", 
            "eName": "Descriptor", 
            "isMapped": true, 
            "cName": "描述语", 
            "isCore": false, 
            "def": "A Descriptor gives additional information about the influence. It may be affecting, as with 'positive impact on GDP'; or not, as in 'potential (or possible) influence of SSRIs on metabolism'. Descriptors are typically adjective phrases.\nMany illicit substances can have a strong, negative impact on the body."
        }
    ]
}