{
    "fdInfo": {
        "eName": "Grasp", 
        "cName": "理解", 
        "des": "一个认知者掌握了一个概念或者一个对象的工作原理、作用或含义，并能够预测其发展趋向。其中被认识的概念或对象称为现象，现象也可以归入更大的知识结构，称为范畴；如果认知者只知道关于现象的一部分知识，就用完整性元素表示知道多少关于现象的知识。注意，知识既可以通过教育指导获得，也可以通过认知者亲自实验、观察，或分析来获得。和[知道]相比，[理解]的宾语通常是认识活动的对象，即现象，而不是大脑中的一个条内容，[知道]的宾语通常是大脑中的一条内容，二者对框架元素突显的情况不同。"
    }, 
    "frameId": 68, 
    "lexElmt": [
        {
            "word": "博贯", 
            "POS": "v"
        }, 
        {
            "word": "不得要领", 
            "POS": "i"
        }, 
        {
            "word": "不解", 
            "POS": "v"
        }, 
        {
            "word": "不可理喻", 
            "POS": "i"
        }, 
        {
            "word": "不甚了了", 
            "POS": "i"
        }, 
        {
            "word": "大惑不解", 
            "POS": "i"
        }, 
        {
            "word": "懂", 
            "POS": "v"
        }, 
        {
            "word": "懂得", 
            "POS": "v"
        }, 
        {
            "word": "洞彻", 
            "POS": "v"
        }, 
        {
            "word": "洞达", 
            "POS": "v"
        }, 
        {
            "word": "洞悉", 
            "POS": "v"
        }, 
        {
            "word": "洞晓", 
            "POS": "v"
        }, 
        {
            "word": "顿开茅塞", 
            "POS": "i"
        }, 
        {
            "word": "该贯", 
            "POS": "v"
        }, 
        {
            "word": "隔行如隔山", 
            "POS": "i"
        }, 
        {
            "word": "贯", 
            "POS": "v"
        }, 
        {
            "word": "贯通", 
            "POS": "v"
        }, 
        {
            "word": "会通", 
            "POS": "v"
        }, 
        {
            "word": "会意", 
            "POS": "v"
        }, 
        {
            "word": "豁然贯通", 
            "POS": "i"
        }, 
        {
            "word": "豁然开朗", 
            "POS": "i"
        }, 
        {
            "word": "精通", 
            "POS": "v"
        }, 
        {
            "word": "理会", 
            "POS": "v"
        }, 
        {
            "word": "理解", 
            "POS": "v"
        }, 
        {
            "word": "了了", 
            "POS": "a"
        }, 
        {
            "word": "领会", 
            "POS": "v"
        }, 
        {
            "word": "领略", 
            "POS": "v"
        }, 
        {
            "word": "领悟", 
            "POS": "v"
        }, 
        {
            "word": "茫然不解", 
            "POS": "i"
        }, 
        {
            "word": "茅塞顿开", 
            "POS": "i"
        }, 
        {
            "word": "明白", 
            "POS": "v"
        }, 
        {
            "word": "明了", 
            "POS": "v"
        }, 
        {
            "word": "清楚", 
            "POS": "v"
        }, 
        {
            "word": "深通", 
            "POS": "v"
        }, 
        {
            "word": "通", 
            "POS": "v"
        }, 
        {
            "word": "通解", 
            "POS": "v"
        }, 
        {
            "word": "通晓", 
            "POS": "v"
        }, 
        {
            "word": "雾里看花", 
            "POS": "i"
        }, 
        {
            "word": "晓畅", 
            "POS": "v"
        }, 
        {
            "word": "心领神会", 
            "POS": "i"
        }, 
        {
            "word": "心有灵犀一点通", 
            "POS": "i"
        }, 
        {
            "word": "心照不宣", 
            "POS": "i"
        }, 
        {
            "word": "学会", 
            "POS": "v"
        }, 
        {
            "word": "意会", 
            "POS": "v"
        }, 
        {
            "word": "掌握", 
            "POS": "v"
        }, 
        {
            "word": "抓住", 
            "POS": "v"
        }
    ], 
    "element": [
        {
            "abbrName": "cog", 
            "eName": "Cognizer", 
            "isMapped": true, 
            "cName": "认知者", 
            "isCore": true, 
            "def": "认知者即获得新知识的有意识的主体。 "
        }, 
        {
            "abbrName": "phen", 
            "eName": "Phenomenon", 
            "isMapped": true, 
            "cName": "现象", 
            "isCore": true, 
            "def": "现象即一个事物状态或一个动态系统，认知者掌握其内部构成和运行规律，储存到自己的知识结构中。"
        }, 
        {
            "abbrName": "cont", 
            "eName": null, 
            "isMapped": false, 
            "cName": "内容", 
            "isCore": false, 
            "def": "认知者对现象的认识结果。"
        }, 
        {
            "abbrName": "fac", 
            "eName": "Faculty", 
            "isMapped": true, 
            "cName": "身体部位", 
            "isCore": true, 
            "def": "所谓的用来陈述获取知识的感知器官或器官功能，其实不一定符合生理事实。",
            "def_eng": "A part  of a person's cognitive-emotional faculties that is said to acquire knowledge.\n\nMy heart grasped that reality immediately.\nMan has understood something only when he has grasped it with his heart"
        }, 
        {
            "abbrName": "categ", 
            "eName": "Category", 
            "isMapped": true, 
            "cName": "范畴", 
            "isCore": false, 
            "def": "现象在认知者的认识系统中所属的类型称为范畴，它能帮助人们推测现象的性质、趋向和变化。和\"参照物\"元素不同，现象和范畴之间有概念上的所属关系，这种关系是客观存在的，不是认知者在大脑中临时创造的联系。"
        }, 
        {
            "abbrName": "compl", 
            "eName": "Completeness", 
            "isMapped": true, 
            "cName": "完整性", 
            "isCore": false, 
            "def": "表示认知者在多大程度上把现象的运行规律和作用纳入到了他们的知识结构中。 "
        }, 
        {
            "abbrName": "evid", 
            "eName": "Evidence", 
            "isMapped": true, 
            "cName": "根据", 
            "isCore": false, 
            "def": "根据表明认知者的知识来源，认知者把新知识和其他事物相关联，或者和大脑中的已有的一个概念或范围相关联，从而达到理解。"
        }, 
        {
            "abbrName": "manr", 
            "eName": "Manner", 
            "isMapped": true, 
            "cName": "方式", 
            "isCore": false, 
            "def": "包括表示主观认识的修饰语（可能，大概，不可思议），一般的表示事件类比的成分（同样），表示认知者获得新知识的容易程度的词语（readlily, easily容易地），等等，只要是对事件的描述，而又不属于其他具体框架元素的，都归入修饰元素。"
        }, 
        {
            "abbrName": "time", 
            "eName": "Time", 
            "isMapped": true, 
            "cName": "时间", 
            "isCore": false, 
            "def": "该元素表示认知者在什么时候吸收了新知识。"
        }, 
        {
            "abbrName": "role", 
            "eName": "Role", 
            "isMapped": false, 
            "cName": "身份", 
            "isCore": false, 
            "def": "表示认知者的身份。"
        }, 
        {
            "abbrName": "degr", 
            "eName": "Degree", 
            "isMapped": false, 
            "cName": "程度", 
            "isCore": false, 
            "def": "修饰目标动词的程度副词，如\"最\"、\"非常\"、\"很\"等。"
        }, 
        {
            "abbrName": null, 
            "eName": "Reference_point", 
            "isMapped": true, 
            "cName": "参考点", 
            "isCore": false, 
            "def": "A mental concept or domain  to which the Cognizer relates their new knowledge.\n\nUnless one posits an inherent human tendency to comprehend the world in binary terms, one has to look for more sociological explanations."
        }, 
        {
            "abbrName": "con", 
            "eName": "Concessive", 
            "isMapped": true, 
            "cName": "让步转折后事态", 
            "isCore": false, 
            "def": "This FE signifies that the state of affairs expressed by the main clause (containing the target) occurs or holds, and something other than that state of affairs would be expected given the state of affairs in the concessive clause. "
        }
    ]
}
