{
    "fdInfo": {
        "eName": "Want_suspect", 
        "cName": "通缉犯罪嫌疑人", 
        "des": "犯罪嫌疑人因为犯罪而应该被逮捕，但在逃，公安机关发布通缉令通缉犯罪嫌疑人。"
    }, 
    "frameId": 302, 
    "lexElmt": [
        {
            "word": "缉拿", 
            "POS": "v"
        }
    ], 
    "element": [
        {
            "abbrName": "suspect", 
            "eName": "Suspect", 
            "isMapped": true, 
            "cName": "嫌疑人", 
            "isCore": true, 
            "def": "犯罪嫌疑人指因犯罪被官方通缉的人。"
        }, 
        {
            "abbrName": "auth", 
            "eName": "Authorities", 
            "isMapped": false, 
            "cName": "官方", 
            "isCore": false, 
            "def": "官方指有权发布通缉令的机构，一般指公安机关。"
        }, 
        {
            "abbrName": "chrgs", 
            "eName": "Charges", 
            "isMapped": true, 
            "cName": "指控", 
            "isCore": false, 
            "def": "指控罪名指犯罪嫌疑人被指控的罪名。"
        }, 
        {
            "abbrName": null, 
            "eName": "Degree", 
            "isMapped": true, 
            "cName": "程度", 
            "isCore": false, 
            "def": "This frame element selects some gradable attribute and modifies the expected value for it."
        }
    ]
}