{
    "fdInfo": {
        "eName": "Legality", 
        "cName": "合法", 
        "des": "为法律所保护或所容认的权利和行为，在法律领域，其经常以被非法行为所侵害的形式出现。"
    }, 
    "frameId": 255, 
    "lexElmt": [], 
    "element": [
        {
            "abbrName": "action", 
            "eName": "Action", 
            "isMapped": true, 
            "cName": "行为", 
            "isCore": true, 
            "def": "为法律所认可的行为或为法律所禁止，对合法权益造成侵害的行为。"
        }, 
        {
            "abbrName": "obj", 
            "eName": "Object", 
            "isMapped": true, 
            "cName": "对象", 
            "isCore": true, 
            "def": "行为所针对的人或物。"
        }, 
        {
            "abbrName": "code", 
            "eName": "Code", 
            "isMapped": true, 
            "cName": "法规", 
            "isCore": false, 
            "def": "据以认定行为是否合法的一系列的规则，法律"
        }, 
        {
            "abbrName": null, 
            "eName": "Explanation", 
            "isMapped": true, 
            "cName": "解释", 
            "isCore": false, 
            "def": "The Explanation denotes a proposition from which the main clause (headed by the target) logically follows. "
        }
    ]
}
