{
    "fdInfo": {
        "eName": "Placing", 
        "cName": "放置", 
        "des": "通常，不包含全部动作，致动者把客体放在某处，即某个范围的终点。在该框架中，客体由致动者控制/是它抵达终点时的致因。"
    }, 
    "frameId": 46, 
    "lexElmt": [
        {
            "word": "安放", 
            "POS": "v"
        }, 
        {
            "word": "安排", 
            "POS": "v"
        }, 
        {
            "word": "安置", 
            "POS": "v"
        }, 
        {
            "word": "摆", 
            "POS": "v"
        }, 
        {
            "word": "摆放", 
            "POS": "v"
        }, 
        {
            "word": "摆列", 
            "POS": "v"
        }, 
        {
            "word": "摆设", 
            "POS": "v"
        }, 
        {
            "word": "包", 
            "POS": "v"
        }, 
        {
            "word": "包装", 
            "POS": "v"
        }, 
        {
            "word": "播种", 
            "POS": "v"
        }, 
        {
            "word": "擦", 
            "POS": "v"
        }, 
        {
            "word": "插", 
            "POS": "v"
        }, 
        {
            "word": "插入", 
            "POS": "v"
        }, 
        {
            "word": "储藏", 
            "POS": "v"
        }, 
        {
            "word": "处于", 
            "POS": "v"
        }, 
        {
            "word": "存档", 
            "POS": "n"
        }, 
        {
            "word": "存档", 
            "POS": "v"
        }, 
        {
            "word": "存放", 
            "POS": "v"
        }, 
        {
            "word": "打包", 
            "POS": "v"
        }, 
        {
            "word": "掸去", 
            "POS": "v"
        }, 
        {
            "word": "堆放", 
            "POS": "v"
        }, 
        {
            "word": "放", 
            "POS": "v"
        }, 
        {
            "word": "放置", 
            "POS": "v"
        }, 
        {
            "word": "覆盖", 
            "POS": "v"
        }, 
        {
            "word": "盖", 
            "POS": "v"
        }, 
        {
            "word": "挂", 
            "POS": "v"
        }, 
        {
            "word": "关", 
            "POS": "v"
        }, 
        {
            "word": "罐装", 
            "POS": "v"
        }, 
        {
            "word": "归档", 
            "POS": "v"
        }, 
        {
            "word": "就座", 
            "POS": "v"
        }, 
        {
            "word": "淋", 
            "POS": "v"
        }, 
        {
            "word": "埋入", 
            "POS": "v"
        }, 
        {
            "word": "埋置", 
            "POS": "v"
        }, 
        {
            "word": "抹掉", 
            "POS": "v"
        }, 
        {
            "word": "嵌入", 
            "POS": "v"
        }, 
        {
            "word": "容纳", 
            "POS": "v"
        }, 
        {
            "word": "入库", 
            "POS": "v"
        }, 
        {
            "word": "撒落", 
            "POS": "v"
        }, 
        {
            "word": "塞", 
            "POS": "v"
        }, 
        {
            "word": "塞入", 
            "POS": "v"
        }, 
        {
            "word": "刷", 
            "POS": "v"
        }, 
        {
            "word": "填满", 
            "POS": "v"
        }, 
        {
            "word": "停放", 
            "POS": "v"
        }, 
        {
            "word": "涂抹", 
            "POS": "v"
        }, 
        {
            "word": "涂上", 
            "POS": "v"
        }, 
        {
            "word": "倚靠", 
            "POS": "v"
        }, 
        {
            "word": "隐藏", 
            "POS": "v"
        }, 
        {
            "word": "粘贴", 
            "POS": "v"
        }, 
        {
            "word": "种植", 
            "POS": "v"
        }, 
        {
            "word": "注入", 
            "POS": "v"
        }, 
        {
            "word": "注射", 
            "POS": "v"
        }, 
        {
            "word": "驻扎", 
            "POS": "v"
        }, 
        {
            "word": "装", 
            "POS": "v"
        }, 
        {
            "word": "装箱", 
            "POS": "v"
        }, 
        {
            "word": "装载", 
            "POS": "v"
        }
    ], 
    "element": [
        {
            "abbrName": "agt", 
            "eName": "Agent", 
            "isMapped": true, 
            "cName": "施动者", 
            "isCore": true, 
            "def": "致动者是导致客体移动的人（或其他力量）。"
        }, 
        {
            "abbrName": "cause", 
            "eName": "Cause", 
            "isMapped": true, 
            "cName": "致因", 
            "isCore": true, 
            "def": "引起客体运动的任何事物。"
        }, 
        {
            "abbrName": "goal", 
            "eName": "Goal", 
            "isMapped": true, 
            "cName": "终点", 
            "isCore": true, 
            "def": "终点是客体 最后放置的地方，此框架元素是由此框架中的词语来描绘轮廓的。"
        }, 
        {
            "abbrName": "thm", 
            "eName": "Theme", 
            "isMapped": true, 
            "cName": "转移体", 
            "isCore": true, 
            "def": "客体是放置活动中改变范围的物体。 "
        }, 
        {
            "abbrName": "area", 
            "eName": "Area", 
            "isMapped": true, 
            "cName": "区域", 
            "isCore": false, 
            "def": "客体所放置的范围。"
        }, 
        {
            "abbrName": "thm_c", 
            "eName": "Cotheme", 
            "isMapped": true, 
            "cName": "伴随体", 
            "isCore": false, 
            "def": "这是第二移动物体，表示直接或间接物体。用直接宾语或者间接宾语表示。"
        }, 
        {
            "abbrName": "degr", 
            "eName": "Degree", 
            "isMapped": true, 
            "cName": "程度", 
            "isCore": false, 
            "def": "表示放置发生的程度。"
        }, 
        {
            "abbrName": "depic", 
            "eName": "Depictive", 
            "isMapped": true, 
            "cName": "形容", 
            "isCore": false, 
            "def": "该框架元素指的是所有对放置活动中的致动者或客体进行描述的那些描写性短语。"
        }, 
        {
            "abbrName": "dist", 
            "eName": "Distance", 
            "isMapped": true, 
            "cName": "路程", 
            "isCore": false, 
            "def": "此框架表示的是移动的长度。 "
        }, 
        {
            "abbrName": "dura", 
            "eName": "Duration", 
            "isMapped": true, 
            "cName": "时量", 
            "isCore": false, 
            "def": "持续时间是指客体在终点存在的时间量。 "
        }, 
        {
            "abbrName": "manr", 
            "eName": "Manner", 
            "isMapped": true, 
            "cName": "方式", 
            "isCore": false, 
            "def": "该元素描述的是放置行为的各种特点，但又与客体的移动方式没有直接关系，该元素包括速度、稳定性、仪态、移动的手段等。"
        }, 
        {
            "abbrName": "mns", 
            "eName": "Means", 
            "isMapped": true, 
            "cName": "方法", 
            "isCore": false, 
            "def": "方法指的是致动者凭借什么将客体放置好。"
        }, 
        {
            "abbrName": "path", 
            "eName": "Path", 
            "isMapped": true, 
            "cName": "路径", 
            "isCore": false, 
            "def": "该框架元素描述的是移动的路线，不包含源点和终点，表示路径的语言成分通常含有\"经由\"义。"
        }, 
        {
            "abbrName": "place", 
            "eName": "Place", 
            "isMapped": true, 
            "cName": "处所", 
            "isCore": false, 
            "def": "表示放置发生的地点。"
        }, 
        {
            "abbrName": "purp", 
            "eName": "Purpose", 
            "isMapped": true, 
            "cName": "目的", 
            "isCore": false, 
            "def": "致动者通过放置想完成的目的。 "
        }, 
        {
            "abbrName": "Exp", 
            "eName": "Explanation", 
            "isMapped": true, 
            "cName": "原因", 
            "isCore": false, 
            "def": "表示为什么放置。"
        }, 
        {
            "abbrName": "result", 
            "eName": "Result", 
            "isMapped": true, 
            "cName": "结果", 
            "isCore": false, 
            "def": "表示放置的结果。"
        }, 
        {
            "abbrName": "src", 
            "eName": "Source", 
            "isMapped": true, 
            "cName": "起点", 
            "isCore": false, 
            "def": "源点是客体在到达终点之前的初始场所。"
        }, 
        {
            "abbrName": "spd", 
            "eName": "Speed", 
            "isMapped": true, 
            "cName": "速度", 
            "isCore": false, 
            "def": "放置的速度。"
        }, 
        {
            "abbrName": "time", 
            "eName": "Time", 
            "isMapped": true, 
            "cName": "时间", 
            "isCore": false, 
            "def": "放置发生的时间。"
        }, 
        {
            "abbrName": "bene", 
            "eName": "Beneficiary", 
            "isMapped": false, 
            "cName": "受益者", 
            "isCore": false, 
            "def": "This extrathematic FE applies to participants that derive a benefit from the occurrence of the event specified by the target predicate. Further, the target predicate should involve some sort of Agent that intends that the benefit go to the Beneficiary."
        }
    ]
}