{
    "fdInfo": {
        "eName": "Attempt_means", 
        "cName": "方法尝试", 
        "des": "施动者通过使用某种方法试图实现某个目标。该框架凸显的是方法，它通常作为目标词的宾语出现。"
    }, 
    "frameId": 392, 
    "lexElmt": [
        {
            "word": "尝试", 
            "POS": "v"
        }, 
        {
            "word": "试", 
            "POS": "v"
        }, 
        {
            "word": "试验", 
            "POS": "v"
        }
    ], 
    "element": [
        {
            "abbrName": "agt", 
            "eName": "Agent", 
            "isMapped": true, 
            "cName": "施动者", 
            "isCore": true, 
            "def": "施动者是为达成目标做出努力的人。"
        }, 
        {
            "abbrName": "mns", 
            "eName": "Means", 
            "isMapped": true, 
            "cName": "方法", 
            "isCore": true, 
            "def": "该框架元素指做出尝试时所使用的方法。"
        }, 
        {
            "abbrName": "gl", 
            "eName": "Goal", 
            "isMapped": true, 
            "cName": "目标", 
            "isCore": false, 
            "def": "施动者试图实现的目标。"
        }, 
        {
            "abbrName": "circ", 
            "eName": "Circumstances", 
            "isMapped": true, 
            "cName": "环境条件", 
            "isCore": false, 
            "def": "该框架元素指（某特定时空）的世界状态，该世界状态独立于施动者为实现目标所做出的努力。"
        }, 
        {
            "abbrName": "degr", 
            "eName": "Degree", 
            "isMapped": true, 
            "cName": "程度", 
            "isCore": false, 
            "def": "该框架元素指努力的程度。"
        }, 
        {
            "abbrName": "depic", 
            "eName": "Depictive", 
            "isMapped": true, 
            "cName": "形容", 
            "isCore": false, 
            "def": "形容指对施动者进行描述的用语。"
        }, 
        {
            "abbrName": "dom", 
            "eName": "Domain", 
            "isMapped": true, 
            "cName": "领域", 
            "isCore": false, 
            "def": "注：该框架元素可能不在该框架中。在早期的标注实践中，该框架元素暂时存在于该框架（JGK）。也就是尝试事件所属的范畴领域。"
        }, 
        {
            "abbrName": "dura", 
            "eName": "Duration", 
            "isMapped": true, 
            "cName": "时量", 
            "isCore": false, 
            "def": "做出尝试的时间段。"
        }, 
        {
            "abbrName": "freq", 
            "eName": "Frequency", 
            "isMapped": true, 
            "cName": "频率", 
            "isCore": false, 
            "def": "该框架元素指的是每单位时间内尝试该事件的次数。"
        }, 
        {
            "abbrName": "manr", 
            "eName": "Manner", 
            "isMapped": true, 
            "cName": "方式", 
            "isCore": false, 
            "def": "施动者做出尝试的方式。"
        }, 
        {
            "abbrName": "outcome", 
            "eName": "Outcome", 
            "isMapped": true, 
            "cName": "成败", 
            "isCore": false, 
            "def": "注意：该框架元素可能以不在框架中。在早期的注释中该框架元素暂时存在。（JGK）成败是为实现目标成所做出的努力成功与否。"
        }, 
        {
            "abbrName": "part", 
            "eName": "Particular_iteration", 
            "isMapped": true, 
            "cName": "特定次数", 
            "isCore": false, 
            "def": "标记为该题元外框架元素的表达限定了目标词的非重复性使用，并表明目标词是一系列类似事件或状态之一。此外，大多数标记为特定次数的表达都能暗示出其所指称的是系列事件或事态中的哪一个具体实例。", 
            "def_eng": "Expressions marked with this extra-thematic FE modify a non-iterative use of the target, and indicate that it is conceived as embedded within an iterated series of similar events or states. In addition, most expressions of Particular_iteration indicate which instance of the series is being referred to."
        }, 
        {
            "abbrName": "place", 
            "eName": "Place", 
            "isMapped": true, 
            "cName": "处所", 
            "isCore": false, 
            "def": "做出尝试的空间场所。"
        }, 
        {
            "abbrName": "purp", 
            "eName": "Purpose", 
            "isMapped": true, 
            "cName": "目的", 
            "isCore": false, 
            "def": "施动者尝试实现某目标的原因。"
        }, 
        {
            "abbrName": "time", 
            "eName": "Time", 
            "isMapped": true, 
            "cName": "时间", 
            "isCore": false, 
            "def": "该框架元素指做出尝试的时间。"
        }
    ]
}