{
    "fdInfo": {
        "eName": "Possession", 
        "cName": "拥有", 
        "des": "所有者有（或没有）某种东西（拥有物），拥有物有可能是财产、资金、产权、地产、发明专利等。"
    }, 
    "frameId": 112, 
    "lexElmt": [
        {
            "word": "持有", 
            "POS": "v"
        }, 
        {
            "word": "短缺", 
            "POS": "v"
        }, 
        {
            "word": "短少", 
            "POS": "v"
        }, 
        {
            "word": "具有", 
            "POS": "v"
        }, 
        {
            "word": "没有", 
            "POS": "v"
        }, 
        {
            "word": "欠缺", 
            "POS": "v"
        }, 
        {
            "word": "缺", 
            "POS": "v"
        }, 
        {
            "word": "缺乏", 
            "POS": "v"
        }, 
        {
            "word": "缺少", 
            "POS": "v"
        }, 
        {
            "word": "所有", 
            "POS": "v"
        }, 
        {
            "word": "拥有", 
            "POS": "v"
        }, 
        {
            "word": "有", 
            "POS": "v"
        }, 
        {
            "word": "占有", 
            "POS": "v"
        }, 
        {
            "word": "只有", 
            "POS": "v"
        }, 
        {
            "word": "属于", 
            "POS": "v"
        }
    ], 
    "element": [
        {
            "abbrName": "owner", 
            "eName": "Owner", 
            "isMapped": true, 
            "cName": "物主", 
            "isCore": true, 
            "def": "拥有某物（所有物）的实体。"
        }, 
        {
            "abbrName": "possio", 
            "eName": "Possession", 
            "isMapped": true, 
            "cName": "拥有物", 
            "isCore": true, 
            "def": "所有者拥有的东西。不包括：我有强健的身体。（这里不包括身体器官或医学状况，但却包括知识产权，等。）"
        }, 
        {
            "abbrName": "depic", 
            "eName": "Depictive", 
            "isMapped": true, 
            "cName": "形容", 
            "isCore": false, 
            "def": "对所有者状态的陈述。"
        }, 
        {
            "abbrName": "manr", 
            "eName": "Manner", 
            "isMapped": true, 
            "cName": "方式", 
            "isCore": false, 
            "def": "所有者拥有所有物的方式。 "
        }, 
        {
            "abbrName": "dura", 
            "eName": "Duration", 
            "isMapped": true, 
            "cName": "时长", 
            "isCore": false, 
            "def": "Duration denotes the length of time from the beginning of a continuous situation (the one denoted by the target) to its end. In many cases, the continuous situation is a dynamic action which is ongoing, while in others it is simply an undifferentiated state."
        }, 
        {
            "abbrName": "Tim", 
            "eName": "Time", 
            "isMapped": true, 
            "cName": "时间", 
            "isCore": false, 
            "def": "This FE indicates the Time interval during which the Owner has a possession. "
        }, 
        {
            "abbrName": "exp", 
            "eName": "Explanation", 
            "isMapped": true, 
            "cName": "原因", 
            "isCore": false, 
            "def": "The reason for which the Owner has the Possession."
        }
    ]
}