{
    "fdInfo": {
        "eName": "Importing", 
        "cName": "进口", 
        "des": "进口者从出口地越境把商品转移到进口地。"
    }, 
    "frameId": 242, 
    "lexElmt": [
        {
            "word": "进口", 
            "POS": "v"
        }, 
        {
            "word": "输入", 
            "POS": "v"
        }, 
        {
            "word": "引进", 
            "POS": "v"
        }, 
        {
            "word": "引入", 
            "POS": "v"
        }
    ], 
    "element": [
        {
            "abbrName": "exp_area", 
            "eName": "Exporting_area", 
            "isMapped": true, 
            "cName": "出口地", 
            "isCore": true, 
            "def": "商品出口前所在的地方。"
        }, 
        {
            "abbrName": "goods", 
            "eName": "Goods", 
            "isMapped": true, 
            "cName": "商品", 
            "isCore": true, 
            "def": "即将改变位置具有价值的物品。"
        }, 
        {
            "abbrName": "impr", 
            "eName": "Importer", 
            "isMapped": true, 
            "cName": "进口方", 
            "isCore": true, 
            "def": "把商品进口到进口地的有意识的实体。"
        }, 
        {
            "abbrName": "imp_area", 
            "eName": "Importing_area", 
            "isMapped": true, 
            "cName": "进口地", 
            "isCore": true, 
            "def": "进口地是商品进口终结之地。"
        }, 
        {
            "abbrName": "depic", 
            "eName": "Depictive", 
            "isMapped": true, 
            "cName": "形容", 
            "isCore": false, 
            "def": "进口者在行动过程中的状态。"
        }, 
        {
            "abbrName": "manr", 
            "eName": "Manner", 
            "isMapped": true, 
            "cName": "方式", 
            "isCore": false, 
            "def": "指该框架中未被其他更明确的框架元素所涵盖的任何对进口活动的描述，包括情态、方式等。"
        }, 
        {
            "abbrName": "mns", 
            "eName": "Means", 
            "isMapped": true, 
            "cName": "方法", 
            "isCore": false, 
            "def": "进口者为实施目标行为而采取的有意识的行动。"
        }, 
        {
            "abbrName": "path", 
            "eName": "Path", 
            "isMapped": true, 
            "cName": "路径", 
            "isCore": false, 
            "def": "路径是商品在离开出口地之后到达进口地之前所经过的地方。"
        }, 
        {
            "abbrName": "purp", 
            "eName": "Purpose", 
            "isMapped": true, 
            "cName": "目的", 
            "isCore": false, 
            "def": "进口者进口商品的目的。"
        }, 
        {
            "abbrName": "Expl", 
            "eName": "Explanation", 
            "isMapped": true, 
            "cName": "原因", 
            "isCore": false, 
            "def": "说明进口者进口商品的原因。"
        }, 
        {
            "abbrName": "time", 
            "eName": "Time", 
            "isMapped": true, 
            "cName": "时间", 
            "isCore": false, 
            "def": "进口者进口商品的时间。"
        }, 
        {
            "abbrName": "veh", 
            "eName": "Vehicle", 
            "isMapped": true, 
            "cName": "交通工具", 
            "isCore": false, 
            "def": "进口者把商品从出口地运至进口地所凭借的工具。"
        }, 
        {
            "abbrName": "part", 
            "eName": "Particular_iteration", 
            "isMapped": true, 
            "cName": "特别重复", 
            "isCore": false, 
            "def": "Expressions marked with this extra-thematic FE modify a non-iterative instance of the importing event , and indicate that it is conceived as embedded within an iterated series of similar importing events."
        }, 
        {
            "abbrName": null, 
            "eName": "Frequency", 
            "isMapped": true, 
            "cName": "频率", 
            "isCore": false, 
            "def": "This frame element is defined as the number of times an event occurs per some unit of time."
        }, 
        {
            "abbrName": null, 
            "eName": "Result", 
            "isMapped": true, 
            "cName": "结果", 
            "isCore": false, 
            "def": "The Result is the final state of the Goods when brought into the Importing_area."
        }, 
        {
            "abbrName": null, 
            "eName": "Beneficiary", 
            "isMapped": true, 
            "cName": "受惠者", 
            "isCore": false, 
            "def": "This FE applies to participants who derive a benefit from the occurrence of the act of importation.\n\nThe United States imported protein bars for backpackers and hikers. "
        }
    ]
}