{
    "fdInfo": {
        "eName": "Health_response", 
        "cName": "健康反应", 
        "des": "主体对某一刺激物过敏。刺激物可能会引起主体的某种反应。"
    }, 
    "frameId": 55, 
    "lexElmt": [
        {
            "word": "得病", 
            "POS": "v"
        }, 
        {
            "word": "感冒", 
            "POS": "v"
        }, 
        {
            "word": "感染", 
            "POS": "v"
        }, 
        {
            "word": "过敏", 
            "POS": "v"
        }, 
        {
            "word": "害病", 
            "POS": "v"
        }, 
        {
            "word": "患病", 
            "POS": "v"
        }
    ], 
    "element": [
        {
            "abbrName": "prot", 
            "eName": "Protagonist", 
            "isMapped": true, 
            "cName": "主体", 
            "isCore": true, 
            "def": "在这一框架中，主体是指对刺激物有所反应的实体。"
        }, 
        {
            "abbrName": "trigger", 
            "eName": "Trigger", 
            "isMapped": true, 
            "cName": "刺激物", 
            "isCore": true, 
            "def": "刺激物指在主体身上引发健康反应的物质或元素。"
        }, 
        {
            "abbrName": "bodp", 
            "eName": "Body_part", 
            "isMapped": true, 
            "cName": "身体部位", 
            "isCore": false, 
            "def": "身体部位指对刺激物起反应的身体某一部位。"
        }, 
        {
            "abbrName": "degr", 
            "eName": "Degree", 
            "isMapped": true, 
            "cName": "程度", 
            "isCore": false, 
            "def": "程度是描述健康反应出现的程度。"
        }, 
        {
            "abbrName": "manr", 
            "eName": "Manner", 
            "isMapped": true, 
            "cName": "方式", 
            "isCore": false, 
            "def": "修饰指主体健康反应的方式（或风格），包括表示主观认识的修饰语（大概、不可思议），表示容易程度的词语（容易、难以）。"
        }
    ]
}