{
    "fdInfo": {
        "eName": "Imprisonment", 
        "cName": "监禁", 
        "des": "官方将犯人投入监狱作为对其犯罪的惩罚。"
    }, 
    "frameId": 243, 
    "lexElmt": [], 
    "element": [
        {
            "abbrName": "auth", 
            "eName": "Authorities", 
            "isMapped": true, 
            "cName": "官方", 
            "isCore": true, 
            "def": "官方是执行监禁的机构。"
        }, 
        {
            "abbrName": "judi_org", 
            "eName": "Judicial organ", 
            "isMapped": false, 
            "cName": "司法机关", 
            "isCore": false, 
            "def": "司法机关指有权决定监禁的机关。"
        }, 
        {
            "abbrName": "prisoner", 
            "eName": "Prisoner", 
            "isMapped": true, 
            "cName": "犯人", 
            "isCore": true, 
            "def": "犯人是被监禁在监狱的人。"
        }, 
        {
            "abbrName": "prison", 
            "eName": "Prison", 
            "isMapped": true, 
            "cName": "监狱", 
            "isCore": true, 
            "def": "监狱是关押犯人的地方。"
        }, 
        {
            "abbrName": "convtn", 
            "eName": "Conviction", 
            "isMapped": true, 
            "cName": "定罪", 
            "isCore": false, 
            "def": "描述犯罪行为的法律分类。"
        }, 
        {
            "abbrName": "dura", 
            "eName": "Duration", 
            "isMapped": true, 
            "cName": "时量", 
            "isCore": false, 
            "def": "该框架元素说明官方对犯人的监禁所持续的时间。"
        }, 
        {
            "abbrName": "manr", 
            "eName": "Manner", 
            "isMapped": true, 
            "cName": "方式", 
            "isCore": false, 
            "def": "对监禁事件的描述，由更多的明确的框架元素表述出来。除此之外，它可能也指出了影响官方决定行为的显著特征"
        }, 
        {
            "abbrName": "mns", 
            "eName": "Means", 
            "isMapped": true, 
            "cName": "方法", 
            "isCore": false, 
            "def": "作出监禁的官方进行的故意行为。"
        }, 
        {
            "abbrName": "offense", 
            "eName": "Offense", 
            "isMapped": true, 
            "cName": "罪行", 
            "isCore": false, 
            "def": "犯人实施的并且因此而被惩罚的行为。"
        }, 
        {
            "abbrName": "place", 
            "eName": "Place", 
            "isMapped": true, 
            "cName": "处所", 
            "isCore": false, 
            "def": "该框架元素说明犯人被监禁的地点。"
        }, 
        {
            "abbrName": "purp", 
            "eName": "Purpose", 
            "isMapped": true, 
            "cName": "目的", 
            "isCore": false, 
            "def": "监禁的目的。"
        }, 
        {
            "abbrName": "Exp", 
            "eName": "Explanation", 
            "isMapped": true, 
            "cName": "原因", 
            "isCore": false, 
            "def": "监禁的原因", 
            "def_eng": "The act or state of affairs that the Authorities respond to by imprisoning the Prisoner.\n\n\nThough both of my grandparents were born in Canada and grew up speaking English and never had been to Japan, during the Second World War, the Canadian government imprisoned them because of their Japanese genes."
        }, 
        {
            "abbrName": "time", 
            "eName": "Time", 
            "isMapped": true, 
            "cName": "时间", 
            "isCore": false, 
            "def": "监禁发生的时间."
        }, 
        {
            "abbrName": "Ite", 
            "eName": "Iterations", 
            "isMapped": true, 
            "cName": "次数", 
            "isCore": false, 
            "def": "Iterations marks expressions that indicate the number of times the Prisoner was imprisoned."
        }
    ]
}