{
    "fdInfo": {
        "eName": "Emotion_directed", 
        "cName": "情感反应", 
        "des": "在该框架里的的名词和形容词描述了一个体验者对某个刺激或某个关涉而产生或经历一种情感上的反应。该框架可能涉及到框架元素环境条件和原因。"
    }, 
    "frameId": 219, 
    "lexElmt": [
        {
            "word": "悲哀", 
            "POS": "a"
        }, 
        {
            "word": "不安", 
            "POS": "a"
        }, 
        {
            "word": "惭愧", 
            "POS": "a"
        }, 
        {
            "word": "得意", 
            "POS": "a"
        }, 
        {
            "word": "烦躁不安", 
            "POS": "i"
        }, 
        {
            "word": "愤怒", 
            "POS": "a"
        }, 
        {
            "word": "尴尬", 
            "POS": "a"
        }, 
        {
            "word": "高兴", 
            "POS": "a"
        }, 
        {
            "word": "激动", 
            "POS": "a"
        }, 
        {
            "word": "绝望", 
            "POS": "a"
        }, 
        {
            "word": "满足", 
            "POS": "a"
        }, 
        {
            "word": "目瞪口呆", 
            "POS": "a"
        }, 
        {
            "word": "恼怒", 
            "POS": "v"
        }, 
        {
            "word": "气愤", 
            "POS": "a"
        }, 
        {
            "word": "气馁", 
            "POS": "a"
        }, 
        {
            "word": "失望", 
            "POS": "a"
        }, 
        {
            "word": "痛苦", 
            "POS": "a"
        }, 
        {
            "word": "为难", 
            "POS": "a"
        }, 
        {
            "word": "兴奋", 
            "POS": "a"
        }, 
        {
            "word": "兴高采烈", 
            "POS": "i"
        }, 
        {
            "word": "羞愧", 
            "POS": "a"
        }, 
        {
            "word": "抑郁", 
            "POS": "a"
        }, 
        {
            "word": "阴沉", 
            "POS": "v"
        }, 
        {
            "word": "阴沉", 
            "POS": "a"
        }, 
        {
            "word": "忧郁", 
            "POS": "a"
        }
    ], 
    "element": [
        {
            "abbrName": "evnt", 
            "eName": "Event", 
            "isMapped": true, 
            "cName": "事件", 
            "isCore": true, 
            "def": "处于一定情感状态的体验者参与的活动或场合。"
        }, 
        {
            "abbrName": "exp", 
            "eName": "Experiencer", 
            "isMapped": true, 
            "cName": "体验者", 
            "isCore": true, 
            "def": "人或能表现出某种情感的有知觉的实体。"
        }, 
        {
            "abbrName": "expr", 
            "eName": "Expressor", 
            "isMapped": true, 
            "cName": "表达体", 
            "isCore": true, 
            "def": "体验者用于反映情感状态的表现形式，可以是身体的某一部分，一个姿势等。"
        }, 
        {
            "abbrName": "state", 
            "eName": "State", 
            "isMapped": true, 
            "cName": "状态", 
            "isCore": true, 
            "def": "就是能够描述体验者持续时间比较长的那种感受的一些抽象名词。"
        }, 
        {
            "abbrName": "stim", 
            "eName": "Stimulus", 
            "isMapped": true, 
            "cName": "刺激物", 
            "isCore": true, 
            "def": "能够唤起体验者的情感反应的人，事件或事态等。"
        }, 
        {
            "abbrName": "top", 
            "eName": "Topic", 
            "isMapped": true, 
            "cName": "主题", 
            "isCore": true, 
            "def": "情感产生的一个比较普通的区域，它表明了一个可能产生刺激的范围"
        }, 
        {
            "abbrName": "et", 
            "eName": "Empathy_target", 
            "isMapped": true, 
            "cName": "共鸣体", 
            "isCore": false, 
            "def": "体验者在情感上与某个人产生了共鸣，从而产生同样的情感反应，而这个人就是共鸣目标。"
        }, 
        {
            "abbrName": "freq", 
            "eName": "Frequency", 
            "isMapped": true, 
            "cName": "频率", 
            "isCore": false, 
            "def": "表示反应事件在单位时间内所发生的次数。"
        }, 
        {
            "abbrName": "manr", 
            "eName": "Manner", 
            "isMapped": true, 
            "cName": "方式", 
            "isCore": false, 
            "def": "该元素是一个杂类，它们无法归入以上各类非核心元素，笼统归入该元素。注意，修饰元素是对事件本身的描述，而不是对参与者或者话语环境的描述。包括表示主观认识的修饰语（大概，不可思议），表示容易程度的词语（容易、难以），等等。"
        }, 
        {
            "abbrName": "parameter", 
            "eName": "Parameter", 
            "isMapped": true, 
            "cName": "范围", 
            "isCore": false, 
            "def": "体验者经历刺激时所处的领域。"
        }, 
        {
            "abbrName": "Exp", 
            "eName": "Explanation", 
            "isMapped": true, 
            "cName": "原因", 
            "isCore": false, 
            "def": "发生情感反应的原因。", 
            "def_eng": "The Explanation is the explanation for why the Stimulus evokes a certain emotional response.\n\nThe feeling the bereaved find most difficult to acknowledge is their anger against the dead person for abandoning them to face the world alone."
        }, 
        {
            "abbrName": "circ", 
            "eName": "Circumstances", 
            "isMapped": true, 
            "cName": "环境条件", 
            "isCore": false, 
            "def": "由刺激物唤起情感反应所在的那种情形，环境。有些情况下也可能没有明确的刺激。"
        }, 
        {
            "abbrName": "degr", 
            "eName": "Degree", 
            "isMapped": true, 
            "cName": "程度", 
            "isCore": false, 
            "def": "体验者产生的情感反应的程度。"
        }
    ]
}