{
    "fdInfo": {
        "eName": "Submitting_documents", 
        "cName": "提交文件", 
        "des": "文件传递者递交文件给权威，以便于这些文件作为申请、评估或其它公务及官方程序的一部分。"
    }, 
    "frameId": 291, 
    "lexElmt": [
        {
            "word": "报送", 
            "POS": "v"
        }, 
        {
            "word": "呈报", 
            "POS": "v"
        }, 
        {
            "word": "呈递", 
            "POS": "v"
        }, 
        {
            "word": "呈交", 
            "POS": "v"
        }, 
        {
            "word": "呈送", 
            "POS": "v"
        }, 
        {
            "word": "呈献", 
            "POS": "v"
        }, 
        {
            "word": "递交", 
            "POS": "v"
        }, 
        {
            "word": "归档", 
            "POS": "v"
        }, 
        {
            "word": "交", 
            "POS": "v"
        }, 
        {
            "word": "面呈", 
            "POS": "v"
        }, 
        {
            "word": "面交", 
            "POS": "v"
        }, 
        {
            "word": "上交", 
            "POS": "v"
        }, 
        {
            "word": "上缴", 
            "POS": "v"
        }, 
        {
            "word": "送交", 
            "POS": "v"
        }, 
        {
            "word": "提交", 
            "POS": "v"
        }, 
        {
            "word": "转交", 
            "POS": "v"
        }
    ], 
    "element": [
        {
            "abbrName": "auth", 
            "eName": "Authority", 
            "isMapped": true, 
            "cName": "官方", 
            "isCore": true, 
            "def": "文件上交和进行处理的个人或机构、组织。"
        }, 
        {
            "abbrName": "doc", 
            "eName": "Documents", 
            "isMapped": true, 
            "cName": "文件", 
            "isCore": true, 
            "def": "文件递交者提交给权威的包含内容的文件，常以文本或图象形式出现。"
        }, 
        {
            "abbrName": "subm", 
            "eName": "Submittor", 
            "isMapped": true, 
            "cName": "文件传递者", 
            "isCore": true, 
            "def": "将文件递交给权威进行处理的人。"
        }, 
        {
            "abbrName": "benef", 
            "eName": "Beneficiary", 
            "isMapped": true, 
            "cName": "受益人", 
            "isCore": false, 
            "def": "这一元素描述了从目标动词指定的时间发生中获益的参与者，进一步说，目标动词应该包括一些意欲使受益人获利的致动者。"
        }, 
        {
            "abbrName": "depic", 
            "eName": "Depictive", 
            "isMapped": true, 
            "cName": "形容", 
            "isCore": false, 
            "def": "这一元素描述了某些事态的受益人，由在行为过程中达到某些情形的目标词引入。描述情形不是必要地或通常较容易，或者致使了一些目标词报道的事态。"
        }, 
        {
            "abbrName": "expla", 
            "eName": "Explanation", 
            "isMapped": true, 
            "cName": "解释", 
            "isCore": false, 
            "def": "解释表示了文件传递者提交文件给权威事件的陈述。"
        }, 
        {
            "abbrName": "manr", 
            "eName": "Manner", 
            "isMapped": true, 
            "cName": "方式", 
            "isCore": false, 
            "def": "该元素是一个杂类，在无法归入其他各类非核心框架元素的情况下，凡是描述发现活动的特征或所处状态的成分，都归入该元素，如“容易、轻易”等。"
        }, 
        {
            "abbrName": "mns", 
            "eName": "Means", 
            "isMapped": true, 
            "cName": "方法", 
            "isCore": false, 
            "def": "文件传递者提交文件给权威的方法。"
        }, 
        {
            "abbrName": "place", 
            "eName": "Place", 
            "isMapped": true, 
            "cName": "处所", 
            "isCore": false, 
            "def": "文件传递者提交文件给权威的地点。"
        }, 
        {
            "abbrName": "purp", 
            "eName": "Purpose", 
            "isMapped": true, 
            "cName": "目的", 
            "isCore": false, 
            "def": "文件传递者提交文件给权威的目的。"
        }, 
        {
            "abbrName": "Imp", 
            "eName": "Imposed_purpose", 
            "isMapped": true, 
            "cName": "意图目的", 
            "isCore": false, 
            "def": "权威对文件的意图。"
        }, 
        {
            "abbrName": "time", 
            "eName": "Time", 
            "isMapped": true, 
            "cName": "时间", 
            "isCore": false, 
            "def": "文件传递者提交文件给权威的时间。"
        }
    ]
}