{
    "fdInfo": {
        "eName": "Arriving", 
        "cName": "到达", 
        "des": "指转移体朝目的地方向的移动。目的地可直接表达出来，或从上下文中得到理解，动词本身隐含目标之义。"
    }, 
    "frameId": 40, 
    "lexElmt": [
        {
            "word": "逼近", 
            "POS": "v"
        }, 
        {
            "word": "到", 
            "POS": "v"
        }, 
        {
            "word": "到达", 
            "POS": "v"
        }, 
        {
            "word": "抵达", 
            "POS": "v"
        }, 
        {
            "word": "返回", 
            "POS": "v"
        }, 
        {
            "word": "赴", 
            "POS": "v"
        }, 
        {
            "word": "赶到", 
            "POS": "v"
        }, 
        {
            "word": "归来", 
            "POS": "v"
        }, 
        {
            "word": "回到", 
            "POS": "v"
        }, 
        {
            "word": "回来", 
            "POS": "v"
        }, 
        {
            "word": "进入", 
            "POS": "v"
        }, 
        {
            "word": "靠近", 
            "POS": "v"
        }, 
        {
            "word": "来到", 
            "POS": "v"
        }, 
        {
            "word": "来访", 
            "POS": "v"
        }, 
        {
            "word": "亲临", 
            "POS": "v"
        }, 
        {
            "word": "走到", 
            "POS": "v"
        }, 
        {
            "word": "走进", 
            "POS": "v"
        }
    ], 
    "element": [
        {
            "abbrName": "goal", 
            "eName": "Goal", 
            "isMapped": true, 
            "cName": "终点", 
            "isCore": true, 
            "def": "目的地表现的是转移体运动终止之地，或行将终止之地。"
        }, 
        {
            "abbrName": "thm", 
            "eName": "Theme", 
            "isMapped": true, 
            "cName": "转移体", 
            "isCore": true, 
            "def": "转移体指移动者，它可以是一个能够自动的实体，虽并非往往出于必需"
        }, 
        {
            "abbrName": "thm_c", 
            "eName": "Cotheme", 
            "isMapped": true, 
            "cName": "伴随体", 
            "isCore": false, 
            "def": "并行转移体指第二个移动的物体，常表现为直接宾语或间接宾语。"
        }, 
        {
            "abbrName": "depic", 
            "eName": "Depictive", 
            "isMapped": true, 
            "cName": "形容", 
            "isCore": false, 
            "def": "形容指用来描写转移体到达时状态的话语。"
        }, 
        {
            "abbrName": "New", 
            "eName": "New_situation", 
            "isMapped": false, 
            "cName": "目的地状态", 
            "isCore": false, 
            "def": "转移体到达目的地时目的地所呈现出的状态。"
        }, 
        {
            "abbrName": "manr", 
            "eName": "Manner", 
            "isMapped": true, 
            "cName": "方式", 
            "isCore": false, 
            "def": "表现修饰的话语用于对动作特性的描述。该动作并不直接与动作的轨道发生关联，用来描述运动的速度、恒性、姿态和方法以及其他情况的描述性用词都可以看作表现修饰的话语。"
        }, 
        {
            "abbrName": "mns", 
            "eName": "Means", 
            "isMapped": true, 
            "cName": "方法", 
            "isCore": false, 
            "def": "该框架元素用于表现转移体到达的方式。"
        }, 
        {
            "abbrName": "mot", 
            "eName": "Mode_of_transportation", 
            "isMapped": true, 
            "cName": "移动模式", 
            "isCore": false, 
            "def": "传送模式指作用于主体的运动模式，通过传送主体的主体身体或交通工具而实现。交通工具可以以任何方式运动，通常以in或by得以间接地表达"
        }, 
        {
            "abbrName": "path", 
            "eName": "Path", 
            "isMapped": true, 
            "cName": "路径", 
            "isCore": false, 
            "def": "轨道指运动的轨道，既非源点，也非目的地。在该框架中，表现轨道的用语差不多都有一个经过义。"
        }, 
        {
            "abbrName": "src", 
            "eName": "Source", 
            "isMapped": true, 
            "cName": "起点", 
            "isCore": false, 
            "def": "源点即明确表达运动的出发点，该框架中出现表达源点的用语是可能的，但出现的频率却相对不高。如果出现，常用来表现转移体发出运动的大致方向，而不会是远离该方向的一个陆标。"
        }, 
        {
            "abbrName": "time", 
            "eName": "Time", 
            "isMapped": true, 
            "cName": "时间", 
            "isCore": false, 
            "def": "该框架元素表现到达这一动作出现的时间。"
        }, 
        {
            "abbrName": "per", 
            "eName": "Period_of_iterations", 
            "isMapped": true, 
            "cName": "迭代周期", 
            "isCore": false, 
            "def": "The time period within which the arrival repeats multiple times.\n\n"
        }, 
        {
            "abbrName": "circ", 
            "eName": "Circumstances", 
            "isMapped": true, 
            "cName": "环境", 
            "isCore": false, 
            "def": "Circumstances describe the state of the world (at a particular time and place) which is specifically independent of the event itself and any of its participants. "
        }, 
        {
            "abbrName": "Pur", 
            "eName": "Purpose", 
            "isMapped": true, 
            "cName": "目的", 
            "isCore": false, 
            "def": "This FE identifies the purpose for which the Theme arrives to the Goal."
        }, 
        {
            "abbrName": "deg", 
            "eName": "Degree", 
            "isMapped": true, 
            "cName": "程度", 
            "isCore": false, 
            "def": "This frame element selects some gradable attribute and modifies the expected value for it."
        }, 
        {
            "abbrName": "eve", 
            "eName": "Event_description", 
            "isMapped": true, 
            "cName": "时间描述", 
            "isCore": false, 
            "def": "This FE marks the state of affairs reported by the Arriving Event as understood to play a role in the state of affairs of the modifier."
        }, 
        {
            "abbrName": "re-e", 
            "eName": "Re-encoding", 
            "isMapped": true, 
            "cName": "重新编码", 
            "isCore": false, 
            "def": "This FE presents the current frame as an integral part of a larger conceptualization expressed by another frame. The frame expressed by the target typically corresponds to a Means action."
        }, 
        {
            "abbrName": "freq", 
            "eName": "Frequency", 
            "isMapped": true, 
            "cName": "频率", 
            "isCore": false, 
            "def": "How often the Theme arrives at the Goal."
        }, 
        {
            "abbrName": "pla", 
            "eName": "Place", 
            "isMapped": true, 
            "cName": "处所", 
            "isCore": false, 
            "def": "This FE identifies the Place where the arriving event occurs."
        }
    ]
}