{
    "fdInfo": {
        "eName": "Sharing", 
        "cName": "共享", 
        "des": "在这个框架中，主体1和主体2，或多个主体允许彼此共用一个实体。"
    }, 
    "frameId": 351, 
    "lexElmt": [
        {
            "word": "分享", 
            "POS": "v"
        }, 
        {
            "word": "共处", 
            "POS": "v"
        }, 
        {
            "word": "共居", 
            "POS": "v"
        }, 
        {
            "word": "共享", 
            "POS": "v"
        }, 
        {
            "word": "合用", 
            "POS": "v"
        }
    ], 
    "element": [
        {
            "abbrName": "ent", 
            "eName": "Entity", 
            "isMapped": true, 
            "cName": "实体", 
            "isCore": true, 
            "def": "多个主体共享的物体。"
        }, 
        {
            "abbrName": "prot_1", 
            "eName": "Protagonist_1", 
            "isMapped": true, 
            "cName": "主体1", 
            "isCore": true, 
            "def": "主体1指的是共用实体的参与者，其在主动句中作主语或在被动句中\n作介词短语“被”的宾语。"
        }, 
        {
            "abbrName": "prot_2", 
            "eName": "Protagonist_2", 
            "isMapped": true, 
            "cName": "主体2", 
            "isCore": true, 
            "def": "主体2指的是在交互事件中用介词短语“和…… 一起”表示的参与者，其与主体1分享实体。"
        }, 
        {
            "abbrName": "prots", 
            "eName": "Protagonists", 
            "isMapped": true, 
            "cName": "多个主体", 
            "isCore": true, 
            "def": "共同使用实体的多个参与者。"
        }, 
        {
            "abbrName": "place", 
            "eName": "Place", 
            "isMapped": true, 
            "cName": "处所", 
            "isCore": false, 
            "def": "多个主体共用实体的地点。"
        }, 
        {
            "abbrName": "time", 
            "eName": "Time", 
            "isMapped": true, 
            "cName": "时间", 
            "isCore": false, 
            "def": "多个主体共用实体的时间。"
        }
    ]
}