{
    "fdInfo": {
        "eName": "Employee's_scenario", 
        "cName": "雇员场景", 
        "des": "该场景指雇员受聘于雇主，获得职位进行工作并最终离开该职位。该框架是抽象的上位框架，主要用于建立相关的继承关系。"
    }, 
    "frameId": 220, 
    "lexElmt": [], 
    "element": [
        {
            "abbrName": "empee", 
            "eName": "Employee", 
            "isMapped": true, 
            "cName": "雇员", 
            "isCore": true, 
            "def": "指完成某些任务来获取报酬的人。"
        }, 
        {
            "abbrName": "emper", 
            "eName": "Employer", 
            "isMapped": true, 
            "cName": "雇主", 
            "isCore": true, 
            "def": "指付报酬给雇员的人或机构。"
        }, 
        {
            "abbrName": "task", 
            "eName": "Task", 
            "isMapped": true, 
            "cName": "任务", 
            "isCore": true, 
            "def": "任务指雇员需要为雇主工作的行为。"
        }, 
        {
            "abbrName": "compense", 
            "eName": "Compensation", 
            "isMapped": true, 
            "cName": "报酬", 
            "isCore": false, 
            "def": "报酬是雇员完成某任务而获得的相应报偿。它随雇用时间的长短而变化。"
        }, 
        {
            "abbrName": "Dur", 
            "eName": "Duration", 
            "isMapped": false, 
            "cName": "时量", 
            "isCore": false, 
            "def": "该框架元素指雇员被雇佣的时间长度。",
            "def": "This FE identifies the amount of time for which the Employee continues in employ."
        }, 
        {
            "abbrName": "field", 
            "eName": "Field", 
            "isMapped": true, 
            "cName": "领域", 
            "isCore": false, 
            "def": "该框架元素指一个人工作的领域。"
        }, 
        {
            "abbrName": "posit", 
            "eName": "Position", 
            "isMapped": true, 
            "cName": "职位", 
            "isCore": false, 
            "def": "指某一工作的具体名称。"
        }
    ]
}
