{
    "fdInfo": {
        "eName": "Activity_abandoned_state", 
        "cName": "行为绝对中止状态", 
        "des": "致动者发起或参与的行为处于终止的那一部分所呈现的状态。"
    }, 
    "frameId": 178, 
    "lexElmt": [
        {
            "word": "废弃", 
            "POS": "v"
        }, 
        {
            "word": "荒废", 
            "POS": "v"
        }, 
        {
            "word": "流产", 
            "POS": "v"
        }, 
        {
            "word": "破产", 
            "POS": "v"
        }, 
        {
            "word": "夭折", 
            "POS": "v"
        }, 
        {
            "word": "中断", 
            "POS": "v"
        }, 
        {
            "word": "终止", 
            "POS": "v"
        }
    ], 
    "element": [
        {
            "abbrName": "activity", 
            "eName": "Activity", 
            "isMapped": true, 
            "cName": "行为", 
            "isCore": true, 
            "def": "致动者所正在实施的行为。"
        }, 
        {
            "abbrName": "agt", 
            "eName": "Agent", 
            "isMapped": true, 
            "cName": "施动者", 
            "isCore": true, 
            "def": "处于行为终止状态中的行为发起者或参与者。"
        }, 
        {
            "abbrName": "dur", 
            "eName": "Duration", 
            "isMapped": true, 
            "cName": "时量", 
            "isCore": false, 
            "def": "行为处于终止状态所持续的时间。", 
            "def_eng": "The length of time that the Activity remains unfinished."
        }, 
        {
            "abbrName": "place", 
            "eName": "Place", 
            "isMapped": true, 
            "cName": "处所", 
            "isCore": false, 
            "def": "行为终止的地点。"
        }, 
        {
            "abbrName": "time", 
            "eName": "Time", 
            "isMapped": true, 
            "cName": "时间", 
            "isCore": false, 
            "def": "致动者和行为开始处于终止状态的时间。"
        }
    ]
}