{
    "fdInfo": {
        "eName": "Surviving", 
        "cName": "幸存", 
        "des": "幸存者尽管面临险境，仍能免遭消极影响。这里的消极影响往往指死亡、毁灭或二者中任何一种的隐喻识解。"
    }, 
    "frameId": 343, 
    "lexElmt": [
        {
            "word": "存活", 
            "POS": "v"
        }, 
        {
            "word": "得救", 
            "POS": "v"
        }, 
        {
            "word": "度过", 
            "POS": "v"
        }, 
        {
            "word": "渡过", 
            "POS": "v"
        }, 
        {
            "word": "躲过", 
            "POS": "v"
        }, 
        {
            "word": "虎口余生", 
            "POS": "v"
        }, 
        {
            "word": "活下来", 
            "POS": "v"
        }, 
        {
            "word": "获救", 
            "POS": "v"
        }, 
        {
            "word": "经受", 
            "POS": "v"
        }, 
        {
            "word": "九死一生", 
            "POS": "v"
        }, 
        {
            "word": "生还", 
            "POS": "v"
        }, 
        {
            "word": "死里逃生", 
            "POS": "v"
        }, 
        {
            "word": "挺过", 
            "POS": "v"
        }, 
        {
            "word": "脱险", 
            "POS": "v"
        }, 
        {
            "word": "幸存", 
            "POS": "v"
        }, 
        {
            "word": "幸免", 
            "POS": "v"
        }, 
        {
            "word": "遇救", 
            "POS": "v"
        }
    ], 
    "element": [
        {
            "abbrName": "dang_situ", 
            "eName": "Dangerous_situation", 
            "isMapped": true, 
            "cName": "险境", 
            "isCore": true, 
            "def": "险境指人们极可能遭受消极影响的情境。"
        }, 
        {
            "abbrName": "surviv", 
            "eName": "Survivor", 
            "isMapped": true, 
            "cName": "幸存者", 
            "isCore": true, 
            "def": "幸存者安然度过险境，活了下来。"
        }, 
        {
            "abbrName": "degr", 
            "eName": "Degree", 
            "isMapped": true, 
            "cName": "程度", 
            "isCore": false, 
            "def": "该框架元素指幸存者幸存的程度。"
        }, 
        {
            "abbrName": "depic", 
            "eName": "Depictive", 
            "isMapped": true, 
            "cName": "形容", 
            "isCore": false, 
            "def": "形容是对幸存者在遭遇险境时或遭遇险境后所进行的描述。"
        }, 
        {
            "abbrName": "mns", 
            "eName": "Means", 
            "isMapped": true, 
            "cName": "方法", 
            "isCore": false, 
            "def": "幸存者为了确保度过险境采所取的行动。"
        }, 
        {
            "abbrName": "place", 
            "eName": "Place", 
            "isMapped": true, 
            "cName": "处所", 
            "isCore": false, 
            "def": "幸存者在遭遇险境时的（主要）生活地。"
        }, 
        {
            "abbrName": "time", 
            "eName": "Time", 
            "isMapped": true, 
            "cName": "时间", 
            "isCore": false, 
            "def": "幸存所发生的时间。"
        }
    ]
}