{
    "fdInfo": {
        "eName": "Activity_prepare", 
        "cName": "行为准备", 
        "des": "致动者为某一行为或工作做准备。"
    }, 
    "frameId": 106, 
    "lexElmt": [
        {
            "word": "备办", 
            "POS": "v"
        }, 
        {
            "word": "备补", 
            "POS": "v"
        }, 
        {
            "word": "备餐", 
            "POS": "v"
        }, 
        {
            "word": "备耕", 
            "POS": "v"
        }, 
        {
            "word": "备考", 
            "POS": "v"
        }, 
        {
            "word": "备课", 
            "POS": "v"
        }, 
        {
            "word": "备有", 
            "POS": "v"
        }, 
        {
            "word": "备战", 
            "POS": "v"
        }, 
        {
            "word": "备置", 
            "POS": "v"
        }, 
        {
            "word": "绸缪", 
            "POS": "v"
        }, 
        {
            "word": "筹办", 
            "POS": "v"
        }, 
        {
            "word": "筹备", 
            "POS": "v"
        }, 
        {
            "word": "筹措", 
            "POS": "v"
        }, 
        {
            "word": "筹划", 
            "POS": "v"
        }, 
        {
            "word": "筹谋", 
            "POS": "v"
        }, 
        {
            "word": "打算", 
            "POS": "v"
        }, 
        {
            "word": "规划", 
            "POS": "v"
        }, 
        {
            "word": "计划", 
            "POS": "n"
        }, 
        {
            "word": "计划", 
            "POS": "v"
        }, 
        {
            "word": "料想", 
            "POS": "v"
        }, 
        {
            "word": "谋划", 
            "POS": "v"
        }, 
        {
            "word": "预备", 
            "POS": "v"
        }, 
        {
            "word": "准备", 
            "POS": "v"
        }
    ], 
    "element": [
        {
            "abbrName": "activity", 
            "eName": "Activity", 
            "isMapped": true, 
            "cName": "行为", 
            "isCore": true, 
            "def": "致动者为之做准备的行动。"
        }, 
        {
            "abbrName": "agt", 
            "eName": "Agent", 
            "isMapped": true, 
            "cName": "施动者", 
            "isCore": true, 
            "def": "指为行动做准备的个人或组织。"
        }, 
        {
            "abbrName": "benef", 
            "eName": "Beneficiary", 
            "isMapped": true, 
            "cName": "受益人", 
            "isCore": false, 
            "def": "表示从事件中获益的参与者。"
        }, 
        {
            "abbrName": "degr", 
            "eName": "Degree", 
            "isMapped": true, 
            "cName": "程度", 
            "isCore": false, 
            "def": "描述事件有层级差别的属性，表示事件所达到的水平。 "
        }, 
        {
            "abbrName": "depic", 
            "eName": "Depictive", 
            "isMapped": true, 
            "cName": "形容", 
            "isCore": false, 
            "def": "该元素描述活动的参与者，注意和修饰的不同之处在于，形容是对活动的参与者的描述，而修饰是对活动本身的描述。"
        }, 
        {
            "abbrName": "Dur", 
            "eName": "Duration", 
            "isMapped": true, 
            "cName": "时量", 
            "isCore": false, 
            "def": "动作行为本身持续的时间数量或者动作重复进行所用的时间数量.", 
            "def_eng": "This FE identifes the length of Time during which an Agent prepares for an Activity."
        },  
        {
            "abbrName": "Ite", 
            "eName": "Iterations", 
            "isMapped": true, 
            "cName": "次数", 
            "isCore": false, 
            "def": "表示事件或状态重复发生的次数。", 
            "def_eng": "The frame element Iterations is used for expressions that indicate the number of times an event or state (of the kind denoted by the target in its clause) has taken place or held."
        }, 
        {
            "abbrName": "manr", 
            "eName": "Manner", 
            "isMapped": true, 
            "cName": "方式", 
            "isCore": false, 
            "def": "该框架元素描述事件所处的状态，是一个杂类，凡是无法归入其他更加具体的框架元素时，都归入修饰元素；做动词目标词的状语或补语，名词目标词的定语。"
        }, 
        {
            "abbrName": "mns", 
            "eName": "Means", 
            "isMapped": true, 
            "cName": "方法", 
            "isCore": false, 
            "def": "致动者进行准备的方式、手段。 "
        }, 
        {
            "abbrName": "place", 
            "eName": "Place", 
            "isMapped": true, 
            "cName": "处所", 
            "isCore": false, 
            "def": "致动者做准备时所处的地点。"
        }, 
        {
            "abbrName": "purp", 
            "eName": "Purpose", 
            "isMapped": true, 
            "cName": "目的", 
            "isCore": false, 
            "def": "致动者做准备的目的。"
        }, 
        {
            "abbrName": "time", 
            "eName": "Time", 
            "isMapped": true, 
            "cName": "时间", 
            "isCore": false, 
            "def": "致动者开始准备的时间。"
        }, 
        {
            "abbrName": null, 
            "eName": "Event_description", 
            "isMapped": true, 
            "cName": "事件描述", 
            "isCore": false, 
            "def": "This FE describes the state of affairs denoted by the target as role fillers in other frames. The state of affairs reported by the target is understood to play a role in the state of affairs of the modifier. "
        }
    ]
}