{
    "fdInfo": {
        "eName": "Coming_to_be", 
        "cName": "形成", 
        "des": "一个实体形成于精确的时间和空间，有一定的持续期，有致因，或由各成分构成"
    }, 
    "frameId": 107, 
    "lexElmt": [
        {
            "word": "产生", 
            "POS": "v"
        }, 
        {
            "word": "长", 
            "POS": "v"
        }, 
        {
            "word": "成为", 
            "POS": "v"
        }, 
        {
            "word": "出现", 
            "POS": "v"
        }, 
        {
            "word": "存在", 
            "POS": "v"
        }, 
        {
            "word": "发展", 
            "POS": "v"
        }, 
        {
            "word": "浮现", 
            "POS": "v"
        }, 
        {
            "word": "物化", 
            "POS": "v"
        }, 
        {
            "word": "显现", 
            "POS": "v"
        }, 
        {
            "word": "形成", 
            "POS": "v"
        }, 
        {
            "word": "涌现", 
            "POS": "v"
        }
    ], 
    "element": [
        {
            "abbrName": "ent", 
            "eName": "Entity", 
            "isMapped": true, 
            "cName": "实体", 
            "isCore": true, 
            "def": "事件发生的时刻前所不存在的具体或抽象的实体。实体形成的原因。"
        }, 
        {
            "abbrName": "state", 
            "eName": "State", 
            "isMapped": false, 
            "cName": "状态", 
            "isCore": false, 
            "def": "人或事物呈现出的状态。"
        }, 
        {
            "abbrName": "cmpnt", 
            "eName": "Components", 
            "isMapped": true, 
            "cName": "成分", 
            "isCore": false, 
            "def": "该框架元素表现实体形成的各构成成分。"
        }, 
        {
            "abbrName": "Dura", 
            "eName": "Duration_of_final_state", 
            "isMapped": true, 
            "cName": "时量", 
            "isCore": false, 
            "def": "该框架元素表现活动发生的时间长度。"
        }, 
        {
            "abbrName": "p_iter", 
            "eName": "Period_of_Iterations", 
            "isMapped": true, 
            "cName": "迭代周期", 
            "isCore": false, 
            "def": "该框架元素表现惯常的或反复的动作形成的反复期。"
        }, 
        {
            "abbrName": "place", 
            "eName": "Place", 
            "isMapped": true, 
            "cName": "处所", 
            "isCore": false, 
            "def": "指新实体形成的地点。"
        }, 
        {
            "abbrName": "role", 
            "eName": "Role", 
            "isMapped": true, 
            "cName": "身份", 
            "isCore": false, 
            "def": "新实体形成的形式。"
        }, 
        {
            "abbrName": "time", 
            "eName": "Time", 
            "isMapped": true, 
            "cName": "时间", 
            "isCore": false, 
            "def": "新实体形成的时间。"
        }, 
        {
            "abbrName": "Exp", 
            "eName": "Explanation", 
            "isMapped": true, 
            "cName": "致因", 
            "isCore": false, 
            "def": "实体形成的原因。"
        }, 
        {
            "isMapped": false, 
            "cName": null, 
            "isCore": false, 
            "def": "This FE identifies the length of time that the Entity exists after coming to be."
        }, 
        {
            "abbrName": "manner", 
            "eName": "Manner", 
            "isMapped": true, 
            "cName": "方式", 
            "isCore": false, 
            "def": "The way in which the Entity comes to be. "
        }
    ]
}