{
    "fdInfo": {
        "eName": "Cause_to_start", 
        "cName": "使开始", 
        "des": "某个有生命或无生命的致因,致使某个过程，即结果，开始。"
    }, 
    "frameId": 437, 
    "lexElmt": [
        {
            "word": "产生", 
            "POS": "v"
        }, 
        {
            "word": "触动", 
            "POS": "v"
        }, 
        {
            "word": "触发", 
            "POS": "v"
        }, 
        {
            "word": "发动", 
            "POS": "v"
        }, 
        {
            "word": "发生", 
            "POS": "v"
        }, 
        {
            "word": "唤起", 
            "POS": "v"
        }, 
        {
            "word": "激荡", 
            "POS": "v"
        }, 
        {
            "word": "激发", 
            "POS": "v"
        }, 
        {
            "word": "激活", 
            "POS": "v"
        }, 
        {
            "word": "开", 
            "POS": "v"
        }, 
        {
            "word": "开动", 
            "POS": "v"
        }, 
        {
            "word": "引动", 
            "POS": "v"
        }, 
        {
            "word": "引发", 
            "POS": "v"
        }, 
        {
            "word": "引起", 
            "POS": "v"
        }, 
        {
            "word": "造成", 
            "POS": "v"
        }
    ], 
    "element": [
        {
            "abbrName": "cause", 
            "eName": "Cause", 
            "isMapped": true, 
            "cName": "致因", 
            "isCore": true, 
            "def": "致因是导致结果产生的某一有生命或无生命实体、力量或事件。意愿并不是致因的一个必要特征。"
        }, 
        {
            "abbrName": "effect", 
            "eName": "Effect", 
            "isMapped": true, 
            "cName": "结果", 
            "isCore": true, 
            "def": "该框架元素的表达表明了致因引发的过程。"
        }, 
        {
            "abbrName": "circ", 
            "eName": "Circumstances", 
            "isMapped": true, 
            "cName": "环境条件", 
            "isCore": false, 
            "def": "环境条件是指致因产生结果时的周围世界。"
        }, 
        {
            "abbrName": "co-t", 
            "eName": "Co-timed_event", 
            "isMapped": true, 
            "cName": "同现事件", 
            "isCore": false, 
            "def": "该框架元素指的是出现结果后的第一个的同现事件。"
        }, 
        {
            "abbrName": "cf", 
            "eName": "Communicative_force", 
            "isMapped": false, 
            "cName": "交际力度", 
            "isCore": false, 
            "def": "该框架元素指目标词使用的交际力度或权威（经常用以下词表示，如“官方地”、“正式地”、“技术地”，等等）。"
        }, 
        {
            "abbrName": "cncesiv", 
            "eName": "Concessive", 
            "isMapped": true, 
            "cName": "转折后事态", 
            "isCore": false, 
            "def": "该框架元素指主句（包括目标词）所表达的事态，或者是在让步从句所表述的事态基础上期待会出现的事态之外的事情。"
        }, 
        {
            "abbrName": "contain_even", 
            "eName": "Containing_event", 
            "isMapped": true, 
            "cName": "背景事件", 
            "isCore": false, 
            "def": "该框架元素是指某时间段内发生的某个事件或持续的某种事态，该事件或事态包含由目标词所指的事件或事态，或者说目标词所指的事件或事态是该框架元素所指的事件或事态的一部分。"
        }, 
        {
            "abbrName": "depic", 
            "eName": "Depictive", 
            "isMapped": true, 
            "cName": "形容", 
            "isCore": false, 
            "def": "该框架元素是指对行动者或动作的受事进行描述的短语。"
        }, 
        {
            "abbrName": "eve_desc", 
            "eName": "Event_description", 
            "isMapped": true, 
            "cName": "事件评价", 
            "isCore": false, 
            "def": "该框架元素是指对事件进行评价，通常是对事件预期的判断。"
        }, 
        {
            "abbrName": "expla", 
            "eName": "Explanation", 
            "isMapped": true, 
            "cName": "解释", 
            "isCore": false, 
            "def": "解释是指致因致使结果出现的原因。"
        }, 
        {
            "abbrName": "manr", 
            "eName": "Manner", 
            "isMapped": true, 
            "cName": "方式", 
            "isCore": false, 
            "def": "方式是指致因致使结果出现的方式。"
        }, 
        {
            "abbrName": "mns", 
            "eName": "Means", 
            "isMapped": true, 
            "cName": "方法", 
            "isCore": false, 
            "def": "方法是指致因使过程开始的方法。"
        }, 
        {
            "abbrName": "medium", 
            "eName": "Medium", 
            "isMapped": true, 
            "cName": "媒介", 
            "isCore": false, 
            "def": "媒介是指致因致使结果出现的物质场景或抽象场景。"
        }, 
        {
            "abbrName": "newsitu", 
            "eName": "New_situation", 
            "isMapped": true, 
            "cName": "新情况", 
            "isCore": false, 
            "def": "该框架元素是指结果出现后的后续事件。"
        }, 
        {
            "abbrName": "part_iter", 
            "eName": "Particular_iteration", 
            "isMapped": true, 
            "cName": "特定次数", 
            "isCore": false, 
            "def": "该框架元素并不表示目标词在本句之内的重复，而是把目标词置于上下文中，认为目标词所表示的动作是重复前面的动作，也就是说，目标词被看作一系列相似事件或状态中的某一次。此外，大多数“特定次数”的表达都可以表明所指的是系列事件或状态中的哪一个具体的事件或状态。"
        }, 
        {
            "abbrName": "place", 
            "eName": "Place", 
            "isMapped": true, 
            "cName": "处所", 
            "isCore": false, 
            "def": "该框架元素是指结果发生的处所。"
        }, 
        {
            "abbrName": "purp", 
            "eName": "Purpose", 
            "isMapped": true, 
            "cName": "目的", 
            "isCore": false, 
            "def": "致因导致结果产生的目的。"
        }, 
        {
            "abbrName": "time", 
            "eName": "Time", 
            "isMapped": true, 
            "cName": "时间", 
            "isCore": false, 
            "def": "该框架元素是指致因发生的时间。"
        }, 
        {
            "abbrName": "Vie", 
            "eName": "Viewpoint", 
            "isMapped": true, 
            "cName": "观点", 
            "isCore": false, 
            "def": "This FE modifies the target to indicate the legal- or \"by rule\" domain within which it is true or operational."
        }
    ]
}