{
    "fdInfo": {
        "eName": "Cause_change", 
        "cName": "使变化", 
        "des": "致动者致使一个实体的所属范畴或属性值发生了变化。所属范畴的变化以初范畴和终范畴表达，属性值的变化以初值和终值来表达。"
    }, 
    "frameId": 20, 
    "lexElmt": [
        {
            "word": "变", 
            "POS": "v"
        }, 
        {
            "word": "变成", 
            "POS": "v"
        }, 
        {
            "word": "变换", 
            "POS": "v"
        }, 
        {
            "word": "变为", 
            "POS": "v"
        }, 
        {
            "word": "改", 
            "POS": "v"
        }, 
        {
            "word": "改变", 
            "POS": "v"
        }, 
        {
            "word": "改成", 
            "POS": "v"
        }
    ], 
    "element": [
        {
            "abbrName": "agt", 
            "eName": "Agent", 
            "isMapped": true, 
            "cName": "施动者", 
            "isCore": true, 
            "def": "致使实体变化的有意识的实体。"
        }, 
        {
            "abbrName": "cause", 
            "eName": "Cause", 
            "isMapped": true, 
            "cName": "致因", 
            "isCore": false, 
            "def": "造成实体变化的无意识的事件或事物。"
        }, 
        {
            "abbrName": "attr", 
            "eName": "Attribute", 
            "isMapped": true, 
            "cName": "属性", 
            "isCore": false, 
            "def": "实体的特征，可通过计算、测量或观测来为其赋值。"
        }, 
        {
            "abbrName": "ent", 
            "eName": "Entity", 
            "isMapped": true, 
            "cName": "实体", 
            "isCore": true, 
            "def": "经历变化的具体的或抽象的实体。"
        }, 
        {
            "abbrName": "ini_cat", 
            "eName": "Initial_category", 
            "isMapped": true, 
            "cName": "初范畴", 
            "isCore": true, 
            "def": "在致动者致使实体变化前，实体所属的范畴。"
        }, 
        {
            "abbrName": "finc", 
            "eName": "Final_category", 
            "isMapped": true, 
            "cName": "终范畴", 
            "isCore": true, 
            "def": "在经历变化后实体所属的范畴。"
        }, 
        {
            "abbrName": "ini_v", 
            "eName": "Initial_value", 
            "isMapped": true, 
            "cName": "初值", 
            "isCore": true, 
            "def": "实体变化发生之前的属性值。"
        }, 
        {
            "abbrName": "fin_v", 
            "eName": "Final_value", 
            "isMapped": true, 
            "cName": "终值", 
            "isCore": true, 
            "def": "实体变化发生之后的属性值。"
        }, 
        {
            "abbrName": "degr", 
            "eName": "Degree", 
            "isMapped": true, 
            "cName": "程度", 
            "isCore": false, 
            "def": "初值区别于终值或初范畴区别于终范畴的程度。"
        }, 
        {
            "abbrName": "manr", 
            "eName": "Manner", 
            "isMapped": true, 
            "cName": "方式", 
            "isCore": false, 
            "def": "该元素是一个杂类，它们无法归入以上各类非核心元素，笼统归入该元素。注意，修饰元素是对事件本身的描述，而不是对参与者或者话语环境的描述。"
        }, 
        {
            "abbrName": "Exp", 
            "eName": "Explanation", 
            "isMapped": true, 
            "cName": "原因", 
            "isCore": false, 
            "def": "致动者致使实体变化的原因", 
            "def_eng": "A state of affairs that the Agent is responding to in bringing about the change in the Entity. \n\nI didn't change its name because I think it has already got used to it."
        },  
        {
            "abbrName": "purp", 
            "eName": "Purpose", 
            "isMapped": true, 
            "cName": "目的", 
            "isCore": false, 
            "def": "致动者通过使实体改变来达到的目的。"
        }, 
        {
            "abbrName": "mns", 
            "eName": "Means", 
            "isMapped": true, 
            "cName": "方法", 
            "isCore": false, 
            "def": "致动者为使实体发生变化而采取的行动。"
        }, 
        {
            "abbrName": "dur", 
            "eName": "Duration", 
            "isMapped": true, 
            "cName": "时量", 
            "isCore": false, 
            "def": "致动者致使实体发生变化所持续的时间", 
            "def_eng": "Duration denotes the length of time from the beginning of a continuous situation (the one denoted by the target) to its end. In many cases, the continuous situation is a dynamic action which is ongoing, while in others it is simply an undifferentiated state."
        }, 
        {
            "abbrName": "time", 
            "eName": "Time", 
            "isMapped": true, 
            "cName": "时间", 
            "isCore": false, 
            "def": "致动者致使实体发生变化的时间。 "
        }, 
        {
            "abbrName": null, 
            "eName": "Containing_event", 
            "isMapped": true, 
            "cName": "背景事件", 
            "isCore": false, 
            "def": "This FE denotes an event that occurs or state of affairs that holds at a time that includes the time during which the event or state of affairs reported by the target occurs and of which it is taken to be a part."
        }, 
        {
            "abbrName": "pla", 
            "eName": "Place", 
            "isMapped": true, 
            "cName": "处所", 
            "isCore": false, 
            "def": "The location where the change of the Entity is caused.\n\nIn his own room he had modified nothing."
        }, 
        {
            "abbrName": null, 
            "eName": "Circumstances", 
            "isMapped": true , 
            "cName": "环境条件", 
            "isCore": false, 
            "def": "Circumstances describe the state of the world (at a particular time and place) which is specifically independent of the event itself and any of its participants. "
        }, 
        {
            "abbrName": null, 
            "eName": "Role", 
            "isMapped": true, 
            "cName": "角色", 
            "isCore": false, 
            "def": "The particular role that the Agent plays in the Cause_change event. "
        }, 
        {
            "abbrName": null, 
            "eName": "Event_description", 
            "isMapped": true, 
            "cName": "事件描述", 
            "isCore": false, 
            "def": "In general, this FE is used for phrases that describe the clause of the target as a whole. "
        }, 
        {
            "abbrName": null, 
            "eName": "Period_of_iterations", 
            "isMapped": true, 
            "cName": "迭代周期", 
            "isCore": false, 
            "def": "The length of time from when the event denoted by the target began to be repeated to when it stopped."
        }, 
        {
            "abbrName": "re-e", 
            "eName": "Re-encoding", 
            "isMapped": true, 
            "cName": "重新编码", 
            "isCore": false, 
            "def": "This FE presents the current frame as an integral part of a larger conceptualization expressed by another frame. "
        }
    ]
}