{
    "fdInfo": {
        "eName": "Familiarity", 
        "cName": "熟悉", 
        "des": "认知者在某些场合看到过或经历过某个实体，并且认知者对该实体有一定程度的认知度。"
    }, 
    "frameId": 87, 
    "lexElmt": [
        {
            "word": "陌生", 
            "POS": "v"
        }, 
        {
            "word": "熟悉", 
            "POS": "v"
        }, 
        {
            "word": "熟悉陌生", 
            "POS": "v"
        }, 
        {
            "word": "熟知", 
            "POS": "v"
        }
    ], 
    "element": [
        {
            "abbrName": "ent", 
            "eName": "Entity", 
            "isMapped": true, 
            "cName": "实体", 
            "isCore": true, 
            "def": "认知者以认知度来评判的具体的事物、抽象的现象或事实。"
        }, 
        {
            "abbrName": "cog", 
            "eName": "Cognizer", 
            "isMapped": true, 
            "cName": "认知者", 
            "isCore": true, 
            "def": "即（不具体）感知者，对实体的认知度是有层次的。"
        }, 
        {
            "abbrName": "degr", 
            "eName": "Degree", 
            "isMapped": true, 
            "cName": "程度", 
            "isCore": true, 
            "def": "认知者对实体认知的程度。"
        }, 
        {
            "abbrName": "role", 
            "eName": "Role", 
            "isMapped": true, 
            "cName": "身份", 
            "isCore": false, 
            "def": "该框架元素表现由目标词引导的句子中某个具体的参与者角色。它通过表现该框架中的某一个或具体或泛指的角色也可以充当背景中的另一个角色，表现对另一背景状态的熟悉程度。"
        }, 
        {
            "abbrName": "depict", 
            "eName": "Depictive", 
            "isMapped": true, 
            "cName": "描述", 
            "isCore": false, 
            "def": "This FE describes the Cognizer as being in some state during the event."
        }, 
        {
            "abbrName": "Cont", 
            "eName": "Context", 
            "isMapped": true, 
            "cName": "上下文", 
            "isCore": false, 
            "def": "A situation or source from which the Entity is made more recognizanble to the Cognizer."
        }
    ]
}