{
    "fdInfo": {
        "eName": "Surrendering", 
        "cName": "自首", 
        "des": "此框架是指在逃犯主动向当局交代其犯罪行为。"
    }, 
    "frameId": 129, 
    "lexElmt": [
        {
            "word": "投案", 
            "POS": "v"
        }, 
        {
            "word": "投降", 
            "POS": "v"
        }, 
        {
            "word": "自首", 
            "POS": "v"
        }
    ], 
    "element": [
        {
            "abbrName": "auth", 
            "eName": "Authorities", 
            "isMapped": true, 
            "cName": "官方", 
            "isCore": true, 
            "def": "当局指受理罪犯自首的官员、机构等"
        }, 
        {
            "abbrName": "fug", 
            "eName": "Fugitive", 
            "isMapped": true, 
            "cName": "在逃犯", 
            "isCore": true, 
            "def": "在逃犯是被当局通缉并向官方自首的人。"
        }, 
        {
            "abbrName": "chrgs", 
            "eName": "Charges", 
            "isMapped": true, 
            "cName": "指控", 
            "isCore": false, 
            "def": "罪行指被通缉的在逃犯所犯的罪行。"
        }, 
        {
            "abbrName": "place", 
            "eName": "Place", 
            "isMapped": true, 
            "cName": "处所", 
            "isCore": false, 
            "def": "空间指自首事件发生的场所。"
        }, 
        {
            "abbrName": "time", 
            "eName": "Time", 
            "isMapped": true, 
            "cName": "时间", 
            "isCore": false, 
            "def": "时间指自首事件发生的时间。"
        }, 
        {
            "abbrName": null, 
            "eName": "Manner", 
            "isMapped": true, 
            "cName": "方式", 
            "isCore": false, 
            "def": "This FE identifies the Manner in which the Fugitive surrenders to the Authorities."
        }, 
        {
            "abbrName": null, 
            "eName": "Explanation", 
            "isMapped": true, 
            "cName": "解释", 
            "isCore": false, 
            "def": "This FE denotes a proposition from which the surrendering event logically follows."
        }
    ]
}