{
    "fdInfo": {
        "eName": "Guest_and_host", 
        "cName": "宾主", 
        "des": "宾客和东道主两个个体临时处于一种社交关系中，期间东道主在与其密切相关的待客场所（多数情况下是其居住或工作的地方）为宾客提供空间或所用的各种资源。虽然东道主没有期待宾客会在作客期间对其款待有所回报，但有可能会期待宾客在将来也做东道主。"
    }, 
    "frameId": 310, 
    "lexElmt": [
        {
            "word": "宾客", 
            "POS": "n"
        }, 
        {
            "word": "东", 
            "POS": "n"
        }, 
        {
            "word": "东道主", 
            "POS": "n"
        }, 
        {
            "word": "客人", 
            "POS": "n"
        }, 
        {
            "word": "主", 
            "POS": "n"
        }, 
        {
            "word": "主人", 
            "POS": "n"
        }, 
        {
            "word": "座上客", 
            "POS": "n"
        }
    ], 
    "element": [
        {
            "abbrName": "guest", 
            "eName": "Guest", 
            "isMapped": true, 
            "cName": "宾客", 
            "isCore": true, 
            "def": "宾客受到东道主的热情招待。"
        }, 
        {
            "abbrName": "host", 
            "eName": "Host", 
            "isMapped": true, 
            "cName": "东道主", 
            "isCore": true, 
            "def": "东道主在待客场所为宾客提供空间场所和/或各种资源。\n"
        }, 
        {
            "abbrName": "hos_loc", 
            "eName": "Host_location", 
            "isMapped": true, 
            "cName": "待客场所", 
            "isCore": true, 
            "def": "是指与东道主相关的地方，宾客在这里停留、工作等。\n"
        }, 
        {
            "abbrName": "time", 
            "eName": "Time", 
            "isMapped": true, 
            "cName": "时间", 
            "isCore": false, 
            "def": "宾主保持宾主关系的时间。"
        }, 
        {
            "abbrName": "depic", 
            "eName": "Depictive", 
            "isMapped": true, 
            "cName": "形容", 
            "isCore": false, 
            "def": "描述宾客或东道主的形容性短语"
        }, 
        {
            "abbrName": "desc", 
            "eName": "Descriptor", 
            "isMapped": true, 
            "cName": "描述语", 
            "isCore": false, 
            "def": "描写宾客或东道主个性特征的语言。"
        }, 
        {
            "abbrName": "Degr", 
            "eName": "Degree", 
            "isMapped": true, 
            "cName": "程度", 
            "isCore": false, 
            "def": "Degree to which event occurs"
        }, 
        {
            "abbrName": "Manr", 
            "eName": "Manner", 
            "isMapped": true, 
            "cName": "方式", 
            "isCore": false, 
            "def": "Manner of performing an action"
        }, 
        {
            "abbrName": "Means", 
            "eName": "Means", 
            "isMapped": true, 
            "cName": "方法", 
            "isCore": false, 
            "def": "An act whereby a focal participant achieves an action indicated by the target."
        }, 
        {
            "abbrName": "dur", 
            "eName": "Duration", 
            "isMapped": true, 
            "cName": "持续时间", 
            "isCore": false, 
            "def": "The length of the relationship.\n\nI was Manu's guest for few days in Allepey, in a very beautiful old house."
        }
    ]
}