{
    "fdInfo": {
        "eName": "Measure_scenario", 
        "cName": "测量场景", 
        "des": "某实体的某个属性具有某个特定的值，这个值有几种不同的表述方式，包括：\r1.与某具体实例的实体或与其他参照集的期望值之间的偏差程度。\r2.根据某个特定的计量单位测定的数量绝对值，与其属性的值相等。"
    }, 
    "frameId": 487, 
    "lexElmt": [], 
    "element": [
        {
            "abbrName": "circ", 
            "eName": "Circumstances", 
            "isMapped": true, 
            "cName": "环境条件", 
            "isCore": false, 
            "def": "关于实体的属性具有特定值的环境条件的描述。"
        }, 
        {
            "abbrName": "time", 
            "eName": "Time", 
            "isMapped": true, 
            "cName": "时间", 
            "isCore": false, 
            "def": "实体的属性具有特定值的时间。"
        }, 
        {
            "abbrName": null, 
            "eName": "Entity", 
            "isMapped": true, 
            "cName": "实体", 
            "isCore": true, 
            "def": "The Entity for which a particular gradable Attribute is appropriate and under consideration.\n\n"
        }, 
        {
            "abbrName": null, 
            "eName": "Attribute", 
            "isMapped": true, 
            "cName": "属性", 
            "isCore": true, 
            "def": "The feature of an Entity which is under discussion."
        }, 
        {
            "abbrName": null, 
            "eName": "Value", 
            "isMapped": true, 
            "cName": "值", 
            "isCore": true, 
            "def": "A quantity or other characterization of the Entity's state with respect to the Attribute."
        }, 
        {
            "abbrName": null, 
            "eName": "Degree", 
            "isMapped": true, 
            "cName": "程度", 
            "isCore": true, 
            "def": "A modifier expressing  the deviation of the Value from the norm."
        }, 
        {
            "abbrName": "uni", 
            "eName": "Unit", 
            "isMapped": true, 
            "cName": "计量单位", 
            "isCore": true, 
            "def": "A standard measure, having a known value for the Attribute."
        }, 
        {
            "abbrName": null, 
            "eName": "Count", 
            "isMapped": true, 
            "cName": "数量", 
            "isCore": true, 
            "def": "The number of Units which are equivalent to the Value of the Entity ."
        }
    ]
}