{
    "上诉": "Appeal", 
    "丢失": "Losing", 
    "丰富": "Abundance", 
    "主观影响": "Subjective_influence", 
    "主观需要": "Needing", 
    "举报": "Reporting", 
    "争论": "Quarreling", 
    "事件": "Event", 
    "事件发生时间改变": "Change_event_time", 
    "交谈": "Chatting", 
    "从交通工具上下来": "Disembarking", 
    "仔细查看": "Scrutinizing_for", 
    "付款": "Commerce_pay", 
    "代替": "Take_place_of", 
    "优待与虐待": "Treating_and_mistreating", 
    "传讯": "Arraignment", 
    "传达评价": "Judgment_communication", 
    "传递": "Passing", 
    "估算": "Estimating", 
    "位移": "Motion", 
    "位置": "Being_located", 
    "住宿场景": "Lodging_scenario", 
    "体型特征": "Body_description_holistic", 
    "体罚": "Corporal_punishment", 
    "作假": "Feigning", 
    "使产生情绪": "Cause_emotion", 
    "使伸缩": "Cause_expansion", 
    "使位移": "Cause_motion", 
    "使分开": "Detaching", 
    "使分散": "Dispersal", 
    "使分离": "Separating", 
    "使发展": "Cause_to_make_progress", 
    "使变化": "Cause_change", 
    "使安静": "Silencing", 
    "使开始": "Cause_to_start", 
    "使得不到": "Prevent_from_having", 
    "使持续": "Cause_to_continue", 
    "使温度变化": "Cause_temperature_change", 
    "使状态发生变化": "Cause_change_of_phase", 
    "使用": "Using", 
    "使结合": "Cause_to_amalgamate", 
    "使负有责任": "Imposing_obligation", 
    "使量变": "Cause_change_of_position_on_a_scale", 
    "依从": "Compliance", 
    "依靠": "Reliance", 
    "保密状态": "Secrecy_status", 
    "保护": "Protecting", 
    "保留": "Retaining", 
    "信息交流": "Communication", 
    "信息记忆": "Remembering_information", 
    "借入": "Borrowing", 
    "值得": "Deserving", 
    "偏向性": "Partiality", 
    "健康反应": "Health_response", 
    "储备": "Store", 
    "储存": "Storing", 
    "入侵": "Invading", 
    "共享": "Sharing", 
    "共计": "Amounting_to", 
    "其余": "Rest", 
    "典型性": "Exemplariness", 
    "冒险": "Run_risk", 
    "决定": "Deciding", 
    "准确性": "Accuracy", 
    "减刑": "Commutation", 
    "出借": "Lending", 
    "出发": "Setting_out", 
    "出口": "Exporting", 
    "出售": "Commerce_sell", 
    "出版": "Publishing", 
    "出生": "Being_born", 
    "出生场景": "Birth_scenario", 
    "出租": "Renting_out", 
    "分离": "Becoming_separated", 
    "创造": "Creating", 
    "删除": "Erasing", 
    "判决": "Sentencing", 
    "到达": "Arriving", 
    "力劝": "Attempt_suasion", 
    "劫持": "Piracy", 
    "包括": "Inclusion", 
    "包括情景": "Inclusion_scenario", 
    "协助": "Assistance", 
    "卖空": "Short_selling", 
    "危害": "Endangering", 
    "参与": "Participation", 
    "参加": "Attending", 
    "发光": "Location_of_light", 
    "发声": "Make_noise", 
    "发展阶段": "Stage_of_progress", 
    "发现": "Becoming_aware", 
    "发送": "Sending", 
    "取代": "Replacing", 
    "受雇": "Being_employed", 
    "变干": "Becoming_dry", 
    "可疑": "Suspiciousness", 
    "司法机关": "Judicial_body", 
    "合法": "Legality", 
    "名称": "Simple_name", 
    "否定": "Negation", 
    "否定性条件": "Negative_conditional", 
    "启程": "Getting_underway", 
    "告诉": "Telling", 
    "命名": "Being_named", 
    "品尝": "Tasting", 
    "唤起": "Evoking", 
    "商业交易": "Commercial_transaction", 
    "商业购买": "Commerce_buy", 
    "回应提议": "Respond_to_proposal", 
    "因果": "Causation", 
    "坚固": "Being_strong", 
    "埋怨": "Complaining", 
    "填充": "Filling", 
    "复仇": "Revenge", 
    "失": "Losing_track_of_theme", 
    "失去某人": "Losing_someone", 
    "奖励与惩罚": "Rewards_and_punishments", 
    "姿势变化": "Change_posture", 
    "嫌疑": "Suspicion", 
    "存现": "Existence", 
    "学习": "Studying", 
    "安装": "Installing", 
    "完整性": "Completeness", 
    "宗教信仰": "Religious_belief", 
    "定位": "Locating", 
    "实体状态": "State_of_entity", 
    "实例": "Instance", 
    "客观影响": "Objective_influence", 
    "客观需求": "Have_as_requirement", 
    "容积测量": "Measure_volume", 
    "容纳": "Containing", 
    "宽慰": "Reassuring", 
    "宾主": "Guest_and_host", 
    "密度变化": "Change_of_consistency", 
    "寻找": "Seeking", 
    "封闭": "Closure", 
    "尝试场景": "Attempting_scenario", 
    "尝试获取矿物场景": "Attempt_obtain_mineral_scenario", 
    "尝试获取食物场景": "Attempt_obtain_food_scenario", 
    "尝试远距离互动场景": "Attempt_distant_interaction_scenario", 
    "居住": "Residence", 
    "属于某类": "Being_in_category", 
    "属性": "Attributes", 
    "巡逻": "Patrolling", 
    "干燥": "Being_dry", 
    "幸存": "Surviving", 
    "度量衡": "Measures", 
    "康复": "Recovery", 
    "异同": "Identicality", 
    "引渡": "Extradition", 
    "强奸": "Rape", 
    "形成": "Coming_to_be", 
    "待命": "Standing_by", 
    "得到工作": "Get_a_job", 
    "心理刺激": "Experiencer_obj", 
    "思考": "Cogitation", 
    "总结": "Summarizing", 
    "情感": "Emotions", 
    "情感之热度": "Emotion_heat", 
    "情感反应": "Emotion_directed", 
    "情景记忆": "Remembering_experience", 
    "情绪失控": "Losing_it", 
    "意愿": "Being_obligated", 
    "感受": "Sensation", 
    "感知觉": "Perception", 
    "感觉": "Feeling", 
    "成为": "Becoming", 
    "成功传达信息": "Successfully_communicate_message", 
    "成员": "Membership", 
    "成就": "Accomplishment", 
    "成败": "Success_or_failure", 
    "成败行为": "Successful_action", 
    "打斗": "Fighting_activity", 
    "执行法规": "Enforcing", 
    "扩展": "Expansion", 
    "承租": "Renting", 
    "承诺": "Commitment", 
    "抓捕": "Taking_captive", 
    "抢劫": "Robbery", 
    "抵制": "Repel", 
    "拘留": "Detaining", 
    "招呼": "Attention_getting", 
    "招聘": "Hiring", 
    "拜访": "Visiting", 
    "拜访_东道主": "Visit_host", 
    "拜访_东道主_停留": "Visit_host_stay", 
    "拜访_东道主_到访": "Visit_host_arrival", 
    "拜访_东道主_离开": "Visit_host_departure", 
    "拜访场景": "Visiting_scenario", 
    "拜访场景_停留": "Visiting_scenario_stay", 
    "拜访场景_到访": "Visiting_scenario_arrival", 
    "拜访场景_离开": "Visiting_scenario_departing", 
    "拥有": "Possession", 
    "拦截": "Intercepting", 
    "拿走": "Taking", 
    "指望": "Reliance_on_expectation", 
    "挑选": "Choosing", 
    "排列": "Arranging", 
    "接合": "Attaching", 
    "接收": "Receiving", 
    "提交文件": "Submitting_documents", 
    "提供": "Supply", 
    "搞砸": "Bungling", 
    "携带武器": "Bearing_arms", 
    "摄取": "Ingestion", 
    "收款": "Commerce_collect", 
    "攻击": "Attack", 
    "放弃": "Forgoing", 
    "放火": "Setting_fire", 
    "放置": "Placing", 
    "放置场景": "Placing_scenario", 
    "故意影响": "Intentionally_affect", 
    "教育教学": "Education_teaching", 
    "整体之部分": "Part_whole", 
    "文本": "Text", 
    "文本创作": "Text_creation", 
    "方位关系": "Locative_relation", 
    "方向改变": "Change_direction", 
    "方法尝试": "Attempt_means", 
    "时间测量": "Measure_duration", 
    "有入口的区域": "Region_with_portal", 
    "有向位移": "Motion_directional", 
    "有意行为": "Intentionally_act", 
    "有毒物质": "Toxic_substance", 
    "杀害": "Killing", 
    "构建": "Building", 
    "查看": "Scrutiny", 
    "核实": "Verification", 
    "检查": "Inspecting", 
    "死亡": "Death", 
    "死刑": "Execution", 
    "比例": "Proportion", 
    "比赛": "Competition", 
    "比赛结果": "Finish_competition", 
    "法庭询问": "Court_examination", 
    "法律": "Law", 
    "注意": "Attention", 
    "测量场景": "Measure_scenario", 
    "测量属性": "Measurable_attributes", 
    "浸泡": "Soaking", 
    "清洁": "Grooming", 
    "清空": "Emptying", 
    "渴望": "Desiring", 
    "游览": "Touring", 
    "满": "Fullness", 
    "照射": "Light_movement", 
    "熟悉": "Familiarity", 
    "燃烧": "Fire_burning", 
    "爆炸": "Explosion", 
    "物物分离": "Being_detached", 
    "犯罪场景": "Crime_scenario", 
    "状态": "State", 
    "状态变化": "Change_of_phase", 
    "状态变化情境": "Change_of_phase_scenario", 
    "状态持续": "State_continue", 
    "理解": "Grasp", 
    "生孩子": "Giving_birth", 
    "用动作行为测量": "Measure_by_action", 
    "监狱": "Prison", 
    "监禁": "Imprisonment", 
    "盗窃": "Theft", 
    "目的": "Purpose", 
    "相信": "Certainty", 
    "知道": "Awareness", 
    "研究": "Research", 
    "破坏": "Destroying", 
    "碎裂": "Breaking_apart", 
    "种植": "Planting", 
    "种植作物": "Growing_food", 
    "积累": "Amassing", 
    "称": "Simple_naming", 
    "穿戴": "Dressing", 
    "穿越": "Traversing", 
    "类似": "Similarity", 
    "纵火罪": "Arson", 
    "练习": "Practice", 
    "组成": "Being_included", 
    "经历变化": "Undergo_change", 
    "经受": "Undergoing", 
    "绑架": "Kidnapping", 
    "结合": "Amalgamation", 
    "结果": "Turning_out", 
    "给予": "Giving", 
    "给予后": "Post_giving", 
    "维持生活": "Subsisting", 
    "编码": "Encoding", 
    "缴械投降": "Surrendering_possession", 
    "罚款": "Fining", 
    "翻译": "Translating", 
    "老化": "Aging", 
    "职权变更": "Change_of_leadership", 
    "联想": "Make_cognitive_connection", 
    "联结": "Becoming_attached", 
    "脱落": "Breaking_off", 
    "腐烂": "Being_rotted", 
    "自主感知": "Perception_active", 
    "自首": "Surrendering", 
    "艺术制品": "Physical_artworks", 
    "范畴化": "Categorization", 
    "获取起点": "Source_of_getting", 
    "获奖": "Win_prize", 
    "获得": "Getting", 
    "获得前": "Pre_getting", 
    "获得后": "Post_getting", 
    "获得场景": "Getting_scenario", 
    "获知": "Coming_to_believe", 
    "虐待": "Abusing", 
    "行为准备": "Activity_prepare", 
    "行为准备就绪状态": "Activity_ready_state", 
    "行为完成": "Activity_finish", 
    "行为完成状态": "Activity_done_state", 
    "行为开始": "Activity_start", 
    "行为相对中止状态": "Activity_paused_state", 
    "行为绝对中止状态": "Activity_abandoned_state", 
    "行为绝对终止": "Activity_stop", 
    "行为过程": "Activity", 
    "行为进行": "Activity_ongoing", 
    "行为重启": "Activity_resume", 
    "行动相对中止": "Activity_pause", 
    "行动记忆": "Remembering_to_do", 
    "表达": "Expressing_publicly", 
    "观点": "Opinion", 
    "解决": "Resolve_problem", 
    "解雇": "Firing", 
    "触发": "Triggering", 
    "警惕": "Be_on_alert", 
    "讯问被告人": "Try_defendant", 
    "记": "Memorization", 
    "记录": "Recording", 
    "记忆": "Memory", 
    "许可": "Permitting", 
    "论证": "Reasoning", 
    "访客_东道主": "Visitor_and_host", 
    "访客_到访": "Visitor_arrival", 
    "访客_场景": "Visitor_scenario", 
    "访客_离开": "Visitor_departure", 
    "证明": "Evidence", 
    "评定": "Assessing", 
    "话题": "Topic", 
    "询问": "Questioning", 
    "调整": "Adjusting", 
    "谈论话题": "Speak_on_topic", 
    "货币交易": "Commerce_money-transfer", 
    "质量测量": "Measure_mass", 
    "购物": "Shopping", 
    "贴标签": "Labeling", 
    "赦免": "Pardon", 
    "走私": "Smuggling", 
    "起源": "Origin", 
    "超出": "Surpassing", 
    "足够": "Sufficiency", 
    "身体姿势": "Posture", 
    "身体感知": "Perception_body", 
    "躲避": "Evading", 
    "转移场景": "Transfer_scenario", 
    "辞职": "Quitting", 
    "辨别": "Differentiation", 
    "辩护": "Entering_of_plea", 
    "辩解": "Justifying", 
    "过程": "Process", 
    "过程中断": "Process_pause", 
    "过程中断后继续": "Process_resume", 
    "过程停止状态": "Process_stopped_state", 
    "过程初始状态": "Process_initial_state", 
    "过程完成状态": "Process_completed_state", 
    "过程开始": "Process_start", 
    "过程持续": "Process_continue", 
    "运送": "Bringing", 
    "进口": "Importing", 
    "进展": "Progress", 
    "违法行为": "Offenses", 
    "迷醉": "Intoxication", 
    "迹象": "Sign", 
    "追随": "Cotheme", 
    "适宜性": "Suitability", 
    "适用性": "Usefulness", 
    "逃离": "Escaping", 
    "逃跑": "Fleeing", 
    "通缉犯罪嫌疑人": "Want_suspect", 
    "造成伤害": "Cause_harm", 
    "逮捕": "Arrest", 
    "道德评判": "Morality_evaluation", 
    "避": "Avoiding", 
    "部分": "Partitive", 
    "部分之内外": "Part_inner_outer", 
    "部分之定位性": "Part_orientational", 
    "部分之有序性": "Part_ordered_segments", 
    "采矿": "Mining", 
    "释放": "Releasing", 
    "钱": "Money", 
    "锈蚀": "Corroding", 
    "锻炼": "Exercising", 
    "长度测量": "Measure_linear_extent", 
    "防腐保鲜": "Preserving", 
    "阻挠": "Thwarting", 
    "阻止": "Preventing", 
    "阻碍": "Hindering", 
    "陈述": "Statement", 
    "限制": "Limiting", 
    "限制行动": "Inhibit_movement", 
    "限度": "Limitation", 
    "隐藏_物品": "Hiding_objects", 
    "集合": "Gathering_up", 
    "雇主场景": "Employer_scenario", 
    "雇佣初期": "Employment_start", 
    "雇佣场景": "Employment_scenario", 
    "雇佣时间": "Employment_continue", 
    "雇佣末期": "Employment_end", 
    "雇员场景": "Employee_scenario", 
    "雇用": "Employing", 
    "非自主感知": "Perception_experience", 
    "面积测量": "Measure_area", 
    "面部表情": "Facial_expression", 
    "顺访": "Drop_in_on", 
    "预期": "Expectation", 
    "预测": "Predicting", 
    "预订": "Reserving", 
    "频率": "Frequency", 
    "风险场景": "Risk_scenario", 
    "鲜明性": "Obviousness"
}