{
    "Abundance": "丰富", 
    "Abusing": "虐待", 
    "Accomplishment": "成就", 
    "Accuracy": "准确性", 
    "Activity": "行为过程", 
    "Activity_abandoned_state": "行为绝对中止状态", 
    "Activity_done_state": "行为完成状态", 
    "Activity_finish": "行为完成", 
    "Activity_ongoing": "行为进行", 
    "Activity_pause": "行动相对中止", 
    "Activity_paused_state": "行为相对中止状态", 
    "Activity_prepare": "行为准备", 
    "Activity_ready_state": "行为准备就绪状态", 
    "Activity_resume": "行为重启", 
    "Activity_start": "行为开始", 
    "Activity_stop": "行为绝对终止", 
    "Adjusting": "调整", 
    "Aging": "老化", 
    "Amalgamation": "结合", 
    "Amassing": "积累", 
    "Amounting_to": "共计", 
    "Appeal": "上诉", 
    "Arraignment": "传讯", 
    "Arranging": "排列", 
    "Arrest": "逮捕", 
    "Arriving": "到达", 
    "Arson": "纵火罪", 
    "Assessing": "评定", 
    "Assistance": "协助", 
    "Attaching": "接合", 
    "Attack": "攻击", 
    "Attempt_distant_interaction_scenario": "尝试远距离互动场景", 
    "Attempt_means": "方法尝试", 
    "Attempt_obtain_food_scenario": "尝试获取食物场景", 
    "Attempt_obtain_mineral_scenario": "尝试获取矿物场景", 
    "Attempt_suasion": "力劝", 
    "Attempting_scenario": "尝试场景", 
    "Attending": "参加", 
    "Attention": "注意", 
    "Attention_getting": "招呼", 
    "Attributes": "属性", 
    "Avoiding": "避", 
    "Awareness": "知道", 
    "Be_on_alert": "警惕", 
    "Bearing_arms": "携带武器", 
    "Becoming": "成为", 
    "Becoming_attached": "联结", 
    "Becoming_aware": "发现", 
    "Becoming_dry": "变干", 
    "Becoming_separated": "分离", 
    "Being_born": "出生", 
    "Being_detached": "物物分离", 
    "Being_dry": "干燥", 
    "Being_employed": "受雇", 
    "Being_in_category": "属于某类", 
    "Being_included": "组成", 
    "Being_located": "位置", 
    "Being_named": "命名", 
    "Being_obligated": "意愿", 
    "Being_rotted": "腐烂", 
    "Being_strong": "坚固", 
    "Birth_scenario": "出生场景", 
    "Body_description_holistic": "体型特征", 
    "Borrowing": "借入", 
    "Breaking_apart": "碎裂", 
    "Breaking_off": "脱落", 
    "Bringing": "运送", 
    "Building": "构建", 
    "Bungling": "搞砸", 
    "Categorization": "范畴化", 
    "Causation": "因果", 
    "Cause_change": "使变化", 
    "Cause_change_of_phase": "使状态发生变化", 
    "Cause_change_of_position_on_a_scale": "使量变", 
    "Cause_emotion": "使产生情绪", 
    "Cause_expansion": "使伸缩", 
    "Cause_harm": "造成伤害", 
    "Cause_motion": "使位移", 
    "Cause_temperature_change": "使温度变化", 
    "Cause_to_amalgamate": "使结合", 
    "Cause_to_continue": "使持续", 
    "Cause_to_make_progress": "使发展", 
    "Cause_to_start": "使开始", 
    "Certainty": "相信", 
    "Change_direction": "方向改变", 
    "Change_event_time": "事件发生时间改变", 
    "Change_of_consistency": "密度变化", 
    "Change_of_leadership": "职权变更", 
    "Change_of_phase": "状态变化", 
    "Change_of_phase_scenario": "状态变化情境", 
    "Change_posture": "姿势变化", 
    "Chatting": "交谈", 
    "Choosing": "挑选", 
    "Closure": "封闭", 
    "Cogitation": "思考", 
    "Coming_to_be": "形成", 
    "Coming_to_believe": "获知", 
    "Commerce_buy": "商业购买", 
    "Commerce_collect": "收款", 
    "Commerce_money-transfer": "货币交易", 
    "Commerce_pay": "付款", 
    "Commerce_sell": "出售", 
    "Commercial_transaction": "商业交易", 
    "Commitment": "承诺", 
    "Communication": "信息交流", 
    "Commutation": "减刑", 
    "Competition": "比赛", 
    "Complaining": "埋怨", 
    "Completeness": "完整性", 
    "Compliance": "依从", 
    "Containing": "容纳", 
    "Corporal_punishment": "体罚", 
    "Corroding": "锈蚀", 
    "Cotheme": "追随", 
    "Court_examination": "法庭询问", 
    "Creating": "创造", 
    "Crime_scenario": "犯罪场景", 
    "Death": "死亡", 
    "Deciding": "决定", 
    "Deserving": "值得", 
    "Desiring": "渴望", 
    "Destroying": "破坏", 
    "Detaching": "使分开", 
    "Detaining": "拘留", 
    "Differentiation": "辨别", 
    "Disembarking": "从交通工具上下来", 
    "Dispersal": "使分散", 
    "Dressing": "穿戴", 
    "Drop_in_on": "顺访", 
    "Education_teaching": "教育教学", 
    "Emotion_directed": "情感反应", 
    "Emotion_heat": "情感之热度", 
    "Emotions": "情感", 
    "Employee_scenario": "雇员场景", 
    "Employer_scenario": "雇主场景", 
    "Employing": "雇用", 
    "Employment_continue": "雇佣时间", 
    "Employment_end": "雇佣末期", 
    "Employment_scenario": "雇佣场景", 
    "Employment_start": "雇佣初期", 
    "Emptying": "清空", 
    "Encoding": "编码", 
    "Endangering": "危害", 
    "Enforcing": "执行法规", 
    "Entering_of_plea": "辩护", 
    "Erasing": "删除", 
    "Escaping": "逃离", 
    "Estimating": "估算", 
    "Evading": "躲避", 
    "Event": "事件", 
    "Evidence": "证明", 
    "Evoking": "唤起", 
    "Execution": "死刑", 
    "Exemplariness": "典型性", 
    "Exercising": "锻炼", 
    "Existence": "存现", 
    "Expansion": "扩展", 
    "Expectation": "预期", 
    "Experiencer_obj": "心理刺激", 
    "Explosion": "爆炸", 
    "Exporting": "出口", 
    "Expressing_publicly": "表达", 
    "Extradition": "引渡", 
    "Facial_expression": "面部表情", 
    "Familiarity": "熟悉", 
    "Feeling": "感觉", 
    "Feigning": "作假", 
    "Fighting_activity": "打斗", 
    "Filling": "填充", 
    "Fining": "罚款", 
    "Finish_competition": "比赛结果", 
    "Fire_burning": "燃烧", 
    "Firing": "解雇", 
    "Fleeing": "逃跑", 
    "Forgoing": "放弃", 
    "Frequency": "频率", 
    "Fullness": "满", 
    "Gathering_up": "集合", 
    "Get_a_job": "得到工作", 
    "Getting": "获得", 
    "Getting_scenario": "获得场景", 
    "Getting_underway": "启程", 
    "Giving": "给予", 
    "Giving_birth": "生孩子", 
    "Grasp": "理解", 
    "Grooming": "清洁", 
    "Growing_food": "种植作物", 
    "Guest_and_host": "宾主", 
    "Have_as_requirement": "客观需求", 
    "Health_response": "健康反应", 
    "Hiding_objects": "隐藏_物品", 
    "Hindering": "阻碍", 
    "Hiring": "招聘", 
    "Identicality": "异同", 
    "Importing": "进口", 
    "Imposing_obligation": "使负有责任", 
    "Imprisonment": "监禁", 
    "Inclusion": "包括", 
    "Inclusion_scenario": "包括情景", 
    "Ingestion": "摄取", 
    "Inhibit_movement": "限制行动", 
    "Inspecting": "检查", 
    "Installing": "安装", 
    "Instance": "实例", 
    "Intentionally_act": "有意行为", 
    "Intentionally_affect": "故意影响", 
    "Intercepting": "拦截", 
    "Intoxication": "迷醉", 
    "Invading": "入侵", 
    "Judgment_communication": "传达评价", 
    "Judicial_body": "司法机关", 
    "Justifying": "辩解", 
    "Kidnapping": "绑架", 
    "Killing": "杀害", 
    "Labeling": "贴标签", 
    "Law": "法律", 
    "Legality": "合法", 
    "Lending": "出借", 
    "Light_movement": "照射", 
    "Limitation": "限度", 
    "Limiting": "限制", 
    "Locating": "定位", 
    "Location_of_light": "发光", 
    "Locative_relation": "方位关系", 
    "Lodging_scenario": "住宿场景", 
    "Losing": "丢失", 
    "Losing_it": "情绪失控", 
    "Losing_someone": "失去某人", 
    "Losing_track_of_theme": "失", 
    "Make_cognitive_connection": "联想", 
    "Make_noise": "发声", 
    "Measurable_attributes": "测量属性", 
    "Measure_area": "面积测量", 
    "Measure_by_action": "用动作行为测量", 
    "Measure_duration": "时间测量", 
    "Measure_linear_extent": "长度测量", 
    "Measure_mass": "质量测量", 
    "Measure_scenario": "测量场景", 
    "Measure_volume": "容积测量", 
    "Measures": "度量衡", 
    "Membership": "成员", 
    "Memorization": "记", 
    "Memory": "记忆", 
    "Mining": "采矿", 
    "Money": "钱", 
    "Morality_evaluation": "道德评判", 
    "Motion": "位移", 
    "Motion_directional": "有向位移", 
    "Needing": "主观需要", 
    "Negation": "否定", 
    "Negative_conditional": "否定性条件", 
    "Objective_influence": "客观影响", 
    "Obviousness": "鲜明性", 
    "Offenses": "违法行为", 
    "Opinion": "观点", 
    "Origin": "起源", 
    "Pardon": "赦免", 
    "Part_inner_outer": "部分之内外", 
    "Part_ordered_segments": "部分之有序性", 
    "Part_orientational": "部分之定位性", 
    "Part_whole": "整体之部分", 
    "Partiality": "偏向性", 
    "Participation": "参与", 
    "Partitive": "部分", 
    "Passing": "传递", 
    "Patrolling": "巡逻", 
    "Perception": "感知觉", 
    "Perception_active": "自主感知", 
    "Perception_body": "身体感知", 
    "Perception_experience": "非自主感知", 
    "Permitting": "许可", 
    "Physical_artworks": "艺术制品", 
    "Piracy": "劫持", 
    "Placing": "放置", 
    "Placing_scenario": "放置场景", 
    "Planting": "种植", 
    "Possession": "拥有", 
    "Post_getting": "获得后", 
    "Post_giving": "给予后", 
    "Posture": "身体姿势", 
    "Practice": "练习", 
    "Pre_getting": "获得前", 
    "Predicting": "预测", 
    "Preserving": "防腐保鲜", 
    "Prevent_from_having": "使得不到", 
    "Preventing": "阻止", 
    "Prison": "监狱", 
    "Process": "过程", 
    "Process_completed_state": "过程完成状态", 
    "Process_continue": "过程持续", 
    "Process_initial_state": "过程初始状态", 
    "Process_pause": "过程中断", 
    "Process_resume": "过程中断后继续", 
    "Process_start": "过程开始", 
    "Process_stopped_state": "过程停止状态", 
    "Progress": "进展", 
    "Proportion": "比例", 
    "Protecting": "保护", 
    "Publishing": "出版", 
    "Purpose": "目的", 
    "Quarreling": "争论", 
    "Questioning": "询问", 
    "Quitting": "辞职", 
    "Rape": "强奸", 
    "Reasoning": "论证", 
    "Reassuring": "宽慰", 
    "Receiving": "接收", 
    "Recording": "记录", 
    "Recovery": "康复", 
    "Region_with_portal": "有入口的区域", 
    "Releasing": "释放", 
    "Reliance": "依靠", 
    "Reliance_on_expectation": "指望", 
    "Religious_belief": "宗教信仰", 
    "Remembering_experience": "情景记忆", 
    "Remembering_information": "信息记忆", 
    "Remembering_to_do": "行动记忆", 
    "Renting": "承租", 
    "Renting_out": "出租", 
    "Repel": "抵制", 
    "Replacing": "取代", 
    "Reporting": "举报", 
    "Research": "研究", 
    "Reserving": "预订", 
    "Residence": "居住", 
    "Resolve_problem": "解决", 
    "Respond_to_proposal": "回应提议", 
    "Rest": "其余", 
    "Retaining": "保留", 
    "Revenge": "复仇", 
    "Rewards_and_punishments": "奖励与惩罚", 
    "Risk_scenario": "风险场景", 
    "Robbery": "抢劫", 
    "Run_risk": "冒险", 
    "Scrutinizing_for": "仔细查看", 
    "Scrutiny": "查看", 
    "Secrecy_status": "保密状态", 
    "Seeking": "寻找", 
    "Sending": "发送", 
    "Sensation": "感受", 
    "Sentencing": "判决", 
    "Separating": "使分离", 
    "Setting_fire": "放火", 
    "Setting_out": "出发", 
    "Sharing": "共享", 
    "Shopping": "购物", 
    "Short_selling": "卖空", 
    "Sign": "迹象", 
    "Silencing": "使安静", 
    "Similarity": "类似",
    "Simple_name": "名称", 
    "Simple_naming": "称", 
    "Smuggling": "走私", 
    "Soaking": "浸泡", 
    "Source_of_getting": "获取起点", 
    "Speak_on_topic": "谈论话题", 
    "Stage_of_progress": "发展阶段", 
    "Standing_by": "待命", 
    "State": "状态", 
    "State_continue": "状态持续", 
    "State_of_entity": "实体状态", 
    "Statement": "陈述", 
    "Store": "储备", 
    "Storing": "储存", 
    "Studying": "学习", 
    "Subjective_influence": "主观影响", 
    "Submitting_documents": "提交文件", 
    "Subsisting": "维持生活", 
    "Success_or_failure": "成败", 
    "Successful_action": "成败行为", 
    "Successfully_communicate_message": "成功传达信息", 
    "Sufficiency": "足够", 
    "Suitability": "适宜性", 
    "Summarizing": "总结", 
    "Supply": "提供", 
    "Surpassing": "超出", 
    "Surrendering": "自首", 
    "Surrendering_possession": "缴械投降", 
    "Surviving": "幸存", 
    "Suspicion": "嫌疑", 
    "Suspiciousness": "可疑", 
    "Take_place_of": "代替", 
    "Taking": "拿走", 
    "Taking_captive": "抓捕", 
    "Tasting": "品尝", 
    "Telling": "告诉", 
    "Text": "文本", 
    "Text_creation": "文本创作", 
    "Theft": "盗窃", 
    "Thwarting": "阻挠", 
    "Topic": "话题", 
    "Touring": "游览", 
    "Toxic_substance": "有毒物质", 
    "Transfer_scenario": "转移场景", 
    "Translating": "翻译", 
    "Traversing": "穿越", 
    "Treating_and_mistreating": "优待与虐待", 
    "Triggering": "触发", 
    "Try_defendant": "讯问被告人", 
    "Turning_out": "结果", 
    "Undergo_change": "经历变化", 
    "Undergoing": "经受", 
    "Usefulness": "适用性", 
    "Using": "使用", 
    "Verification": "核实", 
    "Visit_host": "拜访_东道主", 
    "Visit_host_arrival": "拜访_东道主_到访", 
    "Visit_host_departure": "拜访_东道主_离开", 
    "Visit_host_stay": "拜访_东道主_停留", 
    "Visiting": "拜访", 
    "Visiting_scenario": "拜访场景", 
    "Visiting_scenario_arrival": "拜访场景_到访", 
    "Visiting_scenario_departing": "拜访场景_离开", 
    "Visiting_scenario_stay": "拜访场景_停留", 
    "Visitor_and_host": "访客_东道主", 
    "Visitor_arrival": "访客_到访", 
    "Visitor_departure": "访客_离开", 
    "Visitor_scenario": "访客_场景", 
    "Want_suspect": "通缉犯罪嫌疑人", 
    "Win_prize": "获奖"
}