{
    "fdInfo": {
        "eName": "Recovery", 
        "cName": "康复", 
        "des": "该框架里的词元描述的是受事从苦痛中恢复或康复的过程，但并不提及任何治疗或者治疗物的影响（参阅“治愈”框架）。"
    }, 
    "frameId": 439, 
    "lexElmt": [
        {
            "word": "病愈", 
            "POS": "v"
        }, 
        {
            "word": "复元", 
            "POS": "v"
        }, 
        {
            "word": "复原", 
            "POS": "v"
        }, 
        {
            "word": "好转", 
            "POS": "v"
        }, 
        {
            "word": "恢复", 
            "POS": "v"
        }, 
        {
            "word": "康复", 
            "POS": "v"
        }, 
        {
            "word": "痊愈", 
            "POS": "v"
        }, 
        {
            "word": "愈合", 
            "POS": "v"
        }
    ], 
    "element": [
        {
            "abbrName": "affl", 
            "eName": "Affliction", 
            "isMapped": true, 
            "cName": "苦痛", 
            "isCore": true, 
            "def": "该框架元素是指受事所经历的伤痛、疼痛或者疾病。苦痛可能是动词的外部论元，也可能是名词或动词的介词短语补足语"
        }, 
        {
            "abbrName": "bodp", 
            "eName": "Body_part", 
            "isMapped": true, 
            "cName": "身体部位", 
            "isCore": true, 
            "def": "当身体部位是一个孤立成分（而不是短语，例如：帕特胳膊上的伤）时，它往往是作为一个外部论元而出现的。"
        }, 
        {
            "abbrName": "pat", 
            "eName": "Patient", 
            "isMapped": true, 
            "cName": "受事", 
            "isCore": true, 
            "def": "受事可以作为外部论元出现（如“健康”、“治愈”框架），，也可作为苦痛的所有者出现（属于框架元素融合）。"
        }, 
        {
            "abbrName": "company", 
            "eName": "Company", 
            "isMapped": true, 
            "cName": "陪伴", 
            "isCore": false, 
            "def": "通常是指在康复期间陪护受事的个体或群体。"
        }, 
        {
            "abbrName": "degr", 
            "eName": "Degree", 
            "isMapped": true, 
            "cName": "程度", 
            "isCore": false, 
            "def": "受事从之前的病痛中恢复的程度。"
        }, 
        {
            "abbrName": "manr", 
            "eName": "Manner", 
            "isMapped": true, 
            "cName": "方式", 
            "isCore": false, 
            "def": "执行某一行为的方式"
        }, 
        {
            "abbrName": "mns", 
            "eName": "Means", 
            "isMapped": true, 
            "cName": "方法", 
            "isCore": false, 
            "def": "导致受事身体恢复的行为。"
        }, 
        {
            "abbrName": "place", 
            "eName": "Place", 
            "isMapped": true, 
            "cName": "处所", 
            "isCore": false, 
            "def": "身体康复发生的地点。"
        }, 
        {
            "abbrName": "time", 
            "eName": "Time", 
            "isMapped": true, 
            "cName": "时间", 
            "isCore": false, 
            "def": "身体康复发生的时间。"
        }
    ]
}