{
    "fdInfo": {
        "eName": "Arrest", 
        "cName": "逮捕", 
        "des": "官方指控被怀疑犯罪的犯罪嫌疑人，司法机关作出逮捕决定，官方执行这一决定，并把犯罪嫌疑人羁押起来，这是最严厉的刑事诉讼强制措施。"
    }, 
    "frameId": 4, 
    "lexElmt": [
        {
            "word": "逮", 
            "POS": "v"
        }, 
        {
            "word": "逮捕", 
            "POS": "v"
        }, 
        {
            "word": "逮住", 
            "POS": "v"
        }, 
        {
            "word": "擒获", 
            "POS": "v"
        }, 
        {
            "word": "擒拿", 
            "POS": "v"
        }, 
        {
            "word": "抓", 
            "POS": "v"
        }, 
        {
            "word": "捉拿", 
            "POS": "v"
        }
    ], 
    "element": [
        {
            "abbrName": "auth", 
            "eName": "Authorities", 
            "isMapped": true, 
            "cName": "官方", 
            "isCore": true, 
            "def": "官方指指控犯罪嫌疑人犯罪，并执行逮捕决定、羁押犯罪嫌疑人的机构，一般指公安机关。"
        }, 
        {
            "abbrName": "chrgs", 
            "eName": "Charges", 
            "isMapped": true, 
            "cName": "指控", 
            "isCore": true, 
            "def": "指控罪名在法律体系内对犯罪种类进行区分，它是犯罪嫌疑人被指控的罪名。"
        }, 
        {
            "abbrName": "offense", 
            "eName": "Offense", 
            "isMapped": true, 
            "cName": "罪行", 
            "isCore": true, 
            "def": "犯罪行为表示嫌疑犯被逮捕的原因。"
        }, 
        {
            "abbrName": "suspect", 
            "eName": "Suspect", 
            "isMapped": true, 
            "cName": "嫌疑人", 
            "isCore": true, 
            "def": "犯罪嫌疑人是被指控犯罪的人。"
        }, 
        {
            "abbrName": "manr", 
            "eName": "Manner", 
            "isMapped": true, 
            "cName": "方式", 
            "isCore": false, 
            "def": "对逮捕行为所做的描述。"
        }, 
        {
            "abbrName": "mns", 
            "eName": "Means", 
            "isMapped": true, 
            "cName": "方法", 
            "isCore": false, 
            "def": "表示官方逮捕犯罪嫌疑人所使用的手段。"
        }, 
        {
            "abbrName": "place", 
            "eName": "Place", 
            "isMapped": true, 
            "cName": "处所", 
            "isCore": false, 
            "def": "逮捕发生的地点。"
        }, 
        {
            "abbrName": "sla", 
            "eName": "Source_of_legal_authority", 
            "isMapped": true, 
            "cName": "法律依据", 
            "isCore": false, 
            "def": "描述了准予官方逮捕犯罪嫌疑人的法律条文。"
        }, 
        {
            "abbrName": "time", 
            "eName": "Time", 
            "isMapped": true, 
            "cName": "时间", 
            "isCore": false, 
            "def": "逮捕发生的时间。"
        }, 
        {
            "abbrName": "Type", 
            "eName": "Type", 
            "isMapped": false, 
            "cName": null, 
            "isCore": false, 
            "def": "This FE indicates the subtype of arrest under which the Suspect is placed.\nThe police placed Harry under house arrest."
        }, 
        {
            "abbrName": "Purp", 
            "eName": "Purpose", 
            "isMapped": false, 
            "cName": null, 
            "isCore": false, 
            "def": "This FE identifies the purpose for which Authorities arrest a Suspect.\nThe police arrested Harry to get him off the street."
        }, 
        {
            "abbrName": "co-p", 
            "eName": "Co-participant", 
            "isMapped": false, 
            "cName": null, 
            "isCore": false, 
            "def": "A person that participates in the event along with the Authorities or the Suspect.\n\nShe was arrested with the Minister of Finance, Javier Soledad ."
        }
    ]
}