{
    "fdInfo": {
        "eName": "Attempt_suasion", 
        "cName": "力劝", 
        "des": "说话者用语言表达愿望，去说服信息接收者在某种程度上做有助于实现内容中描述的事件或事态。但这并不意味着信息接收者就会有意去做出某种举动，更不用说是做出实际举动"
    }, 
    "frameId": 402, 
    "lexElmt": [
        {
            "word": "倡导", 
            "POS": "v"
        }, 
        {
            "word": "倡言", 
            "POS": "v"
        }, 
        {
            "word": "倡扬", 
            "POS": "v"
        }, 
        {
            "word": "倡议", 
            "POS": "v"
        }, 
        {
            "word": "告诫", 
            "POS": "v"
        }, 
        {
            "word": "告饶", 
            "POS": "v"
        }, 
        {
            "word": "鼓励", 
            "POS": "v"
        }, 
        {
            "word": "哄", 
            "POS": "v"
        }, 
        {
            "word": "哄逗", 
            "POS": "v"
        }, 
        {
            "word": "哄骗", 
            "POS": "v"
        }, 
        {
            "word": "建议", 
            "POS": "v"
        }, 
        {
            "word": "警告", 
            "POS": "v"
        }, 
        {
            "word": "警戒", 
            "POS": "v"
        }, 
        {
            "word": "警诫", 
            "POS": "v"
        }, 
        {
            "word": "恳求", 
            "POS": "v"
        }, 
        {
            "word": "力荐", 
            "POS": "v"
        }, 
        {
            "word": "劝", 
            "POS": "v"
        }, 
        {
            "word": "劝导", 
            "POS": "v"
        }, 
        {
            "word": "劝告", 
            "POS": "v"
        }, 
        {
            "word": "劝和", 
            "POS": "v"
        }, 
        {
            "word": "劝化", 
            "POS": "v"
        }, 
        {
            "word": "劝驾", 
            "POS": "v"
        }, 
        {
            "word": "劝架", 
            "POS": "v"
        }, 
        {
            "word": "劝谏", 
            "POS": "v"
        }, 
        {
            "word": "劝降", 
            "POS": "v"
        }, 
        {
            "word": "劝解", 
            "POS": "v"
        }, 
        {
            "word": "劝诫", 
            "POS": "v"
        }, 
        {
            "word": "劝进", 
            "POS": "v"
        }, 
        {
            "word": "劝酒", 
            "POS": "v"
        }, 
        {
            "word": "劝勉", 
            "POS": "v"
        }, 
        {
            "word": "劝募", 
            "POS": "v"
        }, 
        {
            "word": "劝说", 
            "POS": "v"
        }, 
        {
            "word": "劝退", 
            "POS": "v"
        }, 
        {
            "word": "劝慰", 
            "POS": "v"
        }, 
        {
            "word": "劝诱", 
            "POS": "v"
        }, 
        {
            "word": "劝止", 
            "POS": "v"
        }, 
        {
            "word": "劝阻", 
            "POS": "v"
        }, 
        {
            "word": "怂恿", 
            "POS": "v"
        }, 
        {
            "word": "提倡", 
            "POS": "v"
        }, 
        {
            "word": "提亲", 
            "POS": "v"
        }, 
        {
            "word": "提醒", 
            "POS": "v"
        }, 
        {
            "word": "提议", 
            "POS": "v"
        }, 
        {
            "word": "推荐", 
            "POS": "v"
        }, 
        {
            "word": "游说", 
            "POS": "v"
        }
    ], 
    "element": [
        {
            "abbrName": "add", 
            "eName": "Addressee", 
            "isMapped": true, 
            "cName": "信息接收者", 
            "isCore": true, 
            "def": "说话者试图去影响其行为的人。"
        }, 
        {
            "abbrName": "con", 
            "eName": "Content", 
            "isMapped": true, 
            "cName": "内容", 
            "isCore": true, 
            "def": "说话者希望听话者采取某种行动所说的话。"
        }, 
        {
            "abbrName": "medium", 
            "eName": "Medium", 
            "isMapped": true, 
            "cName": "媒介", 
            "isCore": true, 
            "def": "对信息接收者接受某内容有潜在影响力的书面或口头材料。"
        }, 
        {
            "abbrName": "sal", 
            "eName": "Salient_entity", 
            "isMapped": true, 
            "cName": "凸显实体", 
            "isCore": true, 
            "def": "说话者认为应该参与某行为的某实体。"
        }, 
        {
            "abbrName": "spkr", 
            "eName": "Speaker", 
            "isMapped": true, 
            "cName": "说话者", 
            "isCore": true, 
            "def": "试图通过语言说服另一个人采取行动的人。"
        }, 
        {
            "abbrName": "top", 
            "eName": "Topic", 
            "isMapped": true, 
            "cName": "主题", 
            "isCore": true, 
            "def": "交流的内容。"
        }, 
        {
            "abbrName": "circ", 
            "eName": "Circumstances", 
            "isMapped": true, 
            "cName": "环境条件", 
            "isCore": false, 
            "def": "（独立于事件本身）的世界状态。"
        }, 
        {
            "abbrName": "degr", 
            "eName": "Degree", 
            "isMapped": true, 
            "cName": "程度", 
            "isCore": false, 
            "def": "该框架元素指事件发生的程度。"
        }, 
        {
            "abbrName": "depic", 
            "eName": "Depictive", 
            "isMapped": true, 
            "cName": "形容", 
            "isCore": false, 
            "def": "形容是对行为发出者进行描写的短语。"
        }, 
        {
            "abbrName": "expla", 
            "eName": "Explanation", 
            "isMapped": true, 
            "cName": "解释", 
            "isCore": false, 
            "def": "解释是指按照逻辑由主句（被描述对象是其主语）推导出的某命题。这通常意味着解释导致了被描述对象的命题，但并非所有情况都如此。\n解释指的是一个由目标词引导的主句在逻辑上所推断出的命题。这表明，大多数情况下，解释引起了目标词语所述的命题，但并不是所有情况都是如此。"
        }, 
        {
            "abbrName": "freq", 
            "eName": "Frequency", 
            "isMapped": true, 
            "cName": "频率", 
            "isCore": false, 
            "def": "某个单位时间内某一事件发生的次数。“频率”的表达常用于回答“多久一次”的问题。"
        }, 
        {
            "abbrName": "group", 
            "eName": "Group", 
            "isMapped": true, 
            "cName": "群体", 
            "isCore": false, 
            "def": "群体指说话者和尝试说服事件发生时的媒介所组成的集合。"
        }, 
        {
            "abbrName": "manr", 
            "eName": "Manner", 
            "isMapped": true, 
            "cName": "方式", 
            "isCore": false, 
            "def": "该框架元素指做出某行为的方式。"
        }, 
        {
            "abbrName": "mns", 
            "eName": "Means", 
            "isMapped": true, 
            "cName": "方法", 
            "isCore": false, 
            "def": "该框架元素指做出某行为的方法。"
        }, 
        {
            "abbrName": "p-iter", 
            "eName": "Period_of_iterations", 
            "isMapped": true, 
            "cName": "迭代周期", 
            "isCore": false, 
            "def": "该框架元素指的是从目标词所表示的事件开始重复到结束重复的时长。"
        }, 
        {
            "abbrName": "place", 
            "eName": "Place", 
            "isMapped": true, 
            "cName": "处所", 
            "isCore": false, 
            "def": "说话者尝试说服信息接收者的空间场所。"
        }, 
        {
            "abbrName": "purp", 
            "eName": "Purpose", 
            "isMapped": true, 
            "cName": "目的", 
            "isCore": false, 
            "def": "说话者尝试说服听话者的原因。"
        }, 
        {
            "abbrName": "re-e", 
            "eName": "Re-encoding", 
            "isMapped": true, 
            "cName": "重编码词", 
            "isCore": false, 
            "def": "在试图说服信息接受者时对凸显实体所使用的身份。"
        }, 
        {
            "abbrName": "time", 
            "eName": "Time", 
            "isMapped": true, 
            "cName": "时间", 
            "isCore": false, 
            "def": "游说发生的时间。"
        }, 
        {
            "abbrName": "Role", 
            "eName": "Role", 
            "isMapped": true, 
            "cName": "角色", 
            "isCore": false, 
            "def": "The role in which the Salient_entity is used to try to persuade the Addressee.\n\nLinda recommended Juan as the new head of the department. "
        }
    ]
}