{
    "fdInfo": {
        "eName": "Pre_getting", 
        "cName": "获得前", 
        "des": "接受者在得到或拥有某转移体之前的状态。"
    }, 
    "frameId": 499, 
    "lexElmt": [], 
    "element": [
        {
            "abbrName": "reci", 
            "eName": "Recipient", 
            "isMapped": true, 
            "cName": "接受者", 
            "isCore": true, 
            "def": "即将获得转移体的个人。"
        }, 
        {
            "abbrName": "thm", 
            "eName": "Theme", 
            "isMapped": true, 
            "cName": "转移体", 
            "isCore": true, 
            "def": "即将被接受者获得的某实体。"
        }, 
        {
            "abbrName": "manr", 
            "eName": "Manner", 
            "isMapped": true, 
            "cName": "方式", 
            "isCore": false, 
            "def": "该框架元素描述的是接受者得到转移体的方式。"
        }, 
        {
            "abbrName": "time", 
            "eName": "Time", 
            "isMapped": true, 
            "cName": "时间", 
            "isCore": false, 
            "def": "该框架元素可表明“得到后”事件发生的时间"
        }
    ]
}