{
    "fdInfo": {
        "eName": "Post_getting", 
        "cName": "获得后", 
        "des": "接受者获得转移体之后的阶段。"
    }, 
    "frameId": 391, 
    "lexElmt": [], 
    "element": [
        {
            "abbrName": "reci", 
            "eName": "Recipient", 
            "isMapped": true, 
            "cName": "接受者", 
            "isCore": true, 
            "def": "刚刚得到转移体的个体。"
        }, 
        {
            "abbrName": "thm", 
            "eName": "Theme", 
            "isMapped": true, 
            "cName": "转移体", 
            "isCore": true, 
            "def": "刚刚由接受者拥有的实体"
        }, 
        {
            "abbrName": "manr", 
            "eName": "Manner", 
            "isMapped": true, 
            "cName": "方式", 
            "isCore": false, 
            "def": "接受者拥有转移体的方式。"
        }, 
        {
            "abbrName": "time", 
            "eName": "Time", 
            "isMapped": true, 
            "cName": "时间", 
            "isCore": false, 
            "def": "该框架元素指获得后事件发生的时间。"
        }
    ]
}