{
    "fdInfo": {
        "eName": "Be_on_alert", 
        "cName": "警惕", 
        "des": "主体意识到一种潜在的危险（危险的事件或危险实体可能参与到一个对主体有害的事件中），并准备好参与到应对该危险的活动中。"
    }, 
    "frameId": 509, 
    "lexElmt": [
        {
            "word": "当心", 
            "POS": "v"
        }, 
        {
            "word": "防备", 
            "POS": "v"
        }, 
        {
            "word": "戒备", 
            "POS": "v"
        }, 
        {
            "word": "警报", 
            "POS": "n"
        }, 
        {
            "word": "警备", 
            "POS": "v"
        }, 
        {
            "word": "警戒", 
            "POS": "v"
        }, 
        {
            "word": "警觉", 
            "POS": "n"
        }, 
        {
            "word": "警觉", 
            "POS": "v"
        }, 
        {
            "word": "留神", 
            "POS": "v"
        }, 
        {
            "word": "提防", 
            "POS": "v"
        }, 
        {
            "word": "小心", 
            "POS": "v"
        }
    ], 
    "element": [
        {
            "abbrName": "activity", 
            "eName": "Activity", 
            "isMapped": true, 
            "cName": "行为", 
            "isCore": true, 
            "def": "主体准备好要实施的行动。"
        }, 
        {
            "abbrName": "dang", 
            "eName": "Danger", 
            "isMapped": true, 
            "cName": "危险", 
            "isCore": true, 
            "def": "主体意识到或准备好应对的危险事件或处境。"
        }, 
        {
            "abbrName": "dang_ent", 
            "eName": "Dangerous_entity", 
            "isMapped": true, 
            "cName": "危险实体", 
            "isCore": true, 
            "def": "主体意识到并构成危险的实体。"
        }, 
        {
            "abbrName": "prot", 
            "eName": "Protagonist", 
            "isMapped": true, 
            "cName": "主体", 
            "isCore": true, 
            "def": "该框架元素指的是准备好为应对危险做出行动的主体。"
        }, 
        {
            "abbrName": "degr", 
            "eName": "Degree", 
            "isMapped": true, 
            "cName": "程度", 
            "isCore": false, 
            "def": "主体提防可能的危险并随时准备做出行动的程度。"
        }, 
        {
            "abbrName": "dura", 
            "eName": "Duration", 
            "isMapped": true, 
            "cName": "时量", 
            "isCore": false, 
            "def": "主体准备做出行动的时间长度。"
        }, 
        {
            "abbrName": "result", 
            "eName": "Result", 
            "isMapped": true, 
            "cName": "结果", 
            "isCore": false, 
            "def": "由于就绪状态，随之产生的状态或事件。"
        }, 
        {
            "abbrName": "time", 
            "eName": "Time", 
            "isMapped": true, 
            "cName": "时间", 
            "isCore": false, 
            "def": "主体警惕潜在危险的时间。"
        }
    ]
}