{
    "fdInfo": {
        "eName": "Frequency", 
        "cName": "频率", 
        "des": "该框架与一个事件的重复有关（尤其是重复的频率）。该框架的许多形容词和副词是以历法单位框架下的名词为依据的。"
    }, 
    "frameId": 458, 
    "lexElmt": [
        {
            "word": "不断", 
            "POS": "d"
        }, 
        {
            "word": "不时", 
            "POS": "d"
        }, 
        {
            "word": "常", 
            "POS": "d"
        }, 
        {
            "word": "常常", 
            "POS": "d"
        }, 
        {
            "word": "动不动", 
            "POS": "d"
        }, 
        {
            "word": "间或", 
            "POS": "d"
        }, 
        {
            "word": "经常", 
            "POS": "d"
        }, 
        {
            "word": "老", 
            "POS": "d"
        }, 
        {
            "word": "老是", 
            "POS": "d"
        }, 
        {
            "word": "累", 
            "POS": "d"
        }, 
        {
            "word": "累次", 
            "POS": "d"
        }, 
        {
            "word": "连", 
            "POS": "d"
        }, 
        {
            "word": "连连", 
            "POS": "d"
        }, 
        {
            "word": "屡", 
            "POS": "d"
        }, 
        {
            "word": "屡次", 
            "POS": "d"
        }, 
        {
            "word": "屡次三番", 
            "POS": "i"
        }, 
        {
            "word": "屡屡", 
            "POS": "d"
        }, 
        {
            "word": "每每", 
            "POS": "d"
        }, 
        {
            "word": "年年", 
            "POS": "d"
        }, 
        {
            "word": "偶", 
            "POS": "d"
        }, 
        {
            "word": "偶尔", 
            "POS": "d"
        }, 
        {
            "word": "频频", 
            "POS": "d"
        }, 
        {
            "word": "时不时", 
            "POS": "d"
        }, 
        {
            "word": "时常", 
            "POS": "d"
        }, 
        {
            "word": "时而", 
            "POS": "d"
        }, 
        {
            "word": "时时", 
            "POS": "d"
        }, 
        {
            "word": "通常", 
            "POS": "d"
        }, 
        {
            "word": "往往", 
            "POS": "d"
        }, 
        {
            "word": "一再", 
            "POS": "d"
        }, 
        {
            "word": "有时", 
            "POS": "d"
        }, 
        {
            "word": "再三", 
            "POS": "d"
        }
    ], 
    "element": [
        {
            "abbrName": "attr", 
            "eName": "Attribute", 
            "isMapped": true, 
            "cName": "属性", 
            "isCore": true, 
            "def": "作为议题的事件或凸显实体的频率特征。该框架中的所有词元都包含此框架元素。"
        }, 
        {
            "abbrName": "degr", 
            "eName": "Degree", 
            "isMapped": true, 
            "cName": "程度", 
            "isCore": true, 
            "def": "实际观测到的事件或凸显实体的发生率与预期发生率相异的程度。"
        }, 
        {
            "abbrName": "evnt", 
            "eName": "Event", 
            "isMapped": true, 
            "cName": "事件", 
            "isCore": true, 
            "def": "该框架元素指任何频率或迭代得到了描述的（有界）事件。"
        }, 
        {
            "abbrName": "interval", 
            "eName": "Interval", 
            "isMapped": true, 
            "cName": "间隔时间", 
            "isCore": true, 
            "def": "间隔时间是一个被目标词修饰的名词。"
        }, 
        {
            "abbrName": "rate", 
            "eName": "Rate", 
            "isMapped": true, 
            "cName": "比率", 
            "isCore": true, 
            "def": "遭遇某事件或凸显实体的单位时间的次数。"
        }, 
        {
            "abbrName": "sal", 
            "eName": "Salient_entity", 
            "isMapped": true, 
            "cName": "凸显实体", 
            "isCore": true, 
            "def": "隐含在文本中的认知者在特定频率下遇到的实体。"
        }, 
        {
            "abbrName": "tim_span", 
            "eName": "Time_span", 
            "isMapped": true, 
            "cName": "时间跨度", 
            "isCore": true, 
            "def": "时间跨度是指间隔时间的长度。该框架元素被包含于此框架的多数词元中。"
        }, 
        {
            "abbrName": "group", 
            "eName": "Group", 
            "isMapped": true, 
            "cName": "群体", 
            "isCore": false, 
            "def": "频繁发生的事件或凸显实体所属的群体。"
        }, 
        {
            "abbrName": "time", 
            "eName": "Time", 
            "isMapped": true, 
            "cName": "时间", 
            "isCore": false, 
            "def": "事件具有某一特定频率的时间。"
        }
    ]
}