{
    "fdInfo": {
        "eName": "intentionally_affect", 
        "cName": "故意影响", 
        "des": "行为人使相对方受到影响，有时需要使用一些特殊的方法或工具。"
    }, 
    "frameId": 248, 
    "lexElmt": [
        {
            "word": "使用", 
            "POS": "v"
        }, 
        {
            "word": "做", 
            "POS": "v"
        }
    ], 
    "element": [
        {
            "abbrName": "act", 
            "eName": "Act", 
            "isMapped": false, 
            "cName": "行为", 
            "isCore": false, 
            "def": "该框架元素说明行为人所实施的故意行为。"
        }, 
        {
            "abbrName": "agt", 
            "eName": "Agent", 
            "isMapped": true, 
            "cName": "施动者", 
            "isCore": true, 
            "def": "通常指实施了影响相对方的故意行为的人。"
        }, 
        {
            "abbrName": "pat", 
            "eName": "Patient", 
            "isMapped": true, 
            "cName": "受事", 
            "isCore": true, 
            "def": "相对方指受到行为人行为影响的人或物。"
        }, 
        {
            "abbrName": "degr", 
            "eName": "Degree", 
            "isMapped": true, 
            "cName": "程度", 
            "isCore": false, 
            "def": "相对方受行为人行为影响的程度。"
        }, 
        {
            "abbrName": "instru", 
            "eName": "Instrument", 
            "isMapped": true, 
            "cName": "工具", 
            "isCore": false, 
            "def": "行为人实施故意行为所使用的工具。"
        }, 
        {
            "abbrName": "manr", 
            "eName": "Manner", 
            "isMapped": true, 
            "cName": "方式", 
            "isCore": false, 
            "def": "对该事件的描述由更多的框架元素表述出来，此外，它也指出了行为人影响其行为的显著特点。"
        }, 
        {
            "abbrName": "mns", 
            "eName": "Means", 
            "isMapped": true, 
            "cName": "方法", 
            "isCore": false, 
            "def": "行为人实施故意行为所用的方法。"
        }, 
        {
            "abbrName": "place", 
            "eName": "Place", 
            "isMapped": true, 
            "cName": "处所", 
            "isCore": false, 
            "def": "该框架元素表明行为人进行故意行为的地点。·"
        }, 
        {
            "abbrName": "purp", 
            "eName": "Purpose", 
            "isMapped": true, 
            "cName": "目的", 
            "isCore": false, 
            "def": "行为人实施故意行为影响相对方的目的。"
        }, 
        {
            "abbrName": "rea", 
            "eName": "Reason", 
            "isMapped": false, 
            "cName": "原因", 
            "isCore": false, 
            "def": "行为人实施故意行为的原因。"
        }, 
        {
            "abbrName": "time", 
            "eName": "Time", 
            "isMapped": true, 
            "cName": "时间", 
            "isCore": false, 
            "def": "该框架元素表示行为人故意影响相对方的时间。"
        }, 
        {
            "abbrName": "eve", 
            "eName": "Event", 
            "isMapped": false, 
            "cName": null, 
            "isCore": false, 
            "def": "This FE identifies the act that the Agent performs intentionally."
        }, 
        {
            "abbrName": "Exp", 
            "eName": "Explanation", 
            "isMapped": false, 
            "cName": null, 
            "isCore": false, 
            "def": "A state of affairs that the Agent is responding to in performing the action.\n"
        }, 
        {
            "abbrName": null, 
            "eName": "Event_description", 
            "isMapped": false, 
            "cName": null, 
            "isCore": false, 
            "def": "This FE describes the event. "
        }
    ]
}