{
    "fdInfo": {
        "eName": "Being_obligated", 
        "cName": "意愿", 
        "des": "在某些条件下，某责任人必须履行某种意愿。如果责任人不履行这种意愿，可能会出现某种不好的后果（可能在句子里得不到反映）。注意：与[可能性]框架和[前提]框架有相同的词元。"
    }, 
    "frameId": 111, 
    "lexElmt": [
        {
            "word": "必得", 
            "POS": "v"
        }, 
        {
            "word": "必须", 
            "POS": "v"
        }, 
        {
            "word": "不得不", 
            "POS": "v"
        }, 
        {
            "word": "得", 
            "POS": "v"
        }, 
        {
            "word": "该当", 
            "POS": "v"
        }, 
        {
            "word": "理当", 
            "POS": "v"
        }, 
        {
            "word": "理应", 
            "POS": "v"
        }, 
        {
            "word": "务必", 
            "POS": "v"
        }, 
        {
            "word": "意愿", 
            "POS": "n"
        }, 
        {
            "word": "应当", 
            "POS": "v"
        }, 
        {
            "word": "应该", 
            "POS": "v"
        }, 
        {
            "word": "责任", 
            "POS": "n"
        }
    ], 
    "element": [
        {
            "abbrName": "duty", 
            "eName": "Duty", 
            "isMapped": true, 
            "cName": "责任", 
            "isCore": true, 
            "def": "责任人必须履行的行为。"
        }, 
        {
            "abbrName": "resp_party", 
            "eName": "Responsible_party", 
            "isMapped": true, 
            "cName": "责任人", 
            "isCore": true, 
            "def": "必须履行意愿的人"
        }, 
        {
            "abbrName": "condi", 
            "eName": "Condition", 
            "isMapped": true, 
            "cName": "条件", 
            "isCore": false, 
            "def": "此框架元素指的是责任人必须履行意愿的条件。"
        }, 
        {
            "abbrName": "conseq", 
            "eName": "Consequence", 
            "isMapped": true, 
            "cName": "后果", 
            "isCore": false, 
            "def": "因没履行意愿而产生的后果。"
        }, 
        {
            "abbrName": "place", 
            "eName": "Place", 
            "isMapped": true, 
            "cName": "处所", 
            "isCore": false, 
            "def": "责任人承担某种意愿的地方（空间）。"
        }, 
        {
            "abbrName": "time", 
            "eName": "Time", 
            "isMapped": true, 
            "cName": "时间", 
            "isCore": false, 
            "def": "责任人必须履行意愿的时间或时间段。"
        }, 
        {
            "abbrName": null, 
            "eName": "Frequency", 
            "isMapped": true, 
            "cName": "频率", 
            "isCore": false, 
            "def": "This frame element is defined as the number of times an event occurs per some unit of time. "
        }
    ]
}