{
    "fdInfo": {
        "eName": "Bearing_arms", 
        "cName": "携带武器", 
        "des": "主体拥有（或没有）武器。主体武装的程度也可能被描述。主体通常是一个人，但是也可能是具有附属武器的设备。"
    }, 
    "frameId": 444, 
    "lexElmt": [
        {
            "word": "武装", 
            "POS": "v"
        }, 
        {
            "word": "装备", 
            "POS": "v"
        }
    ], 
    "element": [
        {
            "abbrName": "degr", 
            "eName": "Degree", 
            "isMapped": true, 
            "cName": "程度", 
            "isCore": false, 
            "def": "主体拥有武器的总量（相对于某项标准）。"
        }, 
        {
            "abbrName": "place", 
            "eName": "Place", 
            "isMapped": true, 
            "cName": "处所", 
            "isCore": false, 
            "def": "主体携带武器的地点。"
        }, 
        {
            "abbrName": "time", 
            "eName": "Time", 
            "isMapped": true, 
            "cName": "时间", 
            "isCore": false, 
            "def": "主体携带武器的时间。"
        }, 
        {
            "abbrName": null, 
            "eName": "Weapon", 
            "isMapped": false, 
            "cName": null, 
            "isCore": true, 
            "def": "The destructive device that the Protagonist has with them."
        }, 
        {
            "abbrName": null, 
            "eName": "Protagonist", 
            "isMapped": false, 
            "cName": null, 
            "isCore": true, 
            "def": "The individual that possesses a Weapon."
        }
    ]
}