{
    "fdInfo": {
        "eName": "Activity_start", 
        "cName": "行为开始", 
        "des": "致动者在某时某地开始行为。"
    }, 
    "frameId": 100, 
    "lexElmt": [
        {
            "word": "参加", 
            "POS": "v"
        }, 
        {
            "word": "出发", 
            "POS": "v"
        }, 
        {
            "word": "初始", 
            "POS": "n"
        }, 
        {
            "word": "动工", 
            "POS": "v"
        }, 
        {
            "word": "动身", 
            "POS": "v"
        }, 
        {
            "word": "动手", 
            "POS": "v"
        }, 
        {
            "word": "发动", 
            "POS": "v"
        }, 
        {
            "word": "发起", 
            "POS": "v"
        }, 
        {
            "word": "开办", 
            "POS": "v"
        }, 
        {
            "word": "开局", 
            "POS": "n"
        }, 
        {
            "word": "开局", 
            "POS": "v"
        }, 
        {
            "word": "开启", 
            "POS": "v"
        }, 
        {
            "word": "开始", 
            "POS": "n"
        }, 
        {
            "word": "开始", 
            "POS": "v"
        }, 
        {
            "word": "开展", 
            "POS": "v"
        }, 
        {
            "word": "破土", 
            "POS": "v"
        }, 
        {
            "word": "启程", 
            "POS": "v"
        }, 
        {
            "word": "启动", 
            "POS": "v"
        }, 
        {
            "word": "起程", 
            "POS": "v"
        }, 
        {
            "word": "起初", 
            "POS": "n"
        }, 
        {
            "word": "起始", 
            "POS": "n"
        }, 
        {
            "word": "起始", 
            "POS": "v"
        }, 
        {
            "word": "起头", 
            "POS": "n"
        }, 
        {
            "word": "起头", 
            "POS": "v"
        }, 
        {
            "word": "着手", 
            "POS": "v"
        }
    ], 
    "element": [
        {
            "abbrName": "activity", 
            "eName": "Activity", 
            "isMapped": true, 
            "cName": "行为", 
            "isCore": true, 
            "def": "致动者开始的活动或事件。"
        }, 
        {
            "abbrName": "agt", 
            "eName": "Agent", 
            "isMapped": true, 
            "cName": "施动者", 
            "isCore": true, 
            "def": "指发起有意识行为的行动者。"
        }, 
        {
            "abbrName": "depic", 
            "eName": "Depictive", 
            "isMapped": true, 
            "cName": "形容", 
            "isCore": false, 
            "def": "该元素描述活动的参与者，注意和修饰的不同之处在于，形容是对活动的参与者的描述，而修饰是对活动本身的描述。"
        }, 
        {
            "abbrName": "manr", 
            "eName": "Manner", 
            "isMapped": true, 
            "cName": "方式", 
            "isCore": false, 
            "def": "该框架元素描述事件所处的状态，是一个杂类，凡是无法归入其他更加具体的框架元素时，都归入修饰元素；做动词目标词的状语或补语，名词目标词的定语。"
        }, 
        {
            "abbrName": "mns", 
            "eName": "Means", 
            "isMapped": true, 
            "cName": "方法", 
            "isCore": false, 
            "def": "表现致动者开始某一动作行为时所采用的方法、手段。"
        }, 
        {
            "abbrName": "place", 
            "eName": "Place", 
            "isMapped": true, 
            "cName": "处所", 
            "isCore": false, 
            "def": "表现致动者开始某一行动的地点。"
        }, 
        {
            "abbrName": "purp", 
            "eName": "Purpose", 
            "isMapped": true, 
            "cName": "目的", 
            "isCore": false, 
            "def": "表现致动者参与某一行动的目的。"
        }, 
        {
            "abbrName": "contain_even", 
            "eName": "Containing_event", 
            "isMapped": true, 
            "cName": "上位事件", 
            "isCore": false, 
            "def": "该元素的作用是把目标词所表示的事件置于一个更大的事件过程中，使目标词成为其中的一部分。"
        }, 
        {
            "abbrName": "time", 
            "eName": "Time", 
            "isMapped": true, 
            "cName": "时间", 
            "isCore": false, 
            "def": "表现致动者开始某一行为的时间。"
        }, 
        {
            "abbrName": "Co-t", 
            "eName": "Co-timed_event", 
            "isMapped": false, 
            "cName": null, 
            "isCore": false, 
            "def": "This FE identifies the first Co-timed_event of the started Activity.The peace march  started with a prayer."
        }, 
        {
            "abbrName": "Cir", 
            "eName": "Circumstances", 
            "isMapped": false, 
            "cName": null, 
            "isCore": false, 
            "def": "Circumstances describe the state of the world (at a particular time and place) which is specifically independent of the event itself and any of its participants. "
        }, 
        {
            "abbrName": "Eve", 
            "eName": "Event_description", 
            "isMapped": false, 
            "cName": null, 
            "isCore": false, 
            "def": "In general, this FE is used for phrases that describe the clause of the target as a whole. There are two somewhat distinct subgroups of sentence modifiers that cover this function."
        }, 
        {
            "abbrName": "Exp", 
            "eName": "Explanation", 
            "isMapped": false, 
            "cName": null, 
            "isCore": false, 
            "def": "The Explanation denotes a proposition from which the main clause (headed by the target) logically follows. This often means that the Explanation causes the target's proposition, but not in all cases. I"
        }, 
        {
            "abbrName": "Par", 
            "eName": "Particular_iteration", 
            "isMapped": false, 
            "cName": null, 
            "isCore": false, 
            "def": "Expressions marked with this extra-thematic FE modify a non-iterative use of the target, and indicate that it is conceived as embedded within an iterated series of similar events or states. In addition, most expressions of Particular_iteration indicate which instance of the series is being referred to."
        }, 
        {
            "abbrName": "New", 
            "eName": "New_situation", 
            "isMapped": false, 
            "cName": null, 
            "isCore": false, 
            "def": "A consecutive event to the starting of the Activity of the Agent."
        }, 
        {
            "abbrName": "Vie", 
            "eName": "Viewpoint", 
            "isMapped": false, 
            "cName": null, 
            "isCore": false, 
            "def": "This FE modifies the target to indicate the legal- or other domain within which it is true or operational. \n"
        }, 
        {
            "abbrName": "Con", 
            "eName": "Concessive", 
            "isMapped": false, 
            "cName": null, 
            "isCore": false, 
            "def": "This FE signifies that the state of affairs expressed by the main clause (containing the target) occurs or holds, and something other than that state of affairs would be expected given the state of affairs in the concessive clause. "
        }
    ]
}