{
    "fdInfo": {
        "eName": "Remembering_to_do", 
        "cName": "行动记忆", 
        "des": "认知者将要执行某一行动，这个行动可能是自发的，也可能是被指派的任务。行动可能涉及一个突出点，认知者通过某种行动影响突出点，在表述时可能用这个突出点代替行动。"
    }, 
    "frameId": 25, 
    "lexElmt": [
        {
            "word": "记得", 
            "POS": "v"
        }, 
        {
            "word": "记住", 
            "POS": "v"
        }, 
        {
            "word": "忘", 
            "POS": "v"
        }, 
        {
            "word": "忘记", 
            "POS": "v"
        }, 
        {
            "word": "想起", 
            "POS": "v"
        }, 
        {
            "word": "想起来", 
            "POS": "v"
        }
    ], 
    "element": [
        {
            "abbrName": "cog", 
            "eName": "Cognizer", 
            "isMapped": true, 
            "cName": "认知者", 
            "isCore": true, 
            "def": "想到或者没有想到某一应该做的或者被期望做的行动的那个人。"
        }, 
        {
            "abbrName": "action", 
            "eName": "Action", 
            "isMapped": true, 
            "cName": "行动", 
            "isCore": true, 
            "def": "认知者要执行的行动，可能是专门派给认知者的一个任务，也可能是自发要求的或是社会赋予的任务。"
        }, 
        {
            "abbrName": "sal", 
            "eName": "Salient_entity", 
            "isMapped": true, 
            "cName": "凸显实体", 
            "isCore": true, 
            "def": "突出点是认知者在执行行动的过程中涉及的人或事物。"
        }, 
        {
            "abbrName": "time", 
            "eName": "Time", 
            "isMapped": true, 
            "cName": "时间", 
            "isCore": false, 
            "def": "认知者记住或忘记执行某行动的时间。"
        }, 
        {
            "abbrName": "F", 
            "eName": "Frequency", 
            "isMapped": false, 
            "cName": null, 
            "isCore": false, 
            "def": "This FE describes how often the Action is performed by the Cognizer. "
        }
    ]
}