{
    "fdInfo": {
        "eName": "Activity_resume", 
        "cName": "行为重启", 
        "des": "致动者继续参与某一行为，此行为保留在被打断前的状态。"
    }, 
    "frameId": 122, 
    "lexElmt": [
        {
            "word": "复辟", 
            "POS": "v"
        }, 
        {
            "word": "复出", 
            "POS": "v"
        }, 
        {
            "word": "复读", 
            "POS": "v"
        }, 
        {
            "word": "复发", 
            "POS": "v"
        }, 
        {
            "word": "复岗", 
            "POS": "v"
        }, 
        {
            "word": "复工", 
            "POS": "v"
        }, 
        {
            "word": "复归", 
            "POS": "v"
        }, 
        {
            "word": "复航", 
            "POS": "v"
        }, 
        {
            "word": "复核", 
            "POS": "v"
        }, 
        {
            "word": "复会", 
            "POS": "v"
        }, 
        {
            "word": "复婚", 
            "POS": "v"
        }, 
        {
            "word": "复活", 
            "POS": "v"
        }, 
        {
            "word": "复检", 
            "POS": "v"
        }, 
        {
            "word": "复建", 
            "POS": "v"
        }, 
        {
            "word": "复交", 
            "POS": "v"
        }, 
        {
            "word": "复刊", 
            "POS": "v"
        }, 
        {
            "word": "复课", 
            "POS": "v"
        }, 
        {
            "word": "复垦", 
            "POS": "v"
        }, 
        {
            "word": "复排", 
            "POS": "v"
        }, 
        {
            "word": "复牌", 
            "POS": "v"
        }, 
        {
            "word": "复盘", 
            "POS": "v"
        }, 
        {
            "word": "复评", 
            "POS": "v"
        }, 
        {
            "word": "复赛", 
            "POS": "v"
        }, 
        {
            "word": "复审", 
            "POS": "v"
        }, 
        {
            "word": "复试", 
            "POS": "v"
        }, 
        {
            "word": "复述", 
            "POS": "v"
        }, 
        {
            "word": "复诵", 
            "POS": "v"
        }, 
        {
            "word": "复习", 
            "POS": "v"
        }, 
        {
            "word": "复现", 
            "POS": "v"
        }, 
        {
            "word": "复兴", 
            "POS": "v"
        }, 
        {
            "word": "复选", 
            "POS": "v"
        }, 
        {
            "word": "复学", 
            "POS": "v"
        }, 
        {
            "word": "复验", 
            "POS": "v"
        }, 
        {
            "word": "复议", 
            "POS": "v"
        }, 
        {
            "word": "复诊", 
            "POS": "v"
        }, 
        {
            "word": "复职", 
            "POS": "v"
        }, 
        {
            "word": "复制", 
            "POS": "v"
        }, 
        {
            "word": "复种", 
            "POS": "v"
        }, 
        {
            "word": "恢复", 
            "POS": "v"
        }, 
        {
            "word": "继续", 
            "POS": "n"
        }, 
        {
            "word": "继续", 
            "POS": "v"
        }, 
        {
            "word": "再版", 
            "POS": "v"
        }, 
        {
            "word": "再犯", 
            "POS": "v"
        }, 
        {
            "word": "再婚", 
            "POS": "v"
        }, 
        {
            "word": "再嫁", 
            "POS": "v"
        }, 
        {
            "word": "再娶", 
            "POS": "v"
        }, 
        {
            "word": "再审", 
            "POS": "v"
        }, 
        {
            "word": "再生", 
            "POS": "v"
        }, 
        {
            "word": "再现", 
            "POS": "v"
        }, 
        {
            "word": "再议", 
            "POS": "v"
        }, 
        {
            "word": "再植", 
            "POS": "v"
        }, 
        {
            "word": "重版", 
            "POS": "v"
        }, 
        {
            "word": "重播", 
            "POS": "v"
        }, 
        {
            "word": "重读", 
            "POS": "v"
        }, 
        {
            "word": "重睹", 
            "POS": "v"
        }, 
        {
            "word": "重犯", 
            "POS": "v"
        }, 
        {
            "word": "重复", 
            "POS": "v"
        }, 
        {
            "word": "重婚", 
            "POS": "v"
        }, 
        {
            "word": "重建", 
            "POS": "v"
        }, 
        {
            "word": "重刊", 
            "POS": "v"
        }, 
        {
            "word": "重启", 
            "POS": "v"
        }, 
        {
            "word": "重起", 
            "POS": "v"
        }, 
        {
            "word": "重申", 
            "POS": "v"
        }, 
        {
            "word": "重生", 
            "POS": "v"
        }, 
        {
            "word": "重提", 
            "POS": "v"
        }, 
        {
            "word": "重温", 
            "POS": "v"
        }, 
        {
            "word": "重现", 
            "POS": "v"
        }, 
        {
            "word": "重修", 
            "POS": "v"
        }, 
        {
            "word": "重演", 
            "POS": "v"
        }, 
        {
            "word": "重印", 
            "POS": "v"
        }, 
        {
            "word": "重映", 
            "POS": "v"
        }, 
        {
            "word": "重张", 
            "POS": "v"
        }, 
        {
            "word": "重制", 
            "POS": "v"
        }, 
        {
            "word": "重组", 
            "POS": "v"
        }
    ], 
    "element": [
        {
            "abbrName": "activity", 
            "eName": "Activity", 
            "isMapped": true, 
            "cName": "行为", 
            "isCore": true, 
            "def": "致动者恢复的行为。"
        }, 
        {
            "abbrName": "agt", 
            "eName": "Agent", 
            "isMapped": true, 
            "cName": "施动者", 
            "isCore": true, 
            "def": "致动者是指恢复原来从事的行为的有意识的人或组织。"
        }, 
        {
            "abbrName": "ent", 
            "eName": "Entity", 
            "isMapped": false, 
            "cName": "实体", 
            "isCore": false, 
            "def": "重新恢复活动的实体"
        }, 
        {
            "abbrName": "Dur", 
            "eName": "Duration", 
            "isMapped": false, 
            "cName": "动作时量", 
            "isCore": false, 
            "def": "行为重新恢复的时间。"
        }, 
        {
            "abbrName": "manr", 
            "eName": "Manner", 
            "isMapped": true, 
            "cName": "方式", 
            "isCore": false, 
            "def": "该元素是一个杂类，它们无法归入以上各类非核心元素，笼统归入该元素。注意，修饰元素是对事件本身的描述，而不是对参与者或者话语环境的描述。包括表示主观认识的修饰语（大概，不可思议），表示容易程度的词语（容易、难以），等等。"
        }, 
        {
            "abbrName": "place", 
            "eName": "Place", 
            "isMapped": true, 
            "cName": "处所", 
            "isCore": false, 
            "def": "行动恢复的地点。"
        }, 
        {
            "abbrName": "Exp", 
            "eName": "Explanation", 
            "isMapped": true, 
            "cName": "原因", 
            "isCore": false, 
            "def": "行动恢复的原因。"
        }, 
        {
            "abbrName": "time", 
            "eName": "Time", 
            "isMapped": true, 
            "cName": "时间", 
            "isCore": false, 
            "def": "行动恢复的时间。"
        }, 
        {
            "abbrName": "Cir", 
            "eName": "Circumstances", 
            "isMapped": true, 
            "cName": "环境", 
            "isCore": false, 
            "def": "Circumstances describe the state of the world (at a particular time and place) which is specifically independent of the event itself and any of its participants. "
        }, 
        {
            "abbrName": "Dep", 
            "eName": "Depictive", 
            "isMapped": true, 
            "cName": "描写", 
            "isCore": false, 
            "def": "his FE describes a participant of the state of affairs introduced by the target as being in some state during the action. The depicted state does not necessarily or usually facilitate or cause the state of affairs reported by the target. "
        }, 
        {
            "abbrName": "Res", 
            "eName": "Result", 
            "isMapped": true, 
            "cName": "结果", 
            "isCore": false, 
            "def": "The consequence of the resuming of the Activity."
        }, 
        {
            "abbrName": "Eve", 
            "eName": "Event_description", 
            "isMapped": true, 
            "cName": "事件描述", 
            "isCore": false, 
            "def": "n general, this FE is used for phrases that describe the clause of the target as a whole."
        }
    ]
}