{
    "fdInfo": {
        "eName": "Dispersal", 
        "cName": "使分散", 
        "des": "致动者或原因把个体群从相对狭窄的始源地疏散或驱散到较宽阔的目的地。"
    }, 
    "frameId": 86, 
    "lexElmt": [
        {
            "word": "播", 
            "POS": "v"
        }, 
        {
            "word": "传", 
            "POS": "v"
        }, 
        {
            "word": "分布", 
            "POS": "v"
        }, 
        {
            "word": "分配", 
            "POS": "v"
        }, 
        {
            "word": "分散", 
            "POS": "n"
        }, 
        {
            "word": "分散", 
            "POS": "v"
        }, 
        {
            "word": "解散", 
            "POS": "v"
        }, 
        {
            "word": "喷洒", 
            "POS": "v"
        }, 
        {
            "word": "驱散", 
            "POS": "v"
        }, 
        {
            "word": "撒布", 
            "POS": "v"
        }, 
        {
            "word": "撒落", 
            "POS": "v"
        }, 
        {
            "word": "洒", 
            "POS": "v"
        }, 
        {
            "word": "洒满", 
            "POS": "v"
        }, 
        {
            "word": "散布", 
            "POS": "v"
        }, 
        {
            "word": "疏散", 
            "POS": "v"
        }, 
        {
            "word": "消散", 
            "POS": "v"
        }
    ], 
    "element": [
        {
            "abbrName": "agt", 
            "eName": "Agent", 
            "isMapped": true, 
            "cName": "施动者", 
            "isCore": true, 
            "def": "致动者疏散或驱散个体群。"
        }, 
        {
            "abbrName": "cause", 
            "eName": "Cause", 
            "isMapped": true, 
            "cName": "致因", 
            "isCore": true, 
            "def": "使个体群疏散的事件或力量。"
        }, 
        {
            "abbrName": "inds", 
            "eName": "Individuals", 
            "isMapped": true, 
            "cName": "群体", 
            "isCore": true, 
            "def": "被致动者驱散的个体群。"
        }, 
        {
            "abbrName": "goal_a", 
            "eName": "Goal_area", 
            "isMapped": true, 
            "cName": "目的地", 
            "isCore": false, 
            "def": "目的地表示较开阔的区域，是致动者驱散个体群所到的地方。"
        }, 
        {
            "abbrName": "depic", 
            "eName": "Depictive", 
            "isMapped": false, 
            "cName": "形容", 
            "isCore": false, 
            "def": "该元素描述活动的参与者，注意和修饰的不同之处在于，形容是对活动的参与者的描述，而修饰是对活动本身的描述。形容可表现出致动者突显的特点及其对行为产生的影响（专横、冷冰冰、故意、渴望、小心）。"
        }, 
        {
            "abbrName": "manr", 
            "eName": "Manner", 
            "isMapped": true, 
            "cName": "方式", 
            "isCore": false, 
            "def": "对疏散事件的描述未包括在具体的框架元素中，这些具体的框架元素包括认识上的修正(也许、大概、秘密地)、次生效应（悄悄地、大声地）和比较事件使用的一般描述（同样的方式）。 "
        }, 
        {
            "abbrName": "mns", 
            "eName": "Means", 
            "isMapped": true, 
            "cName": "方法", 
            "isCore": false, 
            "def": "致动者为完成疏散而采取的故意行为。"
        }, 
        {
            "abbrName": "path", 
            "eName": "Path", 
            "isMapped": true, 
            "cName": "路径", 
            "isCore": false, 
            "def": "个体群移动的轨迹，不含方向。"
        }, 
        {
            "abbrName": "dist", 
            "eName": "Distance", 
            "isMapped": true, 
            "cName": "路程", 
            "isCore": false, 
            "def": "个体群从源点到目的地的距离。"
        }, 
        {
            "abbrName": "place", 
            "eName": "Place", 
            "isMapped": true, 
            "cName": "处所", 
            "isCore": false, 
            "def": "疏散事件发生的地点。"
        }, 
        {
            "abbrName": "rea", 
            "eName": "Reason", 
            "isMapped": false, 
            "cName": "原因", 
            "isCore": false, 
            "def": "在响应个体群疏散活动中致动者的对原因的声明。"
        }, 
        {
            "abbrName": "result", 
            "eName": "Result", 
            "isMapped": true, 
            "cName": "结果", 
            "isCore": false, 
            "def": "由疏散所致的个体群的状态。"
        }, 
        {
            "abbrName": "src", 
            "eName": "Source", 
            "isMapped": true, 
            "cName": "起点", 
            "isCore": false, 
            "def": "致动者疏散个体群离开的相对有限的地方。 "
        }, 
        {
            "abbrName": "spd", 
            "eName": "Speed", 
            "isMapped": true, 
            "cName": "速度", 
            "isCore": false, 
            "def": "个体群移动的快慢。"
        }, 
        {
            "abbrName": "time", 
            "eName": "Time", 
            "isMapped": true, 
            "cName": "时间", 
            "isCore": false, 
            "def": "个体群疏散的时间。"
        }, 
        {
            "abbrName": "Exp", 
            "eName": "Explanation", 
            "isMapped": false, 
            "cName": null, 
            "isCore": false, 
            "def": " A state of affairs that the Agent is responding to in dispersing the Individuals"
        }
    ]
}