{
    "fdInfo": {
        "eName": "Summarizing", 
        "cName": "总结", 
        "des": "信息传递者处理一些关于将事态加工成某种简洁的形式（概要）的信息（来自于原文、真实世界或感性认识材料），此概要包括更简短形式的本质内容，还要把此概要传递给信息接收者，或者要通过某种媒介记录下来。事态可能直接表现出来（例如，概述海外发生的情形），或者被当作文本源（概述这些文档），或转换成一些焦点实体（如一个候选人大纲）。"
    }, 
    "frameId": 293, 
    "lexElmt": [
        {
            "word": "大纲", 
            "POS": "n"
        }, 
        {
            "word": "概括", 
            "POS": "v"
        }, 
        {
            "word": "概述", 
            "POS": "v"
        }, 
        {
            "word": "归纳", 
            "POS": "v"
        }, 
        {
            "word": "回顾", 
            "POS": "v"
        }, 
        {
            "word": "汇总", 
            "POS": "v"
        }, 
        {
            "word": "略述", 
            "POS": "v"
        }, 
        {
            "word": "提要", 
            "POS": "n"
        }, 
        {
            "word": "摘要", 
            "POS": "n"
        }, 
        {
            "word": "摘要", 
            "POS": "v"
        }, 
        {
            "word": "总结", 
            "POS": "v"
        }
    ], 
    "element": [
        {
            "abbrName": "communi", 
            "eName": "Communicator", 
            "isMapped": true, 
            "cName": "信息传递者", 
            "isCore": true, 
            "def": "信息传递者是制作和传递信息的摘要的人。"
        }, 
        {
            "abbrName": "medium", 
            "eName": "Medium", 
            "isMapped": true, 
            "cName": "媒介", 
            "isCore": true, 
            "def": "信息传递者进行总结所借助的文本或其它媒介。"
        }, 
        {
            "abbrName": "soa", 
            "eName": "State_of_affairs", 
            "isMapped": true, 
            "cName": "事态", 
            "isCore": true, 
            "def": "事态由信息传递者总结。"
        }, 
        {
            "abbrName": "add", 
            "eName": "Addressee", 
            "isMapped": true, 
            "cName": "信息接收者", 
            "isCore": false, 
            "def": "信息传递者把摘要传递给信息接收者。"
        }, 
        {
            "abbrName": "Dur_action", 
            "eName": "Duration", 
            "isMapped": true, 
            "cName": "动作时量", 
            "isCore": false, 
            "def": "信息传递者制作和传递摘要花费的时间。"
        }, 
        {
            "abbrName": "manr", 
            "eName": "Manner", 
            "isMapped": true, 
            "cName": "方式", 
            "isCore": false, 
            "def": "该框架元素描述事件所处的状态，是一个杂类，凡是无法归入其他更加具体的框架元素时，都归入修饰元素；做动词目标词的状语或补语，名词目标词的定语。"
        }, 
        {
            "abbrName": "mns", 
            "eName": "Means", 
            "isMapped": true, 
            "cName": "方法", 
            "isCore": false, 
            "def": "指由信息传递者实施而引起传递的行为。"
        }, 
        {
            "abbrName": "place", 
            "eName": "Place", 
            "isMapped": true, 
            "cName": "处所", 
            "isCore": false, 
            "def": "指信息传递者进行传递的场所。"
        }, 
        {
            "abbrName": "purp", 
            "eName": "Purpose", 
            "isMapped": true, 
            "cName": "目的", 
            "isCore": false, 
            "def": "指信息传递者通过传递所试图达到的事态。"
        }, 
        {
            "abbrName": "sum", 
            "eName": "Summary", 
            "isMapped": true, 
            "cName": "摘要", 
            "isCore": false, 
            "def": "指概述而来的内容。"
        }, 
        {
            "abbrName": "time", 
            "eName": "Time", 
            "isMapped": true, 
            "cName": "时间", 
            "isCore": false, 
            "def": "信息传递者进行摘要的时间。"
        }, 
        {
            "abbrName": "circ", 
            "eName": "Circumstances", 
            "isMapped": true, 
            "cName": "环境条件", 
            "isCore": false, 
            "def": "表示外部世界的状态，通常是事件发生所需的事理、物理条件（“在高温下”等），既不是事件过程本身的状态，也不是事件参与者的状态，而是对事件所赖以发生的外部环境的描述。"
        }, 
        {
            "abbrName": "cont_ev", 
            "eName": "Containing_event", 
            "isMapped": true, 
            "cName": "包含事件", 
            "isCore": false, 
            "def": "This FE denotes an event that occurs or state of affairs that holds at a time that includes the time during which the event or state of affairs reported by the target occurs and of which it is taken to be a part."
        }
    ]
}