{
    "fdInfo": {
        "eName": "Differentiation", 
        "cName": "辨别", 
        "des": "该框架表示认知者找出两组现象之间的差别，这两组现象可能用一个语言单位合起来表示，也可能分开表示。"
    }, 
    "frameId": 1, 
    "lexElmt": [
        {
            "word": "辨", 
            "POS": "v"
        }, 
        {
            "word": "辨别", 
            "POS": "v"
        }, 
        {
            "word": "辨认", 
            "POS": "v"
        }, 
        {
            "word": "辩明", 
            "POS": "v"
        }, 
        {
            "word": "别", 
            "POS": "v"
        }, 
        {
            "word": "分", 
            "POS": "v"
        }, 
        {
            "word": "分辨", 
            "POS": "v"
        }, 
        {
            "word": "分别", 
            "POS": "n"
        }, 
        {
            "word": "分别", 
            "POS": "v"
        }, 
        {
            "word": "鉴别", 
            "POS": "v"
        }, 
        {
            "word": "明辨", 
            "POS": "v"
        }, 
        {
            "word": "判别", 
            "POS": "v"
        }, 
        {
            "word": "区别", 
            "POS": "v"
        }, 
        {
            "word": "区分", 
            "POS": "v"
        }, 
        {
            "word": "识别", 
            "POS": "v"
        }, 
        {
            "word": "甄别", 
            "POS": "v"
        }
    ], 
    "element": [
        {
            "abbrName": "cog", 
            "eName": "Cognizer", 
            "isMapped": true, 
            "cName": "认知者", 
            "isCore": true, 
            "def": "认知者是认为两组现象之间存在区别的有意识主体。"
        }, 
        {
            "abbrName": "phen_pl", 
            "eName": "Phenomena", 
            "isMapped": true, 
            "cName": "现象群", 
            "isCore": true, 
            "def": "被认为具有某种差别的两组现象，在表达中合起来用同一个成分表示。"
        }, 
        {
            "abbrName": "phen_1", 
            "eName": "Phenomenon_1", 
            "isMapped": true, 
            "cName": "现象1", 
            "isCore": true, 
            "def": "被认为互相之间具有差别的那些现象可以用不同的成分分别表示，其中语序靠前的为现象1，另一个为现象2，如果只表达出一个现象，则为现象1."
        }, 
        {
            "abbrName": "phen_2", 
            "eName": "Phenomenon_2", 
            "isMapped": true, 
            "cName": "现象2", 
            "isCore": true, 
            "def": "当两组现象共同出现在句中时，语序靠后的为现象2。"
        }, 
        {
            "abbrName": "feat", 
            "eName": "Feature", 
            "isMapped": false, 
            "cName": "特征项", 
            "isCore": false, 
            "def": "认知者辨别现象所依据的特征类型，通常用\"从，根据，通过\"等引导的介词短语表示。"
        }, 
        {
            "abbrName": "ground", 
            "eName": "Ground", 
            "isMapped": false, 
            "cName": "背景", 
            "isCore": false, 
            "def": "即现象所处的认知背景，通常用\"从\"引导的介词短语表示。注意，背景并不是现象2，而是现象1和现象2所共同存在的认知背景。"
        }, 
        {
            "abbrName": "instru", 
            "eName": "Instrument", 
            "isMapped": false, 
            "cName": "工具", 
            "isCore": false, 
            "def": "动作发出者进行某种动作行为所使用的工具。"
        }, 
        {
            "abbrName": "circ", 
            "eName": "Circumstances", 
            "isMapped": true, 
            "cName": "环境条件", 
            "isCore": false, 
            "def": "环境条件表示认知者对现象进行分析时所处的历史阶段、社会状况、物理条件等等。"
        }, 
        {
            "abbrName": "degr", 
            "eName": "Degree", 
            "isMapped": true, 
            "cName": "程度", 
            "isCore": false, 
            "def": "描述事件有层级差别的属性，表示事件所达到的水平。"
        }, 
        {
            "abbrName": "depic", 
            "eName": "Depictive", 
            "isMapped": true, 
            "cName": "形容", 
            "isCore": false, 
            "def": "该元素在句法上从属于目标词，做状语、定语或补语，但在语义上描写的却是事件的参与者，表示参与者在事件过程中所处的状态。"
        }, 
        {
            "abbrName": "manr", 
            "eName": "Manner", 
            "isMapped": true, 
            "cName": "方式", 
            "isCore": false, 
            "def": "描述事件所处的状态。该元素是一个杂类，用来概括那些无法归入其他更具体的框架元素的语义成分。"
        }, 
        {
            "abbrName": "mns", 
            "eName": "Means", 
            "isMapped": true, 
            "cName": "方法", 
            "isCore": false, 
            "def": "认知者为辨别现象而主动采取的方法或采用的方式。"
        }, 
        {
            "abbrName": "Qual", 
            "eName": "Quality", 
            "isMapped": false, 
            "cName": null, 
            "isCore": true, 
            "def": "This is a property that is potentially used by the Cognizer to distinguish one phenomenon from another. It is normally expressed as a PP headed by a preposition such as from, by, or on the basis of: \nThe coach could distinguish the twins by their hair. General Grammatical Observations: Verbs in this domain often occur with the modal auxiliary can. "
        }
    ]
}