{
    "fdInfo": {
        "eName": "Scrutiny", 
        "cName": "查看", 
        "des": "该框架指的是认知者(人或其他智能生命体)对某事物，即现象，给予密切关注，比起一般的感知觉活动，查看隐含了人的分析、思考过程。"
    }, 
    "frameId": 34, 
    "lexElmt": [
        {
            "word": "查", 
            "POS": "v"
        }, 
        {
            "word": "查看", 
            "POS": "v"
        }, 
        {
            "word": "查考", 
            "POS": "v"
        }, 
        {
            "word": "查哨", 
            "POS": "v"
        }, 
        {
            "word": "察看", 
            "POS": "v"
        }, 
        {
            "word": "抽查", 
            "POS": "v"
        }, 
        {
            "word": "打量", 
            "POS": "v"
        }, 
        {
            "word": "端详", 
            "POS": "v"
        }, 
        {
            "word": "复查", 
            "POS": "v"
        }, 
        {
            "word": "稽查", 
            "POS": "v"
        }, 
        {
            "word": "稽考", 
            "POS": "v"
        }, 
        {
            "word": "检查", 
            "POS": "v"
        }, 
        {
            "word": "检视", 
            "POS": "v"
        }, 
        {
            "word": "勘探", 
            "POS": "v"
        }, 
        {
            "word": "浏览", 
            "POS": "v"
        }, 
        {
            "word": "明查暗访", 
            "POS": "i"
        }, 
        {
            "word": "排查", 
            "POS": "v"
        }, 
        {
            "word": "普查", 
            "POS": "v"
        }, 
        {
            "word": "清查", 
            "POS": "v"
        }, 
        {
            "word": "审查", 
            "POS": "v"
        }, 
        {
            "word": "审察", 
            "POS": "v"
        }, 
        {
            "word": "审看", 
            "POS": "v"
        }, 
        {
            "word": "审视", 
            "POS": "v"
        }, 
        {
            "word": "视察", 
            "POS": "v"
        }, 
        {
            "word": "搜查", 
            "POS": "v"
        }, 
        {
            "word": "踏勘", 
            "POS": "v"
        }, 
        {
            "word": "踏看", 
            "POS": "v"
        }, 
        {
            "word": "探查", 
            "POS": "v"
        }, 
        {
            "word": "校阅", 
            "POS": "v"
        }, 
        {
            "word": "巡查", 
            "POS": "v"
        }, 
        {
            "word": "巡察", 
            "POS": "v"
        }, 
        {
            "word": "巡视", 
            "POS": "v"
        }, 
        {
            "word": "询查", 
            "POS": "v"
        }, 
        {
            "word": "侦查", 
            "POS": "v"
        }, 
        {
            "word": "侦察", 
            "POS": "v"
        }
    ], 
    "element": [
        {
            "abbrName": "cog", 
            "eName": null, 
            "isMapped": false, 
            "cName": "认知者", 
            "isCore": false, 
            "def": "认知者关注某实体。"
        }, 
        {
            "abbrName": "phen", 
            "eName": null, 
            "isMapped": false, 
            "cName": "现象", 
            "isCore": false, 
            "def": "现象是查看活动所针对的对象。"
        }, 
        {
            "abbrName": "ground", 
            "eName": "Ground", 
            "isMapped": true, 
            "cName": "背景", 
            "isCore": true, 
            "def": "认知者对背景进行关注，以找到目标事物（现象）。"
        }, 
        {
            "abbrName": "med", 
            "eName": null, 
            "isMapped": false, 
            "cName": "媒介", 
            "isCore": false, 
            "def": "认知者在一个文本片段或者一部著作里关注一个实体，以获得某些发现，这个文本片段或者著作就是媒介。"
        }, 
        {
            "abbrName": "degr", 
            "eName": null, 
            "isMapped": false, 
            "cName": "程度", 
            "isCore": false, 
            "def": "指认知者对背景的关注程度。"
        }, 
        {
            "abbrName": "dir", 
            "eName": null, 
            "isMapped": false, 
            "cName": "方向", 
            "isCore": false, 
            "def": "方向描述的是感知者的注意力在感知活动中朝向哪里"
        }, 
        {
            "abbrName": "manr", 
            "eName": "Manner", 
            "isMapped": true, 
            "cName": "方式", 
            "isCore": false, 
            "def": "该框架元素是一个杂类，表示对动作行为本身的一般性描述，是除了程度、手段、目的等的各种描述，如难易、快慢等。"
        }, 
        {
            "abbrName": "mns", 
            "eName": null, 
            "isMapped": false, 
            "cName": "方法", 
            "isCore": false, 
            "def": "该框架元素表示认知者采取什么技术或行动以查看某背景。"
        }, 
        {
            "abbrName": "purp", 
            "eName": null, 
            "isMapped": false, 
            "cName": "目的", 
            "isCore": false, 
            "def": "该框架的一些词语伴随着一个句子成分，表示查看产生的预期结果。"
        }, 
        {
            "abbrName": "Cog", 
            "eName": "Cognizer", 
            "isMapped": false, 
            "cName": null, 
            "isCore": true, 
            "def": "The Cognizer pays attention to an entity in order to discover something about it. The FE is normally expressed as an External Argument: \nLeslie examined the glass for cracks."
        }, 
        {
            "abbrName": "Phen", 
            "eName": "Phenomenon", 
            "isMapped": false, 
            "cName": null, 
            "isCore": false, 
            "def": "Phenomenon identifies the property that belongs to an entity or that the entity contains. Typically, it is expressed as a for-PP.\nLeslie examined the glass for cracks.\nKim searched the woods for mushrooms. "
        }, 
        {
            "abbrName": "Mns", 
            "eName": "Means", 
            "isMapped": false, 
            "cName": null, 
            "isCore": false, 
            "def": "This FE is used for the Means by which the Cognizer to scrutinize the Ground.\nWe analysed the sediment by putting it through the mass spec."
        }, 
        {
            "abbrName": "Degr", 
            "eName": "Degree", 
            "isMapped": false, 
            "cName": null, 
            "isCore": false, 
            "def": "This FE identifies the Degree to which the Cognizer scrutinizes the Ground."
        }, 
        {
            "abbrName": "Dir", 
            "eName": "Direction", 
            "isMapped": false, 
            "cName": null, 
            "isCore": false, 
            "def": "Direction is used for all path-like expressions, except those indicating the location of the perceiver, that describe how the perceiver's attention is directed during the act of perception. \nThe detective looked across the street at the suspect."
        }, 
        {
            "abbrName": "Purp", 
            "eName": "Purpose", 
            "isMapped": false, 
            "cName": null, 
            "isCore": false, 
            "def": "Some of the words in this frame occur with a constituent that expresses the desired outcome of the Scrutiny.  Normally this constituent is a PP Complement headed by for or a to-marked VP Complement.\n\nYou should inspect your mail to determine the outcome of the module transfer."
        }, 
        {
            "abbrName": "Med", 
            "eName": "Medium", 
            "isMapped": false, 
            "cName": null, 
            "isCore": true, 
            "def": "The Medium is the piece of text or work in which the Cognizer pays attention to an entity in order to discover something about it. The FE is normally expressed as an External Argument: \nChapter four examined the case for free speech."
        }, 
        {
            "abbrName": "ins", 
            "eName": "Instrument", 
            "isMapped": false, 
            "cName": null, 
            "isCore": true, 
            "def": "An entity directed by the Cognizer  that interacts with the Ground to accomplish the scrutiny.\n\nThe temperature controller monitored the temperature with a calibrated silicon diode."
        }, 
        {
            "abbrName": null, 
            "eName": "Time", 
            "isMapped": false, 
            "cName": null, 
            "isCore": false, 
            "def": "The Time when the Cognizer is scrutinizing the Ground. "
        }
    ]
}