{
    "fdInfo": {
        "eName": "Facial_expression", 
        "cName": "面部表情", 
        "des": "该框架指面部出现的表情及动作。"
    }, 
    "frameId": 72, 
    "lexElmt": [
        {
            "word": "绷", 
            "POS": "v"
        }, 
        {
            "word": "绷脸", 
            "POS": "v"
        }, 
        {
            "word": "瞪眼", 
            "POS": "v"
        }, 
        {
            "word": "挤眉弄眼", 
            "POS": "i"
        }, 
        {
            "word": "撅嘴", 
            "POS": "v"
        }, 
        {
            "word": "咧", 
            "POS": "v"
        }, 
        {
            "word": "咧嘴", 
            "POS": "v"
        }, 
        {
            "word": "咧嘴龇牙", 
            "POS": "i"
        }, 
        {
            "word": "撇", 
            "POS": "v"
        }, 
        {
            "word": "撇嘴", 
            "POS": "v"
        }, 
        {
            "word": "微笑", 
            "POS": "n"
        }, 
        {
            "word": "微笑", 
            "POS": "v"
        }, 
        {
            "word": "笑", 
            "POS": "v"
        }, 
        {
            "word": "攒眉", 
            "POS": "v"
        }, 
        {
            "word": "直眉竖眼", 
            "POS": "i"
        }, 
        {
            "word": "皱", 
            "POS": "v"
        }, 
        {
            "word": "皱眉", 
            "POS": "v"
        }
    ], 
    "element": [
        {
            "abbrName": "c_emot", 
            "eName": "Conveyed_emotion", 
            "isMapped": true, 
            "cName": "表达的感情", 
            "isCore": true, 
            "def": "通过某种特有的表情来表达的情感。"
        }, 
        {
            "abbrName": "possor", 
            "eName": "Possessor", 
            "isMapped": true, 
            "cName": "持有人", 
            "isCore": true, 
            "def": "指显现某种表情的人。"
        }, 
        {
            "abbrName": "degr", 
            "eName": "Degree", 
            "isMapped": true, 
            "cName": "程度", 
            "isCore": false, 
            "def": "表情表露的程度。"
        }, 
        {
            "abbrName": "dur_action", 
            "eName": "Duration_of_action", 
            "isMapped": false, 
            "cName": "动作时量", 
            "isCore": false, 
            "def": "表情持续的时间。"
        }, 
        {
            "abbrName": "ex_cause", 
            "eName": "External_cause", 
            "isMapped": true, 
            "cName": "外因", 
            "isCore": false, 
            "def": "表情表露者感知到的导致内因（如感情等）的事态，而内因又导致了表情的产生。"
        }, 
        {
            "abbrName": "percvr", 
            "eName": "Intended_perceiver", 
            "isMapped": true, 
            "cName": "表情感知者", 
            "isCore": false, 
            "def": "表情所针对的实体。"
        }, 
        {
            "abbrName": "in_cause", 
            "eName": "Internal_cause", 
            "isMapped": true, 
            "cName": "内因", 
            "isCore": false, 
            "def": "表情可能被外部的现象或事件所激起，也可能由内因（表情表露者的心理或感情状态）引起。"
        }, 
        {
            "abbrName": "manr", 
            "eName": "Manner", 
            "isMapped": true, 
            "cName": "方式", 
            "isCore": false, 
            "def": "表达感情的方式。"
        }, 
        {
            "abbrName": "subr", 
            "eName": "Subregion", 
            "isMapped": true, 
            "cName": "亚区", 
            "isCore": false, 
            "def": "脸部突出表达感情的部位。"
        }, 
        {
            "abbrName": "bodp", 
            "eName": "Body_Part", 
            "isMapped": false, 
            "cName": "身体部位", 
            "isCore": false, 
            "def": null
        }, 
        {
            "abbrName": "Exp", 
            "eName": "Expression", 
            "isMapped": false, 
            "cName": null, 
            "isCore": true, 
            "def": "This is the Expression made.He gave a wide grin."
        }, 
        {
            "abbrName": "Dur", 
            "eName": "Duration", 
            "isMapped": false, 
            "cName": null, 
            "isCore": false, 
            "def": "The period of time for which the facial Expression is held.\n\nA brief smile appeared on his face"
        }
    ]
}