{
    "fdInfo": {
        "eName": "Store", 
        "cName": "储备", 
        "des": "为保证将来资源的使用而对供给安全性和可能性进行考虑。供给可能会在持有人的控制之下。"
    }, 
    "frameId": 480, 
    "lexElmt": [
        {
            "word": "储备", 
            "POS": "n"
        }, 
        {
            "word": "存货", 
            "POS": "n"
        }, 
        {
            "word": "货物", 
            "POS": "n"
        }, 
        {
            "word": "积蓄", 
            "POS": "n"
        }, 
        {
            "word": "库存", 
            "POS": "n"
        }
    ], 
    "element": [
        {
            "abbrName": "possor", 
            "eName": "Possessor", 
            "isMapped": true, 
            "cName": "持有人", 
            "isCore": true, 
            "def": "拥有供给的实体。"
        }, 
        {
            "abbrName": "resrs", 
            "eName": "Resource", 
            "isMapped": true, 
            "cName": "资源", 
            "isCore": true, 
            "def": "在供给中被存储的货物或者商品。"
        }, 
        {
            "abbrName": "sup", 
            "eName": "Supply", 
            "isMapped": true, 
            "cName": "供给", 
            "isCore": true, 
            "def": "该框架元素指资源的供给。可被并入该框架的每个词元中。"
        }, 
        {
            "abbrName": "use", 
            "eName": "Use", 
            "isMapped": true, 
            "cName": "用途", 
            "isCore": true, 
            "def": "资源的未来用途。"
        }, 
        {
            "abbrName": "desc", 
            "eName": "Descriptor", 
            "isMapped": true, 
            "cName": "描述语", 
            "isCore": false, 
            "def": "供给，而不是资源本身的一个特征。"
        }
    ]
}