{
    "fdInfo": {
        "eName": "Creating", 
        "cName": "创造", 
        "des": "指某个致因导致了创造物的形成。"
    }, 
    "frameId": 214, 
    "lexElmt": [
        {
            "word": "产品", 
            "POS": "n"
        }, 
        {
            "word": "产生", 
            "POS": "v"
        }, 
        {
            "word": "出产", 
            "POS": "v"
        }, 
        {
            "word": "创立", 
            "POS": "v"
        }, 
        {
            "word": "创造", 
            "POS": "v"
        }, 
        {
            "word": "生产", 
            "POS": "v"
        }, 
        {
            "word": "形成", 
            "POS": "v"
        }, 
        {
            "word": "制造", 
            "POS": "v"
        }, 
        {
            "word": "制作", 
            "POS": "v"
        }
    ], 
    "element": [
        {
            "abbrName": "cause", 
            "eName": "Cause", 
            "isMapped": true, 
            "cName": "致因", 
            "isCore": false, 
            "def": "指创造某种物品的一个有生命或无生命的实体、外部力量或一个事件，与创造者不同的是，该框架元素代表的事物在创造过程中是没有自主意识的。"
        }, 
        {
            "abbrName": "crent", 
            "eName": "Created_entity", 
            "isMapped": true, 
            "cName": "创造物", 
            "isCore": true, 
            "def": "该框架元素表示被创造出来的实体。"
        }, 
        {
            "abbrName": "cre", 
            "eName": "Creator", 
            "isMapped": true, 
            "cName": "创造者", 
            "isCore": true, 
            "def": "创造者创造了创造物。"
        }, 
        {
            "abbrName": "benef", 
            "eName": "Beneficiary", 
            "isMapped": true, 
            "cName": "受益人", 
            "isCore": false, 
            "def": "由于创造物的创造，受益者获得利益。"
        }, 
        {
            "abbrName": "circ", 
            "eName": "Circumstances", 
            "isMapped": true, 
            "cName": "环境条件", 
            "isCore": false, 
            "def": "环境描述了世界的状态（在某个特定地点和时间），该状态特别地独立于事件本身和事件的参与者。"
        }, 
        {
            "abbrName": "co_part", 
            "eName": "Co_participant", 
            "isMapped": false, 
            "cName": "伴随者", 
            "isCore": false, 
            "def": "指一个次要的致动者，它配合创造者创造了创造物。"
        }, 
        {
            "abbrName": "cmpnt", 
            "eName": "Components", 
            "isMapped": true, 
            "cName": "成分", 
            "isCore": false, 
            "def": "该框架元素表示彼此依附而形成创造物的成分。"
        }, 
        {
            "abbrName": "depic", 
            "eName": "Depictive", 
            "isMapped": true, 
            "cName": "形容", 
            "isCore": false, 
            "def": "该框架元素是对某个行为的行为者或经历者的描述性短语。"
        }, 
        {
            "abbrName": "freq", 
            "eName": "Frequency", 
            "isMapped": true, 
            "cName": "频率", 
            "isCore": false, 
            "def": "该框架元素表示单位时间里某个事件发生的次数。"
        }, 
        {
            "abbrName": "instru", 
            "eName": "Instrument", 
            "isMapped": true, 
            "cName": "工具", 
            "isCore": false, 
            "def": "该框架元素表示致动者有意识地创造一个创造物时所使用的工具。"
        }, 
        {
            "abbrName": "manr", 
            "eName": "Manner", 
            "isMapped": true, 
            "cName": "方式", 
            "isCore": false, 
            "def": "该框架元素是一个杂类，在无法归入其他各类非核心框架元素的情况下，凡是描述创造者有意识地创造新实体活动的特征或所处状态的成分，都归入该元素。注意，修饰元素是对事件本身的描述，而形容元素是对事件参与者的描述。"
        }, 
        {
            "abbrName": "mns", 
            "eName": "Means", 
            "isMapped": true, 
            "cName": "方法", 
            "isCore": false, 
            "def": "该框架元素表示创造者有意识地创造一个新实体所使用的方式。"
        }, 
        {
            "abbrName": "p_iter", 
            "eName": "Period of iterations", 
            "isMapped": false, 
            "cName": "迭代周期", 
            "isCore": false, 
            "def": "指一个时间段，该时间段是事件从被重复的时间开始到结束的时间长度。"
        }, 
        {
            "abbrName": "place", 
            "eName": "Place", 
            "isMapped": true, 
            "cName": "处所", 
            "isCore": false, 
            "def": "该框架元素表示致动者有意识地创造一个新实体的地点。"
        }, 
        {
            "abbrName": "purp", 
            "eName": "Purpose", 
            "isMapped": true, 
            "cName": "目的", 
            "isCore": false, 
            "def": "该框架元素表示创造者有意识地创造一个新实体的目的。"
        }, 
        {
            "abbrName": "pur_ent", 
            "eName": "Purpose_of_created_entity", 
            "isMapped": false, 
            "cName": "创造物的用途", 
            "isCore": false, 
            "def": "指创造者创造的创造物的用途。"
        }, 
        {
            "abbrName": "role", 
            "eName": "Role", 
            "isMapped": true, 
            "cName": "身份", 
            "isCore": false, 
            "def": "指创造物所扮演的角色（或被用来扮演的角色，如果有创造者的话）。"
        }, 
        {
            "abbrName": "time", 
            "eName": "Time", 
            "isMapped": true, 
            "cName": "时间", 
            "isCore": false, 
            "def": "Time "
        }, 
        {
            "abbrName": "co-p", 
            "eName": "Co-participant", 
            "isMapped": false, 
            "cName": null, 
            "isCore": false, 
            "def": "A secondary agent with whom the Creator intentionally creates the Created_entity."
        }, 
        {
            "abbrName": "Imp", 
            "eName": "Imposed_purpose", 
            "isMapped": false, 
            "cName": null, 
            "isCore": false, 
            "def": "The Creator's intended purpose for the Created_entity."
        }, 
        {
            "abbrName": "peri", 
            "eName": "Period_of_iterations", 
            "isMapped": false, 
            "cName": null, 
            "isCore": false, 
            "def": "The length of time from when the event denoted by the target began to be repeated to when it stopped."
        }, 
        {
            "abbrName": "rec", 
            "eName": "Recipient", 
            "isMapped": false, 
            "cName": null, 
            "isCore": false, 
            "def": "The individual who is intended to receive the Created_entity.\n\nShe made me this hammock."
        }
    ]
}