{
    "fdInfo": {
        "eName": "Evidence", 
        "cName": "证明", 
        "des": "一个现象或事实作为证据，支持一个观点或所提出的行为过程，即命题，有时命题的适用范围也表示出来。本框架中的一些词（如：论证、表明）是交际词语的非交际用法，取其与认识有关的义项。"
    }, 
    "frameId": 118, 
    "lexElmt": [
        {
            "word": "暗示", 
            "POS": "v"
        }, 
        {
            "word": "表明", 
            "POS": "v"
        }, 
        {
            "word": "驳斥", 
            "POS": "v"
        }, 
        {
            "word": "揭示", 
            "POS": "v"
        }, 
        {
            "word": "论证", 
            "POS": "n"
        }, 
        {
            "word": "论证", 
            "POS": "v"
        }, 
        {
            "word": "确证", 
            "POS": "v"
        }, 
        {
            "word": "说明", 
            "POS": "v"
        }, 
        {
            "word": "推翻", 
            "POS": "v"
        }, 
        {
            "word": "显示", 
            "POS": "v"
        }, 
        {
            "word": "验证", 
            "POS": "v"
        }, 
        {
            "word": "意味着", 
            "POS": "v"
        }, 
        {
            "word": "印证", 
            "POS": "v"
        }, 
        {
            "word": "应验", 
            "POS": "v"
        }, 
        {
            "word": "征", 
            "POS": "n"
        }, 
        {
            "word": "证", 
            "POS": "n"
        }, 
        {
            "word": "证", 
            "POS": "v"
        }, 
        {
            "word": "证据", 
            "POS": "n"
        }, 
        {
            "word": "证明", 
            "POS": "n"
        }, 
        {
            "word": "证明", 
            "POS": "v"
        }, 
        {
            "word": "证验", 
            "POS": "v"
        }
    ], 
    "element": [
        {
            "abbrName": "prop", 
            "eName": "Proposition", 
            "isMapped": true, 
            "cName": "命题", 
            "isCore": true, 
            "def": "命题即欲证明的内容，条件充分时它就是正确的。"
        }, 
        {
            "abbrName": "suprt", 
            "eName": "Support", 
            "isMapped": true, 
            "cName": "支持", 
            "isCore": true, 
            "def": "即在认识上支持某观点的事实，或者为一个行为过程，为证明观点提供理由依据。"
        }, 
        {
            "abbrName": "cog", 
            "eName": "Cognizer", 
            "isMapped": true, 
            "cName": "认知者", 
            "isCore": false, 
            "def": "命题以事实为支持，向认知者证明是真的。"
        }, 
        {
            "abbrName": "degr", 
            "eName": "Degree", 
            "isMapped": true, 
            "cName": "程度", 
            "isCore": false, 
            "def": "该框架元素表示命题得到多大程度的证明。"
        }, 
        {
            "abbrName": "depic", 
            "eName": "Depictive", 
            "isMapped": true, 
            "cName": "形容", 
            "isCore": false, 
            "def": "该元素表示证据在命题证明中的有关状况。"
        }, 
        {
            "abbrName": "dor", 
            "eName": "Domain_of_Relevance", 
            "isMapped": true, 
            "cName": "适用范围", 
            "isCore": false, 
            "def": "该框架元素表示命题在什么范围之内为真，通常是时间或空间范围。 "
        }, 
        {
            "abbrName": "manr", 
            "eName": "Manner", 
            "isMapped": true, 
            "cName": "方式", 
            "isCore": false, 
            "def": "表示事件所处的状态，该元素是一个杂类，用来概括那些无法归入其他更具体的框架元素的语义成分。"
        }, 
        {
            "abbrName": "mns", 
            "eName": "Means", 
            "isMapped": true, 
            "cName": "方法", 
            "isCore": false, 
            "def": "在证据与命题之间建立合理关系的中间逻辑步骤。"
        }, 
        {
            "abbrName": "result", 
            "eName": "Result", 
            "isMapped": true, 
            "cName": "结果", 
            "isCore": false, 
            "def": "事件的结果。\t"
        }
    ]
}