{
    "fdInfo": {
        "eName": "Commercial_transaction", 
        "cName": "商业交易", 
        "des": "该框架主要的是作为上位框架，概括地表示买方和卖方进行钱物交易的买卖行为。其下位框架包括[商品交易]和[货币交易]等，前者典型动词是“买”和“卖”，动词“买”的典型场景是，买方用货币从卖方换取商品，动词“卖”表示卖方出售商品以获取货币；后者的典型动词是“支付”和“收取”。"
    }, 
    "frameId": 304, 
    "lexElmt": [
        {
            "word": "交易", 
            "POS": "n"
        }
    ], 
    "element": [
        {
            "abbrName": "byr", 
            "eName": "Buyer", 
            "isMapped": true, 
            "cName": "买方", 
            "isCore": true, 
            "def": "花钱购买商品的一方。"
        }, 
        {
            "abbrName": "goods", 
            "eName": "Goods", 
            "isMapped": true, 
            "cName": "商品", 
            "isCore": true, 
            "def": "该框架元素指可用钱交易的任何物品，也包括劳动和时间等。"
        }, 
        {
            "abbrName": "mny", 
            "eName": "Money", 
            "isMapped": true, 
            "cName": "货币", 
            "isCore": true, 
            "def": "货币是用来进行商品交易所支付的特殊商品。"
        }, 
        {
            "abbrName": "slr", 
            "eName": "Seller", 
            "isMapped": true, 
            "cName": "卖方", 
            "isCore": true, 
            "def": "销售商品的一方。"
        }, 
        {
            "abbrName": "mns", 
            "eName": "Means", 
            "isMapped": true, 
            "cName": "方法", 
            "isCore": false, 
            "def": "进行交易的手段。"
        }, 
        {
            "abbrName": "rate", 
            "eName": "Rate", 
            "isMapped": true, 
            "cName": "单位价格", 
            "isCore": false, 
            "def": "单位商品的价格。"
        }, 
        {
            "abbrName": "unit", 
            "eName": "Unit", 
            "isMapped": true, 
            "cName": "计量单位", 
            "isCore": false, 
            "def": "该框架元素指可以用来计算商品或服务的任何单位，用“以”、“按”、“论”等介词来介引。"
        }
    ]
}