{
    "fdInfo": {
        "eName": "Telling", 
        "cName": "告诉", 
        "des": "说话者告诉听话者某种信息，该信息可能被间接地当做主题。"
    }, 
    "frameId": 327, 
    "lexElmt": [
        {
            "word": "报告", 
            "POS": "v"
        }, 
        {
            "word": "禀报", 
            "POS": "v"
        }, 
        {
            "word": "禀告", 
            "POS": "v"
        }, 
        {
            "word": "传达", 
            "POS": "v"
        }, 
        {
            "word": "传告", 
            "POS": "v"
        }, 
        {
            "word": "传话", 
            "POS": "v"
        }, 
        {
            "word": "奉告", 
            "POS": "v"
        }, 
        {
            "word": "告白", 
            "POS": "v"
        }, 
        {
            "word": "告诉", 
            "POS": "v"
        }, 
        {
            "word": "告知", 
            "POS": "v"
        }, 
        {
            "word": "回禀", 
            "POS": "v"
        }, 
        {
            "word": "汇报", 
            "POS": "v"
        }, 
        {
            "word": "讲", 
            "POS": "v"
        }, 
        {
            "word": "倾诉", 
            "POS": "v"
        }, 
        {
            "word": "说", 
            "POS": "v"
        }, 
        {
            "word": "通报", 
            "POS": "v"
        }, 
        {
            "word": "通知", 
            "POS": "v"
        }, 
        {
            "word": "透露", 
            "POS": "v"
        }
    ], 
    "element": [
        {
            "abbrName": "add", 
            "eName": "Addressee", 
            "isMapped": true, 
            "cName": "信息接收者", 
            "isCore": true, 
            "def": "听话者从说话者那里接收到话语信息。"
        }, 
        {
            "abbrName": "medium", 
            "eName": "Medium", 
            "isMapped": true, 
            "cName": "媒介", 
            "isCore": true, 
            "def": "这个框架元素是表达信息的媒介。"
        }, 
        {
            "abbrName": "msg", 
            "eName": "Message", 
            "isMapped": true, 
            "cName": "信息", 
            "isCore": true, 
            "def": "说话者交流的信息内容。"
        }, 
        {
            "abbrName": "spkr", 
            "eName": "Speaker", 
            "isMapped": true, 
            "cName": "说话者", 
            "isCore": true, 
            "def": "说话者是传递信息的有知觉实体。"
        }, 
        {
            "abbrName": "top", 
            "eName": "Topic", 
            "isMapped": true, 
            "cName": "主题", 
            "isCore": true, 
            "def": "主题是对信息内容的概括描述。"
        }, 
        {
            "abbrName": "desc", 
            "eName": "Descriptor", 
            "isMapped": true, 
            "cName": "描述语", 
            "isCore": false, 
            "def": "该框架元素是对告知事件的一种描述，或告知事件的一个特征。"
        }, 
        {
            "abbrName": "iter", 
            "eName": "Iteration", 
            "isMapped": false, 
            "cName": "次数", 
            "isCore": false, 
            "def": "该框架元素是（从句中目标词所指的某种）事件或状态的次数。"
        }, 
        {
            "abbrName": "manr", 
            "eName": "Manner", 
            "isMapped": true, 
            "cName": "方式", 
            "isCore": false, 
            "def": "说话者传递信息的方式。"
        }, 
        {
            "abbrName": "mns", 
            "eName": "Means", 
            "isMapped": true, 
            "cName": "方法", 
            "isCore": false, 
            "def": "说话者向听话者传递信息的方法。"
        }, 
        {
            "abbrName": "place", 
            "eName": "Place", 
            "isMapped": true, 
            "cName": "处所", 
            "isCore": false, 
            "def": "说话者向听话者传递信息的空间场所。"
        }, 
        {
            "abbrName": "time", 
            "eName": "Time", 
            "isMapped": true, 
            "cName": "时间", 
            "isCore": false, 
            "def": "说话者向听话者传递信息的时间。"
        }, 
        {
            "abbrName": "vie", 
            "eName": "Viewpoint", 
            "isMapped": true, 
            "cName": "观点", 
            "isCore": false, 
            "def": "指真实或可行的信息处于合法域或规则域内。"
        }, 
        {
            "abbrName": "Ite", 
            "eName": "Iterations", 
            "isMapped": false, 
            "cName": null, 
            "isCore": false, 
            "def": "The frame element Iterations is used for expressions that indicate the number of times an event or state (of the kind denoted by the target in its clause) has taken place or held. "
        }
    ]
}