{
    "fdInfo": {
        "eName": "Closure", 
        "cName": "封闭", 
        "des": "致动者用扣件对容纳物进行开或关的操纵。有时候一个容纳物的入口处也可被表达出来。"
    }, 
    "frameId": 47, 
    "lexElmt": [
        {
            "word": "拔", 
            "POS": "v"
        }, 
        {
            "word": "包", 
            "POS": "v"
        }, 
        {
            "word": "包裹", 
            "POS": "v"
        }, 
        {
            "word": "包扎", 
            "POS": "v"
        }, 
        {
            "word": "打结", 
            "POS": "v"
        }, 
        {
            "word": "打开", 
            "POS": "v"
        }, 
        {
            "word": "封", 
            "POS": "v"
        }, 
        {
            "word": "封闭", 
            "POS": "v"
        }, 
        {
            "word": "盖", 
            "POS": "v"
        }, 
        {
            "word": "关", 
            "POS": "v"
        }, 
        {
            "word": "裹", 
            "POS": "v"
        }, 
        {
            "word": "揭开", 
            "POS": "v"
        }, 
        {
            "word": "解开", 
            "POS": "v"
        }, 
        {
            "word": "卷", 
            "POS": "v"
        }, 
        {
            "word": "开", 
            "POS": "v"
        }, 
        {
            "word": "开启", 
            "POS": "v"
        }, 
        {
            "word": "扣", 
            "POS": "v"
        }, 
        {
            "word": "拉", 
            "POS": "v"
        }, 
        {
            "word": "密封", 
            "POS": "v"
        }, 
        {
            "word": "拧", 
            "POS": "v"
        }, 
        {
            "word": "围", 
            "POS": "v"
        }, 
        {
            "word": "系", 
            "POS": "v"
        }, 
        {
            "word": "掀开", 
            "POS": "v"
        }, 
        {
            "word": "掀起", 
            "POS": "v"
        }
    ], 
    "element": [
        {
            "abbrName": "agt", 
            "eName": "Agent", 
            "isMapped": true, 
            "cName": "施动者", 
            "isCore": true, 
            "def": "致动者打开或关闭容纳物。"
        }, 
        {
            "abbrName": "cont_portal", 
            "eName": "Container_portal", 
            "isMapped": true, 
            "cName": "容器口", 
            "isCore": true, 
            "def": "容器可活动的部分或它的开口部分。"
        }, 
        {
            "abbrName": "cont_obj", 
            "eName": "Containing_object", 
            "isMapped": true, 
            "cName": "容纳物", 
            "isCore": true, 
            "def": "致动者用系紧物封闭的物品。"
        }, 
        {
            "abbrName": "fastener", 
            "eName": "Fastener", 
            "isMapped": true, 
            "cName": "系紧物", 
            "isCore": true, 
            "def": "致动者操纵的扣件。"
        }, 
        {
            "abbrName": "degr", 
            "eName": "Degree", 
            "isMapped": true, 
            "cName": "程度", 
            "isCore": false, 
            "def": "容器口或容纳物关闭的程度。"
        }, 
        {
            "abbrName": "e_region", 
            "eName": "Enclosed_region", 
            "isMapped": true, 
            "cName": "被封闭区域", 
            "isCore": false, 
            "def": "被关闭的容器封闭住的区域。"
        }, 
        {
            "abbrName": "instru", 
            "eName": "Instrument", 
            "isMapped": true, 
            "cName": "工具", 
            "isCore": false, 
            "def": "致动者操纵的实体，来完成对容纳物或容器口的封闭或开启。"
        }, 
        {
            "abbrName": "manp", 
            "eName": "Manipulator", 
            "isMapped": true, 
            "cName": "操作者", 
            "isCore": false, 
            "def": "操纵系紧物的工具或身体某部位。 "
        }, 
        {
            "abbrName": "manr", 
            "eName": "Manner", 
            "isMapped": true, 
            "cName": "方式", 
            "isCore": false, 
            "def": "该框架元素描述事件所处的状态，是一个杂类，凡是无法归入其他更加具体的框架元素时，都归入修饰元素；做动词目标词的状语或补语，名词目标词的定语。"
        }, 
        {
            "abbrName": "mns", 
            "eName": "Means", 
            "isMapped": true, 
            "cName": "方法", 
            "isCore": false, 
            "def": "致动者完成封闭或打开容器口或容纳物的方法、形式。"
        }, 
        {
            "abbrName": "place", 
            "eName": "Place", 
            "isMapped": true, 
            "cName": "处所", 
            "isCore": false, 
            "def": "事件发生的地点 "
        }, 
        {
            "abbrName": "time", 
            "eName": "Time", 
            "isMapped": true, 
            "cName": "时间", 
            "isCore": false, 
            "def": "致动者封闭或打开容器口或容纳物的时间"
        }, 
        {
            "abbrName": null, 
            "eName": "Result", 
            "isMapped": false, 
            "cName": null, 
            "isCore": false, 
            "def": "The resultant state of the Closure action. "
        }, 
        {
            "abbrName": null, 
            "eName": "Beneficiary", 
            "isMapped": false, 
            "cName": null, 
            "isCore": false, 
            "def": "The person for whom the Closure event occurs."
        }, 
        {
            "abbrName": null, 
            "eName": "Circumstances", 
            "isMapped": false, 
            "cName": null, 
            "isCore": false, 
            "def": "This FE describes the state of the world (at a particular time and place) which is specifically independent of the Closure event and any of its participants. "
        }, 
        {
            "abbrName": null, 
            "eName": "Depictive", 
            "isMapped": false, 
            "cName": null, 
            "isCore": false, 
            "def": "This FE describes a participant of the state of affairs introduced by the target as being in some state during the action. "
        }
    ]
}