{
    "fdInfo": {
        "eName": "Expectation", 
        "cName": "预期", 
        "des": "表示认知者认为某事会在将来发生。"
    }, 
    "frameId": 115, 
    "lexElmt": [
        {
            "word": "承望", 
            "POS": "v"
        }, 
        {
            "word": "谅（～他不会来）", 
            "POS": "v"
        }, 
        {
            "word": "料", 
            "POS": "v"
        }, 
        {
            "word": "料到", 
            "POS": "v"
        }, 
        {
            "word": "料及", 
            "POS": "v"
        }, 
        {
            "word": "料想", 
            "POS": "v"
        }, 
        {
            "word": "料想到", 
            "POS": "v"
        }, 
        {
            "word": "逆料", 
            "POS": "v"
        }, 
        {
            "word": "意想", 
            "POS": "v"
        }, 
        {
            "word": "预测", 
            "POS": "v"
        }, 
        {
            "word": "预计", 
            "POS": "v"
        }, 
        {
            "word": "预见", 
            "POS": "v"
        }, 
        {
            "word": "预料", 
            "POS": "v"
        }, 
        {
            "word": "预期", 
            "POS": "v"
        }, 
        {
            "word": "预言", 
            "POS": "n"
        }, 
        {
            "word": "预言", 
            "POS": "v"
        }, 
        {
            "word": "展望", 
            "POS": "v"
        }
    ], 
    "element": [
        {
            "abbrName": "cog", 
            "eName": "Cognizer", 
            "isMapped": true, 
            "cName": "认知者", 
            "isCore": true, 
            "def": "该元素指认为某现象会在将来发生的人，通常用主语表示。"
        }, 
        {
            "abbrName": "con", 
            "eName": "Content", 
            "isMapped": false, 
            "cName": "内容", 
            "isCore": false, 
            "def": "该元素指认知者大脑中对将来要发生的那个事的预期。"
        }, 
        {
            "abbrName": "degr", 
            "eName": "Degree", 
            "isMapped": true, 
            "cName": "程度", 
            "isCore": false, 
            "def": "事件发生的程度。"
        }, 
        {
            "abbrName": "depic", 
            "eName": "Depictive", 
            "isMapped": true, 
            "cName": "形容", 
            "isCore": false, 
            "def": "描绘行为参与者的描述性短语。"
        }, 
        {
            "abbrName": "evid", 
            "eName": "Evidence", 
            "isMapped": true, 
            "cName": "根据", 
            "isCore": false, 
            "def": "本框架中的词可以带由\"从、根据\"等引导的介词短语，表示认识或想法所依赖的根据。"
        }, 
        {
            "abbrName": "manr", 
            "eName": "Manner", 
            "isMapped": true, 
            "cName": "方式", 
            "isCore": false, 
            "def": "表示目标词所表示的动作行为所处的状态，该元素是一个杂类，用来概括那些无法归入其他更具体的框架元素的语义成分。"
        }, 
        {
            "abbrName": "Phen", 
            "eName": "Phenomenon", 
            "isMapped": false, 
            "cName": null, 
            "isCore": true, 
            "def": "This is what the Cognizer believes will happen in the future. It can be expressed as a Finite Clause Complement, an NP Object, or a VP Complement with or without an NP Object (see General Grammatical Observations): \nPat expects that the Yankees will win the World Series.\nPat expects a big win.\nPat expects the Yankees to win the World Series.\n General Grammatical Observations:  Many of the verbs in this frame allow Raising: Pat expects it to rain. In the example above, the word it is grammatically the Object of the target verb expect, but it does not express an FE. Rather, it is merely construed as the External Argument of the verb rain, which heads the VP Complement of the target. In this situation, both the raised consituent it and the VP Complement are marked with the Phenomenon FE, but are marked as separate constituents. That is because the Object can be passivized and therefore not appear adjacent to the VP Complement: It is expected to rain. "
        }, 
        {
            "abbrName": "pla", 
            "eName": "Place", 
            "isMapped": false, 
            "cName": null, 
            "isCore": false, 
            "def": "The location where the Cognizer foresees the Phenomenon.\n\nEven at the far side of the house I could predict what was going on the kitchen."
        }, 
        {
            "abbrName": "tim", 
            "eName": "Time", 
            "isMapped": false, 
            "cName": null, 
            "isCore": false, 
            "def": "The time when the Cognizer makes the prediction.\n\nShe predicted the outcry several months ago."
        }, 
        {
            "abbrName": "top", 
            "eName": "Topic", 
            "isMapped": false, 
            "cName": null, 
            "isCore": true, 
            "def": "An entity that serves as the focus of a predicted Phenomenon.\n\nPredictions about stock prices are notoriously undependable."
        }, 
        {
            "abbrName": "time2", 
            "eName": "Time_of_phenomenon", 
            "isMapped": false, 
            "cName": null, 
            "isCore": false, 
            "def": "The time that the Cognizer expects the Phenomenon to occur.  Note that it is distinct from simple Time, which is when the Cognizer is actually involved in thinking about the Phenomenon.\n\nAnother arrival is expected this Tuesday ."
        }
    ]
}