{
    "fdInfo": {
        "eName": "Remembering_experience", 
        "cName": "情景记忆", 
        "des": "该框架指认知者记得或忘记过去发生的事情或某个时间、某个地点存在的事物、情景，在表达时，可能是想起一段经历，也可能只提及曾见到的一个事物或去过的一个地方（突出点）。"
    }, 
    "frameId": 18, 
    "lexElmt": [
        {
            "word": "抚今追昔", 
            "POS": "i"
        }, 
        {
            "word": "后顾", 
            "POS": "v"
        }, 
        {
            "word": "回首", 
            "POS": "v"
        }, 
        {
            "word": "记忆犹新", 
            "POS": "i"
        }, 
        {
            "word": "没齿不忘", 
            "POS": "i"
        }, 
        {
            "word": "缅怀", 
            "POS": "v"
        }, 
        {
            "word": "缅想", 
            "POS": "v"
        }, 
        {
            "word": "忘怀", 
            "POS": "v"
        }, 
        {
            "word": "忆", 
            "POS": "v"
        }, 
        {
            "word": "忆苦思甜", 
            "POS": "i"
        }, 
        {
            "word": "重温旧梦", 
            "POS": "i"
        }, 
        {
            "word": "追怀", 
            "POS": "v"
        }, 
        {
            "word": "追想", 
            "POS": "v"
        }, 
        {
            "word": "追忆", 
            "POS": "v"
        }
    ], 
    "element": [
        {
            "abbrName": "cog", 
            "eName": "Cognizer", 
            "isMapped": true, 
            "cName": "认知者", 
            "isCore": true, 
            "def": "对过去的经历进行回忆的那个人。"
        }, 
        {
            "abbrName": "experi", 
            "eName": "Experience", 
            "isMapped": true, 
            "cName": "经历", 
            "isCore": true, 
            "def": "认知者所回忆的事件。"
        }, 
        {
            "abbrName": "sal", 
            "eName": "Salient_entity", 
            "isMapped": true, 
            "cName": "凸显实体", 
            "isCore": true, 
            "def": "认知者回忆的人或实体，这个人或实体所代表的不只是事物本身，而是与之有关的一段经历。"
        }, 
        {
            "abbrName": "depic", 
            "eName": "Depictive", 
            "isMapped": false, 
            "cName": "形容", 
            "isCore": false, 
            "def": "突出点所具有的特征。"
        }, 
        {
            "abbrName": "dur_action", 
            "eName": "Duration_of_action", 
            "isMapped": false, 
            "cName": "动作时量", 
            "isCore": false, 
            "def": "认知者记忆所持续的时间数量。"
        }, 
        {
            "abbrName": "manr", 
            "eName": "Manner", 
            "isMapped": true, 
            "cName": "方式", 
            "isCore": false, 
            "def": "如果一个对事件（或状态）的描述不属于更具体的框架元素时，它就是修饰，包括可能性（大概，也许）、其它通用的比较事件异同的描述（同样），还包括认知者影响认知活动的突出特点（认真地），等等。"
        }, 
        {
            "abbrName": "time", 
            "eName": "Time", 
            "isMapped": true, 
            "cName": "时间", 
            "isCore": false, 
            "def": "认知者回忆的时间。"
        }, 
        {
            "abbrName": "imp", 
            "eName": "Impression", 
            "isMapped": false, 
            "cName": null, 
            "isCore": true, 
            "def": "A property that the Cognizer attributes to the Salient_entity based on their past experience of the Salient_entity or a category to which the Salient_entity is assigned.\n\nI remember Peter as immensely kind in those first three weeks before I was packed off to boarding school."
        }, 
        {
            "abbrName": "sta", 
            "eName": "State", 
            "isMapped": false, 
            "cName": null, 
            "isCore": true, 
            "def": "A property or role that a Salient_entity actually held and which frames the memories that the Cognizer has of the Salient_entity.\n\nAtulprasad is principally remembered as a musician and composer. "
        }, 
        {
            "abbrName": "viv", 
            "eName": "Vividness", 
            "isMapped": false, 
            "cName": null, 
            "isCore": false, 
            "def": "The degree of detail and/or immediacy of  a remembered Experience.\n\nBrian Wooley only dimly remembered the hand falling on his shoulder"
        }, 
        {
            "abbrName": "con", 
            "eName": "Context", 
            "isMapped": false, 
            "cName": null, 
            "isCore": false, 
            "def": "A situation in which the Cognizer encountered the Salient_entity.\n\nShe was just how I remember her from school ."
        }, 
        {
            "abbrName": "dur", 
            "eName": "Duration", 
            "isMapped": false, 
            "cName": null, 
            "isCore": false, 
            "def": "The amount of time for which the Cognizer remembers the experience.\n\n Your generosity and kindness will be long remembered for years to come. "
        }
    ]
}