{
    "fdInfo": {
        "eName": "Choosing", 
        "cName": "挑选", 
        "des": "认知者根据一定的目的从若干候选项中挑选出被选者（或项目或行动的方案）。"
    }, 
    "frameId": 91, 
    "lexElmt": [
        {
            "word": "取", 
            "POS": "v"
        }, 
        {
            "word": "挑", 
            "POS": "v"
        }, 
        {
            "word": "挑选", 
            "POS": "v"
        }, 
        {
            "word": "选", 
            "POS": "v"
        }, 
        {
            "word": "选取", 
            "POS": "v"
        }, 
        {
            "word": "选择", 
            "POS": "n"
        }, 
        {
            "word": "选择", 
            "POS": "v"
        }
    ], 
    "element": [
        {
            "abbrName": "chosen", 
            "eName": "Chosen", 
            "isMapped": true, 
            "cName": "被选", 
            "isCore": true, 
            "def": "被选者即从众多候选项中选出的实体或确定行动的进程。"
        }, 
        {
            "abbrName": "cog", 
            "eName": "Cognizer", 
            "isMapped": true, 
            "cName": "认知者", 
            "isCore": true, 
            "def": "认知者即从众多候选项中选出被选者的人或组织。"
        }, 
        {
            "abbrName": "possib", 
            "eName": "Possibilities", 
            "isMapped": true, 
            "cName": "候选项", 
            "isCore": true, 
            "def": "候选项通常是若干可供选择项的集合，认知者从候选项中进行选择。"
        }, 
        {
            "abbrName": "depic", 
            "eName": "Depictive", 
            "isMapped": true, 
            "cName": "形容", 
            "isCore": false, 
            "def": "在一个选择事件中，形容是对认知者的描述"
        }, 
        {
            "abbrName": "purp", 
            "eName": "Purpose", 
            "isMapped": false, 
            "cName": "目的", 
            "isCore": false, 
            "def": "该框架元素指认知者希望通过挑选特定的被选者来实现的目的。"
        }, 
        {
            "abbrName": "manr", 
            "eName": "Manner", 
            "isMapped": true, 
            "cName": "方式", 
            "isCore": false, 
            "def": "该框架元素描述事件所处的状态，是一个杂类，凡是无法归入其他更加具体的框架元素时，都归入修饰元素；做动词目标词的状语或补语，名词目标词的定语。"
        }, 
        {
            "abbrName": "mns", 
            "eName": "Means", 
            "isMapped": true, 
            "cName": "方法", 
            "isCore": false, 
            "def": "指认知者进行选择的方法。 "
        }, 
        {
            "abbrName": "place", 
            "eName": "Place", 
            "isMapped": true, 
            "cName": "处所", 
            "isCore": false, 
            "def": "指选择行为发生的地点（空间）。"
        }, 
        {
            "abbrName": "rea", 
            "eName": "Reason", 
            "isMapped": false, 
            "cName": "原因", 
            "isCore": false, 
            "def": "指认知者挑选被选者的原因"
        }, 
        {
            "abbrName": "time", 
            "eName": "Time", 
            "isMapped": true, 
            "cName": "时间", 
            "isCore": false, 
            "def": "指认知者挑选被选者的时间。"
        }, 
        {
            "abbrName": "top", 
            "eName": "Topic", 
            "isMapped": true, 
            "cName": "主题", 
            "isCore": false, 
            "def": "关涉出现在这一框架中的情况比较少见，通常只是以名词目标语或介词短语补足语的形式出现。"
        }, 
        {
            "abbrName": "Exp", 
            "eName": "Explanation", 
            "isMapped": false, 
            "cName": null, 
            "isCore": false, 
            "def": "This FE  identifies the Explanation for which the Cognizer chooses the Chosen.\nHe chose her for her beauty."
        }, 
        {
            "abbrName": "L_purp", 
            "eName": "Larger_purpose", 
            "isMapped": false, 
            "cName": null, 
            "isCore": false, 
            "def": "This FE identifies the Larger_purpose for which the Cognizer chooses. It exemplifies what the Cognizer hopes to accomplish by choosing the particular Chosen.\nMr. Smith chose Lord Rollins to be his running mate in order to further irritate all his critics.\n"
        }, 
        {
            "abbrName": "Inh", 
            "eName": "Inherent_purpose", 
            "isMapped": false, 
            "cName": null, 
            "isCore": false, 
            "def": "The Cognizer intends the Chosen to fulfill an Inherent_purpose . Samsonchose  Delilahas a wife. "
        }, 
        {
            "abbrName": "con", 
            "eName": "Contrast", 
            "isMapped": false, 
            "cName": null, 
            "isCore": false, 
            "def": "The hypothetical Chosen that is less desirable for the Cognizer."
        }
    ]
}