{
    "fdInfo": {
        "eName": "Locating", 
        "cName": "定位", 
        "des": "感知者确定目标实体在背景中的位置。这个框架下词元的宾语往往是目标实体或位置。"
    }, 
    "frameId": 344, 
    "lexElmt": [
        {
            "word": "查明", 
            "POS": "v"
        }, 
        {
            "word": "定位", 
            "POS": "v"
        }, 
        {
            "word": "发现", 
            "POS": "v"
        }, 
        {
            "word": "确定", 
            "POS": "v"
        }, 
        {
            "word": "锁定", 
            "POS": "v"
        }, 
        {
            "word": "找出", 
            "POS": "v"
        }, 
        {
            "word": "找到", 
            "POS": "v"
        }, 
        {
            "word": "找回", 
            "POS": "v"
        }
    ], 
    "element": [
        {
            "abbrName": "ground", 
            "eName": "Ground", 
            "isMapped": true, 
            "cName": "背景", 
            "isCore": true, 
            "def": "感知者为了找出目标实体所检查过的实体集。"
        }, 
        {
            "abbrName": "loc", 
            "eName": "Location", 
            "isMapped": true, 
            "cName": "地点", 
            "isCore": true, 
            "def": "目标实体所处的位置。"
        }, 
        {
            "abbrName": "perc", 
            "eName": "Perceiver", 
            "isMapped": true, 
            "cName": "感知者", 
            "isCore": true, 
            "def": "确定目标实体所处位置的人。"
        }, 
        {
            "abbrName": "sou_ent", 
            "eName": "Sought_entity", 
            "isMapped": true, 
            "cName": "目标实体", 
            "isCore": true, 
            "def": "感知者成功定位的实体。"
        }, 
        {
            "abbrName": "time", 
            "eName": "Time", 
            "isMapped": true, 
            "cName": "时间", 
            "isCore": false, 
            "def": "目标实体被定位的时间。"
        }
    ]
}