{
    "fdInfo": {
        "eName": "Process_start", 
        "cName": "过程开始", 
        "des": "事件在某一个确定的时间和空间展开。事件的原因有可能被提及。"
    }, 
    "frameId": 36, 
    "lexElmt": [
        {
            "word": "爆发", 
            "POS": "v"
        }, 
        {
            "word": "发作", 
            "POS": "v"
        }, 
        {
            "word": "开始", 
            "POS": "v"
        }, 
        {
            "word": "肇端", 
            "POS": "n"
        }
    ], 
    "element": [
        {
            "abbrName": "evnt", 
            "eName": "Event", 
            "isMapped": true, 
            "cName": "事件", 
            "isCore": false, 
            "def": "所要发生的事件的名称,该事件也可指因某种原因呈动态变化的事件，如天气、工程、会议、物价等，有别于致动者发出的具体的行为动作；有时该框架元素是分裂"
        }, 
        {
            "abbrName": "depic", 
            "eName": "Depictive", 
            "isMapped": true, 
            "cName": "形容", 
            "isCore": false, 
            "def": "对事件参与者状态的描述。"
        }, 
        {
            "abbrName": "dur_action", 
            "eName": "Duration_of_action", 
            "isMapped": false, 
            "cName": "动作时量", 
            "isCore": false, 
            "def": "动作行为本身持续的时间数量或者动作重复进行所用的时间数量。"
        }, 
        {
            "abbrName": "freq", 
            "eName": "Frequency", 
            "isMapped": true, 
            "cName": "频率", 
            "isCore": false, 
            "def": "表示事件在单位时间内所发生的次数，一般可以用（\"每\"＋时间单位＋\"多少次\"）提问"
        }, 
        {
            "abbrName": "ini_suevt", 
            "eName": "Initial_subevent", 
            "isMapped": true, 
            "cName": "起始亚事件", 
            "isCore": false, 
            "def": "发生在事件发生开端的事件，它从属于事件。事件的发生以起始亚事件为开端。"
        }, 
        {
            "abbrName": "manr", 
            "eName": "Manner", 
            "isMapped": true, 
            "cName": "方式", 
            "isCore": false, 
            "def": "该元素是一个杂类，它们无法归入以上各类非核心元素，笼统归入该元素。注意，修饰元素是对事件本身的描述，而不是对参与者或者话语环境的描述。包括表示主观认识的修饰语（大概，不可思议），表示容易程度的词语（容易、难以），等等"
        }, 
        {
            "abbrName": "place", 
            "eName": "Place", 
            "isMapped": true, 
            "cName": "处所", 
            "isCore": false, 
            "def": "事件、状态发生的空间、场所"
        }, 
        {
            "abbrName": "rea", 
            "eName": "Reason", 
            "isMapped": false, 
            "cName": "原因", 
            "isCore": false, 
            "def": "表示引起目标动词所表示的动作行为和性质状态的原因。"
        }, 
        {
            "abbrName": "result", 
            "eName": "Result", 
            "isMapped": true, 
            "cName": "结果", 
            "isCore": false, 
            "def": "事件的结果。"
        }, 
        {
            "abbrName": "time", 
            "eName": "Time", 
            "isMapped": true, 
            "cName": "时间", 
            "isCore": false, 
            "def": "事件发生的时间。"
        }, 
        {
            "abbrName": "Exp", 
            "eName": "Explanation", 
            "isMapped": false, 
            "cName": null, 
            "isCore": false, 
            "def": "The Explanation for which an Event occurs."
        }, 
        {
            "abbrName": "Dur", 
            "eName": "Duration", 
            "isMapped": false, 
            "cName": null, 
            "isCore": false, 
            "def": "The period of time for which the Process is ongoing after it has started.\n\nIn three instances, violence erupted for brief periods."
        }
    ]
}