{
    "fdInfo": {
        "eName": "Attack", 
        "cName": "攻击", 
        "des": "攻击者对受害者（通常为感事，但并不一定总为感事）发起身体性攻击，造成或有意造成对受害者的身体伤害。除了通常所涉及到的处所、时间、目的、原因等，攻击者使用的武器也可能被提及。有时地点被用于转喻攻击者或受害者，在这种情况下处所框架元素会进行双层标注。"
    }, 
    "frameId": 505, 
    "lexElmt": [
        {
            "word": "伏击", 
            "POS": "v"
        }, 
        {
            "word": "攻击", 
            "POS": "v"
        }, 
        {
            "word": "攻占", 
            "POS": "v"
        }, 
        {
            "word": "轰炸", 
            "POS": "v"
        }, 
        {
            "word": "进攻", 
            "POS": "v"
        }, 
        {
            "word": "开火", 
            "POS": "v"
        }, 
        {
            "word": "空袭", 
            "POS": "v"
        }, 
        {
            "word": "炮击", 
            "POS": "v"
        }, 
        {
            "word": "炮击", 
            "POS": "v"
        }, 
        {
            "word": "侵袭", 
            "POS": "v"
        }, 
        {
            "word": "偷袭", 
            "POS": "v"
        }, 
        {
            "word": "投弹", 
            "POS": "v"
        }, 
        {
            "word": "袭击", 
            "POS": "v"
        }
    ], 
    "element": [
        {
            "abbrName": "circ", 
            "eName": "Circumstances", 
            "isMapped": true, 
            "cName": "环境条件", 
            "isCore": false, 
            "def": "环境条件是指明显独立于事件本身和事件参与者（在特定的时间和地点）的环境状态"
        }, 
        {
            "abbrName": "contain_even", 
            "eName": "Containing_event", 
            "isMapped": true, 
            "cName": "背景事件", 
            "isCore": false, 
            "def": "该框架元素是指某时间段内发生的某个事件或持续的某种事态，该事件或事态包含由目标词所指的事件或事态，或者说目标词所指的事件或事态是该框架元素所指的事件或事态的一部分。"
        }, 
        {
            "abbrName": "depic", 
            "eName": "Depictive", 
            "isMapped": true, 
            "cName": "形容", 
            "isCore": false, 
            "def": "形容指的是所有用于描述攻击者或受害者在攻击发生时状态的语句。"
        }, 
        {
            "abbrName": "dir", 
            "eName": "Direction", 
            "isMapped": true, 
            "cName": "方向", 
            "isCore": false, 
            "def": "该框架元素用于描述从指示中心沿着一条线朝某参考点（可能是隐含的)的运动，该参考点既不是移动的终点也不是沿途的地标。?"
        }, 
        {
            "abbrName": "dura", 
            "eName": "Duration", 
            "isMapped": true, 
            "cName": "时量", 
            "isCore": false, 
            "def": "进攻持续的时间长度。"
        }, 
        {
            "abbrName": "eve_desc", 
            "eName": "Event_description", 
            "isMapped": true, 
            "cName": "事件评价", 
            "isCore": false, 
            "def": "该框架元素通常指的是那些从整体角度描述目标词所在从句的语句。有两种明显不同的句子型修饰语子群来指这个功能。"
        }, 
        {
            "abbrName": "expla", 
            "eName": "Explanation", 
            "isMapped": true, 
            "cName": "解释", 
            "isCore": false, 
            "def": "致使攻击者向受害者进行攻击的事态。"
        }, 
        {
            "abbrName": "freq", 
            "eName": "Frequency", 
            "isMapped": true, 
            "cName": "频率", 
            "isCore": false, 
            "def": "某段时间内攻击发生的数量（或对数量的描述）。"
        }, 
        {
            "abbrName": "iter", 
            "eName": "Iteration", 
            "isMapped": false, 
            "cName": "次数", 
            "isCore": false, 
            "def": "该框架元素表达（从句中目标词的）事件或事态类型已发生或持续的次数。语言形式通常为：一次、两次、基数＋倍数/许多/很多等。"
        }, 
        {
            "abbrName": "manr", 
            "eName": "Manner", 
            "isMapped": true, 
            "cName": "方式", 
            "isCore": false, 
            "def": "指未归入其他具体框架元素的对事件的描述，包括认知修饰词（大概，或许，不可思议地），力度（坚硬地，柔软地），修饰语（安静地，大声地），以及对比较事件的一般性描述（以相同的方式）。此外，它还可以表示攻击者影响行为的显著的特征（自以为是地，冷淡地，故意地、渴望地、仔细地）。"
        }, 
        {
            "abbrName": "mns", 
            "eName": "Means", 
            "isMapped": true, 
            "cName": "方法", 
            "isCore": false, 
            "def": "攻击者为完成攻击所采取的有意的行动。"
        }, 
        {
            "abbrName": "part_iter", 
            "eName": "Particulariteration", 
            "isMapped": true, 
            "cName": "特定次数", 
            "isCore": false, 
            "def": "标记为这一外部题元框架元素的表达是用来修饰目标词的非重复使用，并表明该目标词被认为是隐含在相似事件或状态的重复系列之中的，此外，大部分特定次数的表达方式表明其只是所指的系列事件中的某一个实例。"
        }, 
        {
            "abbrName": "path", 
            "eName": "Path", 
            "isMapped": true, 
            "cName": "路径", 
            "isCore": false, 
            "def": "路径指的是攻击者攻击时行进的路线或（部分）区域。"
        }, 
        {
            "abbrName": "place", 
            "eName": "Place", 
            "isMapped": true, 
            "cName": "处所", 
            "isCore": false, 
            "def": "攻击者攻击受害者的地点。"
        }, 
        {
            "abbrName": "purp", 
            "eName": "Purpose", 
            "isMapped": true, 
            "cName": "目的", 
            "isCore": false, 
            "def": "攻击者攻击受害者的目的。"
        }, 
        {
            "abbrName": "re_enc", 
            "eName": "Re_encoding", 
            "isMapped": false, 
            "cName": "重编码词", 
            "isCore": false, 
            "def": "该框架元素将当前的框架作为另一个框架中更大的概念中的不可或缺的部分，目标词的框架通常是(但未必就是)重编码词所表达框架中的“方法”行为。"
        }, 
        {
            "abbrName": "result", 
            "eName": "Result", 
            "isMapped": true, 
            "cName": "结果", 
            "isCore": false, 
            "def": "攻击者对受害者的进行攻击的结果。"
        }, 
        {
            "abbrName": "src", 
            "eName": "Source", 
            "isMapped": true, 
            "cName": "起点", 
            "isCore": false, 
            "def": "在进攻中当攻击者和攻击者投射物向受害者所占据的处所行进的起点。攻击者在介词短语中，介词宾语表示动作的起点。凭借虚词（介词），运动的起点可从上下文获知。"
        }, 
        {
            "abbrName": "time", 
            "eName": "Time", 
            "isMapped": true, 
            "cName": "时间", 
            "isCore": false, 
            "def": "攻击者攻击受害者的时间。"
        }, 
        {
            "abbrName": "weapon", 
            "eName": "Weapon", 
            "isMapped": true, 
            "cName": "武器", 
            "isCore": false, 
            "def": "攻击者导致受害者受到伤害所使用的实体。"
        }, 
        {
            "abbrName": "Vic", 
            "eName": "Victim", 
            "isMapped": false, 
            "cName": null, 
            "isCore": true, 
            "def": "This FE is the being or entity that is injured by the Assailant's attack.\nThe mysterious fighter attacked the guardsmen with a sabre."
        }, 
        {
            "abbrName": "Asl", 
            "eName": "Assailant", 
            "isMapped": false, 
            "cName": null, 
            "isCore": true, 
            "def": "The person (or other self-directed entity) that is attempting physical harm to the Victim.\nThe mysterious fighter attacked the guardsmen with a sabre."
        }, 
        {
            "abbrName": "re-e", 
            "eName": "Re-encoding", 
            "isMapped": false, 
            "cName": null, 
            "isCore": false, 
            "def": "This FE presents the current frame as an integral part of a larger conceptualization expressed by another frame. The frame expressed by the target typically corresponds to a Means action within the frame expressed by the Re-encoding, but not necessarily. "
        }, 
        {
            "abbrName": "Ite", 
            "eName": "Iterations", 
            "isMapped": false, 
            "cName": null, 
            "isCore": false, 
            "def": "The frame element Iterations is used for expressions that indicate the number of times an event or state (of the kind denoted by the target in its clause) has taken place or held.\nForm: once, twice, Cardinal expression + /it times, /it lots/a lot "
        }
    ]
}