{
    "fdInfo": {
        "eName": "Compliance", 
        "cName": "依从", 
        "des": "这个框架描述的是主体所负责的行动或事态是否符合规则或规范。"
    }, 
    "frameId": 210, 
    "lexElmt": [
        {
            "word": "抵触", 
            "POS": "v"
        }, 
        {
            "word": "妨碍", 
            "POS": "v"
        }, 
        {
            "word": "服从", 
            "POS": "v"
        }, 
        {
            "word": "符合", 
            "POS": "v"
        }, 
        {
            "word": "干扰", 
            "POS": "v"
        }, 
        {
            "word": "冒犯", 
            "POS": "v"
        }, 
        {
            "word": "破坏", 
            "POS": "v"
        }, 
        {
            "word": "侵犯", 
            "POS": "v"
        }, 
        {
            "word": "顺从", 
            "POS": "v"
        }, 
        {
            "word": "违拗", 
            "POS": "v"
        }, 
        {
            "word": "违背", 
            "POS": "v"
        }, 
        {
            "word": "违法", 
            "POS": "v"
        }, 
        {
            "word": "违反", 
            "POS": "v"
        }, 
        {
            "word": "违犯", 
            "POS": "v"
        }, 
        {
            "word": "违规", 
            "POS": "v"
        }, 
        {
            "word": "违纪", 
            "POS": "v"
        }, 
        {
            "word": "违禁", 
            "POS": "v"
        }, 
        {
            "word": "违抗", 
            "POS": "v"
        }, 
        {
            "word": "违例", 
            "POS": "v"
        }, 
        {
            "word": "违令", 
            "POS": "v"
        }, 
        {
            "word": "违逆", 
            "POS": "v"
        }, 
        {
            "word": "违宪", 
            "POS": "v"
        }, 
        {
            "word": "违心", 
            "POS": "v"
        }, 
        {
            "word": "违约", 
            "POS": "v"
        }, 
        {
            "word": "违章", 
            "POS": "v"
        }, 
        {
            "word": "维持", 
            "POS": "v"
        }, 
        {
            "word": "亵渎", 
            "POS": "v"
        }, 
        {
            "word": "依从", 
            "POS": "v"
        }, 
        {
            "word": "遵守", 
            "POS": "v"
        }, 
        {
            "word": "遵循", 
            "POS": "v"
        }
    ], 
    "element": [
        {
            "abbrName": "act", 
            "eName": "Act", 
            "isMapped": true, 
            "cName": "行为", 
            "isCore": true, 
            "def": "被判定是否遵守规范的行为事件。"
        }, 
        {
            "abbrName": "norm", 
            "eName": "Norm", 
            "isMapped": true, 
            "cName": "规范", 
            "isCore": true, 
            "def": "这个框架描述的是应该引导个人行为的准则或规范。"
        }, 
        {
            "abbrName": "prot", 
            "eName": "Protagonist", 
            "isMapped": true, 
            "cName": "主体", 
            "isCore": true, 
            "def": "行动是否遵守规范的个体。"
        }, 
        {
            "abbrName": "soa", 
            "eName": "State_of_affairs", 
            "isMapped": true, 
            "cName": "事态", 
            "isCore": true, 
            "def": "违反或遵守规范的情势。"
        }, 
        {
            "abbrName": "degr", 
            "eName": "Degree", 
            "isMapped": true, 
            "cName": "程度", 
            "isCore": false, 
            "def": "该框架描述的主体对规范的遵守程度。"
        }, 
        {
            "abbrName": "depic", 
            "eName": "Depictive", 
            "isMapped": true, 
            "cName": "形容", 
            "isCore": false, 
            "def": "描述事件参与者或经历者的短语。"
        }, 
        {
            "abbrName": "manr", 
            "eName": "Manner", 
            "isMapped": true, 
            "cName": "方式", 
            "isCore": false, 
            "def": "该框架描述依从事件的状态。"
        }, 
        {
            "abbrName": "judge", 
            "eName": "Judge", 
            "isMapped": true, 
            "cName": "判断者", 
            "isCore": false, 
            "def": "判断行动或事态是否符合规范的人。"
        }, 
        {
            "abbrName": "mns", 
            "eName": "Means", 
            "isMapped": true, 
            "cName": "方法", 
            "isCore": false, 
            "def": "主体遵守或违反规范的方式、手段。"
        }, 
        {
            "abbrName": "rea", 
            "eName": "Reason", 
            "isMapped": false, 
            "cName": "原因", 
            "isCore": false, 
            "def": "遵守或违反规范的原因。"
        }, 
        {
            "abbrName": "result", 
            "eName": "Result", 
            "isMapped": true, 
            "cName": "结果", 
            "isCore": false, 
            "def": "遵守或违反事件的结果。"
        }, 
        {
            "abbrName": "time", 
            "eName": "Time", 
            "isMapped": true, 
            "cName": "时间", 
            "isCore": false, 
            "def": "遵守或违反行为发生的时间。"
        }, 
        {
            "abbrName": "exp", 
            "eName": "Explanation", 
            "isMapped": false, 
            "cName": null, 
            "isCore": false, 
            "def": "The Explanation for complying with the Norm.\nHe submitted to the will of the king because he had no other choice."
        }
    ]
}