{
    "fdInfo": {
        "eName": "Judicial_body", 
        "cName": "司法机关", 
        "des": "具体应用法律处理案件的专门机关，在我国司法机关包括法院和检察院。"
    }, 
    "frameId": 251, 
    "lexElmt": [
        {
            "word": "法庭", 
            "POS": "n"
        }, 
        {
            "word": "司法部", 
            "POS": "n"
        }, 
        {
            "word": "司法的", 
            "POS": "a"
        }, 
        {
            "word": "特等法庭", 
            "POS": "n"
        }
    ], 
    "element": [
        {
            "abbrName": "dom", 
            "eName": "Domain", 
            "isMapped": true, 
            "cName": "领域", 
            "isCore": true, 
            "def": "司法机关处理案件的范围，通过处理案件影响社会生活。"
        }, 
        {
            "abbrName": "judi_body", 
            "eName": "Judicial_body", 
            "isMapped": true, 
            "cName": "司法机构", 
            "isCore": true, 
            "def": "具体应用法律处理案件的机关，在我国包括法院和检察院。"
        }, 
        {
            "abbrName": "jurisd", 
            "eName": "Jurisdiction", 
            "isMapped": true, 
            "cName": "司法权限", 
            "isCore": true, 
            "def": "司法机关对案件的管辖范围。"
        }, 
        {
            "abbrName": "task", 
            "eName": "Task", 
            "isMapped": true, 
            "cName": "任务", 
            "isCore": true, 
            "def": "司法机关处理案件的任务，通过处理案件打击犯罪，确定社会纷争，维护社会稳定。"
        }, 
        {
            "abbrName": "rnk", 
            "eName": "Rank", 
            "isMapped": true, 
            "cName": "级别", 
            "isCore": false, 
            "def": "司法机关内部的级别划分。在我国法院系统分为四级，分别为最高人民法院，高级人民法院、中级人民法院和基层人民法院，与其相对应设置检察院。"
        }, 
        {
            "abbrName": "seat", 
            "eName": "Seat", 
            "isMapped": true, 
            "cName": "所在地", 
            "isCore": false, 
            "def": "司法机关所在地。"
        }, 
        {
            "abbrName": "sou", 
            "eName": "Source_of_authority", 
            "isMapped": true, 
            "cName": "权力来源", 
            "isCore": false, 
            "def": "司法机关所拥有的司法权的来源，在我国一切权力属于人民，人民通过人民人表大会的方式行使权力，法院和检察院需要向同级人民代表大会负责。"
        }, 
        {
            "abbrName": "mem", 
            "eName": "Judges", 
            "isMapped": false, 
            "cName": null, 
            "isCore": false, 
            "def": "The individuals that make up the Judicial_body.\n\nI will not be heard before a court of 50-year-old white men!"
        }, 
        {
            "abbrName": null, 
            "eName": "Place", 
            "isMapped": false, 
            "cName": null, 
            "isCore": false, 
            "def": "The place where the Judicial_body is located."
        }
    ]
}