{
    "fdInfo": {
        "eName": "Activity_pause", 
        "cName": "行动相对中止", 
        "des": "致动者的行为活动暂时停下来。"
    }, 
    "frameId": 103, 
    "lexElmt": [
        {
            "word": "冻结", 
            "POS": "v"
        }, 
        {
            "word": "暂停", 
            "POS": "v"
        }, 
        {
            "word": "中止", 
            "POS": "v"
        }
    ], 
    "element": [
        {
            "abbrName": "activity", 
            "eName": "Activity", 
            "isMapped": true, 
            "cName": "行为", 
            "isCore": true, 
            "def": "指致动者暂时停止的行为。"
        }, 
        {
            "abbrName": "agt", 
            "eName": "Agent", 
            "isMapped": true, 
            "cName": "施动者", 
            "isCore": true, 
            "def": "在行为活动中停下来的人或机构。"
        }, 
        {
            "abbrName": "compl", 
            "eName": "Completeness", 
            "isMapped": true, 
            "cName": "完整性", 
            "isCore": false, 
            "def": "表示致动者在多大程度上停止了行为活动。 "
        }, 
        {
            "abbrName": "depic", 
            "eName": "Depictive", 
            "isMapped": true, 
            "cName": "形容", 
            "isCore": false, 
            "def": "该元素在句法上从属于目标词，做状语/定语/补语，但在语义上描写的却是事件的参与者，表示参与者在事件过程中所处的状态。"
        }, 
        {
            "abbrName": "dur_fin_st", 
            "eName": "Duration_of_final_state", 
            "isMapped": false, 
            "cName": "结果时量", 
            "isCore": false, 
            "def": "动作行为造成的结果状态所持续的时间长度。\t"
        }, 
        {
            "abbrName": "eve_desc", 
            "eName": "Event_description", 
            "isMapped": true, 
            "cName": "事件评价", 
            "isCore": false, 
            "def": "对整个句子所描述的事件进行评价，一种情况是，表示说话者对于事件，感到在意料之中还是意料之外，或者表示对情况的推测和估计（看来，看起来，想来，看样子，说不定），或者表示肯定、强调等特定的口气（毫无疑问，没问题，不用说，不可否认，说真的，说实在的，老实说，不错，当然）。有时做独立成分，插入语等，有时做状语。"
        }, 
        {
            "abbrName": "expla", 
            "eName": "Explanation", 
            "isMapped": true, 
            "cName": "解释", 
            "isCore": false, 
            "def": "解释影响行为的方式的因素。"
        }, 
        {
            "abbrName": "depend", 
            "eName": "Depend", 
            "isMapped": false, 
            "cName": "依据", 
            "isCore": false, 
            "def": "动作行为所依从的标准、前提或基础。依据的所指往往是计划、条例、准则、法则、样式、指示、命令、要求、条约、精神、文件、意见、规程、提纲、菜谱、证明、证件等，多数是抽象的事物，跟工具和材料相比，其抽象性更加明显。与工具和材料相比，动作所依据的事物并不参与动作行为，是外在的。"
        }, 
        {
            "abbrName": "manr", 
            "eName": "Manner", 
            "isMapped": true, 
            "cName": "方式", 
            "isCore": false, 
            "def": "该元素是一个杂类，它们无法归入以上各类非核心元素，笼统归入该元素。注意，修饰元素是对事件本身的描述，而不是对参与者或者话语环境的描述。包括表示主观认识的修饰语（大概，不可思议），表示容易程度的词语（容易、难以），等等。"
        }, 
        {
            "abbrName": "mns", 
            "eName": "Means", 
            "isMapped": true, 
            "cName": "方法", 
            "isCore": false, 
            "def": "致动者中止行为的方式。"
        }, 
        {
            "abbrName": "cause", 
            "eName": "Cause", 
            "isMapped": false, 
            "cName": "致因", 
            "isCore": false, 
            "def": "导致行为中止的原因。"
        }, 
        {
            "abbrName": "place", 
            "eName": "Place", 
            "isMapped": true, 
            "cName": "处所", 
            "isCore": false, 
            "def": "行为暂停时致动者的位置。"
        }, 
        {
            "abbrName": "purp", 
            "eName": "Purpose", 
            "isMapped": true, 
            "cName": "目的", 
            "isCore": false, 
            "def": "致动者暂停行为的目的。"
        }, 
        {
            "abbrName": "time", 
            "eName": "Time", 
            "isMapped": true, 
            "cName": "时间", 
            "isCore": false, 
            "def": "暂停行为发生的时间。"
        }, 
        {
            "abbrName": "dur", 
            "eName": "Duration", 
            "isMapped": false, 
            "cName": null, 
            "isCore": false, 
            "def": "The length of time of the pause in the Activity."
        }, 
        {
            "abbrName": "leg", 
            "eName": "Legal_basis", 
            "isMapped": false, 
            "cName": null, 
            "isCore": false, 
            "def": "This FE describes the legal basis or precedent by which the Agent pauses the Activity.\n\nThe negotiations have been frozen under the Act of 2004."
        }
    ]
}