{
    "fdInfo": {
        "eName": "Activity_stop", 
        "cName": "行为绝对终止", 
        "des": "致动者未完成某一行为就将其终止。"
    }, 
    "frameId": 105, 
    "lexElmt": [
        {
            "word": "放弃", 
            "POS": "v"
        }, 
        {
            "word": "结束", 
            "POS": "v"
        }, 
        {
            "word": "停", 
            "POS": "v"
        }, 
        {
            "word": "停止", 
            "POS": "v"
        }, 
        {
            "word": "终结", 
            "POS": "v"
        }, 
        {
            "word": "终止", 
            "POS": "v"
        }
    ], 
    "element": [
        {
            "abbrName": "activity", 
            "eName": "Activity", 
            "isMapped": true, 
            "cName": "行为", 
            "isCore": false, 
            "def": "这个框架元素指致动者停止的行为"
        }, 
        {
            "abbrName": "agt", 
            "eName": "Agent", 
            "isMapped": true, 
            "cName": "施动者", 
            "isCore": true, 
            "def": "这个框架元素指停止行为的有意识的人。"
        }, 
        {
            "abbrName": "ent", 
            "eName": "Entity", 
            "isMapped": false, 
            "cName": "实体", 
            "isCore": false, 
            "def": "停止行为的无意识的事件或实体。"
        }, 
        {
            "abbrName": "depic", 
            "eName": "Depictive", 
            "isMapped": true, 
            "cName": "形容", 
            "isCore": false, 
            "def": "该框架元素指描述动作行为者或经历者的描述性的短语。"
        }, 
        {
            "abbrName": "dur_action", 
            "eName": "Duration_of_action", 
            "isMapped": false, 
            "cName": "动作时量", 
            "isCore": false, 
            "def": "这个框架元素指表现某一行为停止的时间长短。"
        }, 
        {
            "abbrName": "manr", 
            "eName": "Manner", 
            "isMapped": true, 
            "cName": "方式", 
            "isCore": false, 
            "def": "这个框架元素指致动者停止行为的表现形式。"
        }, 
        {
            "abbrName": "mns", 
            "eName": "Means", 
            "isMapped": true, 
            "cName": "方法", 
            "isCore": false, 
            "def": "这个框架元素指致动者停止行为所凭借的方法。"
        }, 
        {
            "abbrName": "place", 
            "eName": "Place", 
            "isMapped": true, 
            "cName": "处所", 
            "isCore": false, 
            "def": "这个框架元素指致动者停止行为的地点。"
        }, 
        {
            "abbrName": "purp", 
            "eName": "Purpose", 
            "isMapped": true, 
            "cName": "目的", 
            "isCore": false, 
            "def": "这个框架元素指致动者停止行为的目的。"
        }, 
        {
            "abbrName": "result", 
            "eName": "Result", 
            "isMapped": true, 
            "cName": "结果", 
            "isCore": false, 
            "def": "这个框架元素指所停止的行为的结果。"
        }, 
        {
            "abbrName": "subv", 
            "eName": "Subevent", 
            "isMapped": false, 
            "cName": "亚事件", 
            "isCore": false, 
            "def": "这个框架元素指所停止行为最终的亚事件。"
        }, 
        {
            "abbrName": "time", 
            "eName": "Time", 
            "isMapped": true, 
            "cName": "时间", 
            "isCore": false, 
            "def": "这个框架元素指致动者停止行为的时间。"
        }, 
        {
            "abbrName": "Dur", 
            "eName": "Duration", 
            "isMapped": false, 
            "cName": null, 
            "isCore": false, 
            "def": "This FE identifies the length of Time during which the Activity is stopped."
        }, 
        {
            "abbrName": "Co-t", 
            "eName": "Co-timed_event", 
            "isMapped": false, 
            "cName": null, 
            "isCore": false, 
            "def": "This FE identifies the last Co-timed_event of the stopped Activity.\nWith the arrival of the bishop, everyone stopped working."
        }, 
        {
            "abbrName": "Deg", 
            "eName": "Degree", 
            "isMapped": false, 
            "cName": null, 
            "isCore": false, 
            "def": "This FE describes the completeness of stopping.  "
        }, 
        {
            "abbrName": "Fre", 
            "eName": "Frequency", 
            "isMapped": false, 
            "cName": null, 
            "isCore": false, 
            "def": "This frame element is defined as the number of times an event occurs per some unit of time. A Frequency expression answers the question how often. It is to be distinguished from Iteration, which pertains simply to the number of times an event occurs-Iteration expressions answer the question how many times. "
        }, 
        {
            "abbrName": "Con", 
            "eName": "Containing_event", 
            "isMapped": false, 
            "cName": null, 
            "isCore": false, 
            "def": "This FE denotes an event that occurs or state of affairs that holds at a time that includes the time during which the event or state of affairs reported by the target occurs and of which it is taken to be a part."
        }, 
        {
            "abbrName": "Cir", 
            "eName": "Circumstances", 
            "isMapped": false, 
            "cName": null, 
            "isCore": false, 
            "def": "Circumstances describe the state of the world (at a particular time and place) which is specifically independent of the event itself and any of its participants. "
        }, 
        {
            "abbrName": "re-e", 
            "eName": "Re-encoding", 
            "isMapped": false, 
            "cName": null, 
            "isCore": false, 
            "def": "This FE presents the current frame as an integral part of a larger conceptualization expressed by another frame. "
        }, 
        {
            "abbrName": "Exp", 
            "eName": "Explanation", 
            "isMapped": false, 
            "cName": null, 
            "isCore": false, 
            "def": "The reason the Agent stops the Activity. "
        }, 
        {
            "abbrName": "Eve", 
            "eName": "Event_description", 
            "isMapped": false, 
            "cName": null, 
            "isCore": false, 
            "def": "n general, this FE is used for phrases that describe the clause of the target as a whole. "
        }, 
        {
            "abbrName": "Par", 
            "eName": "Particular_iteration", 
            "isMapped": false, 
            "cName": null, 
            "isCore": false, 
            "def": "Expressions marked with this extra-thematic FE modify a non-iterative use of the target, and indicate that it is conceived as embedded within an iterated series of similar events or states. "
        }
    ]
}