{
    "fdInfo": {
        "eName": "Activity_done_state", 
        "cName": "行为完成状态", 
        "des": "致动者完成某一行为。"
    }, 
    "frameId": 102, 
    "lexElmt": [
        {
            "word": "从头至尾的", 
            "POS": "a"
        }, 
        {
            "word": "停当", 
            "POS": "a"
        }, 
        {
            "word": "停妥", 
            "POS": "a"
        }, 
        {
            "word": "妥当", 
            "POS": "a"
        }, 
        {
            "word": "完成的", 
            "POS": "a"
        }, 
        {
            "word": "圆满", 
            "POS": "a"
        }
    ], 
    "element": [
        {
            "abbrName": "activity", 
            "eName": "Activity", 
            "isMapped": true, 
            "cName": "行为", 
            "isCore": true, 
            "def": "致动者所参与的行为。"
        }, 
        {
            "abbrName": "agt", 
            "eName": "Agent", 
            "isMapped": true, 
            "cName": "施动者", 
            "isCore": true, 
            "def": "处于行为完成状态下的致动者。"
        }, 
        {
            "abbrName": "state", 
            "eName": "State", 
            "isMapped": false, 
            "cName": "状态", 
            "isCore": false, 
            "def": "表现行为的状态。"
        }, 
        {
            "abbrName": null, 
            "eName": "Time", 
            "isMapped": false, 
            "cName": null, 
            "isCore": false, 
            "def": "The point at which the Agent is done with the Activity."
        }, 
        {
            "abbrName": "pla", 
            "eName": "Place", 
            "isMapped": false, 
            "cName": null, 
            "isCore": false, 
            "def": "The location where the Agent finishes the Activity."
        }
    ]
}