{
    "fdInfo": {
        "eName": "Visit_host_arrival", 
        "cName": "拜访_东道主_到访", 
        "des": "访客到达待客场所来拜访东道主。"
    }, 
    "frameId": 313, 
    "lexElmt": [], 
    "element": [
        {
            "abbrName": "host", 
            "eName": "Host", 
            "isMapped": true, 
            "cName": "东道主", 
            "isCore": true, 
            "def": "东道主把访客当宾客一样欢迎。与东道主及其相关的场所正是访客拜访的目的地。\n"
        }, 
        {
            "abbrName": "hos_loc", 
            "eName": "Host_location", 
            "isMapped": true, 
            "cName": "待客场所", 
            "isCore": true, 
            "def": "待客场所是与东道主相关的一处场所，且一般是东道主的居住场所或工作场所。"
        }, 
        {
            "abbrName": "vis", 
            "eName": "Visitor", 
            "isMapped": true, 
            "cName": "访客", 
            "isCore": true, 
            "def": "访客前往东道主那里。"
        }, 
        {
            "abbrName": "manr", 
            "eName": "Manner", 
            "isMapped": true, 
            "cName": "方式", 
            "isCore": false, 
            "def": "方式描述的是与运动轨迹并不直接相关的运动属性。对于速度，姿态，稳定性，运动方式及其他相关运动属性的描述都可以认为是方式。"
        }, 
        {
            "abbrName": "mns", 
            "eName": "Means", 
            "isMapped": true, 
            "cName": "方法", 
            "isCore": false, 
            "def": "该框架元素表达的是访客抵达目的地所使用的方法。\n"
        }, 
        {
            "abbrName": "mot", 
            "eName": "Mode_of_transportation", 
            "isMapped": true, 
            "cName": "移动模式", 
            "isCore": false, 
            "def": "出行方式这个框架元素能表达出作用于访客的运动模式，即通过访客的身体或所乘坐交通工具而实现传送。交通工具可以以任何方式在任何介质中运动。这个框架元素往往会以“用”或“在”所构成的介词短语出现。"
        }, 
        {
            "abbrName": "nor_loc", 
            "eName": "Normal_location", 
            "isMapped": true, 
            "cName": "常住地", 
            "isCore": false, 
            "def": "常住地这个框架元素能暗示出运动的确切起点。在本框架中，表达该框架元素的用语有出现的可能性，但整体而言出现频率还是相对低一点。如果表达该框架元素的用语出现了， 它通常描述的是访客出发后远离的大致方向，而不是出发后远离的地面标志物。。"
        }, 
        {
            "abbrName": "path", 
            "eName": "Path", 
            "isMapped": true, 
            "cName": "路径", 
            "isCore": false, 
            "def": "路径这个框架元素描述的既不是常住地也不是待客场所而是运动轨迹。在本框架中，路径这个框架元素几乎总是有一种“途经”的意思。"
        }, 
        {
            "abbrName": "place", 
            "eName": "Place", 
            "isMapped": true, 
            "cName": "处所", 
            "isCore": false, 
            "def": "拜访到达的空间场所。"
        }, 
        {
            "abbrName": "purp", 
            "eName": "Purpose", 
            "isMapped": true, 
            "cName": "目的", 
            "isCore": false, 
            "def": "这个框架元素描述的是访客拜访东道主或到达待客场所的目的。"
        }, 
        {
            "abbrName": "time", 
            "eName": "Time", 
            "isMapped": true, 
            "cName": "时间", 
            "isCore": false, 
            "def": "该框架元素描述的是拜访抵达的时间。"
        }
    ]
}